/*
 Navicat Premium Data Transfer

 Source Server         : localhost
 Source Server Type    : MySQL
 Source Server Version : 80024
 Source Host           : localhost:3306
 Source Schema         : ry-vue-cj

 Target Server Type    : MySQL
 Target Server Version : 80024
 File Encoding         : 65001

 Date: 12/02/2022 22:28:19
*/

SET NAMES utf8mb4;
SET FOREIGN_KEY_CHECKS = 0;

-- ----------------------------
-- Table structure for cj_emp
-- ----------------------------
DROP TABLE IF EXISTS `cj_emp`;
CREATE TABLE `cj_emp`  (
  `id` int(0) NOT NULL AUTO_INCREMENT COMMENT 'id',
  `emp_no` varchar(10) CHARACTER SET utf8mb4 COLLATE utf8mb4_0900_ai_ci NOT NULL COMMENT '员工编号',
  `name` varchar(20) CHARACTER SET utf8mb4 COLLATE utf8mb4_0900_ai_ci NOT NULL COMMENT '员工姓名',
  `phone` varchar(20) CHARACTER SET utf8mb4 COLLATE utf8mb4_0900_ai_ci NULL DEFAULT NULL COMMENT '电话号码',
  `weighting` int(0) NOT NULL DEFAULT 0 COMMENT '权重',
  PRIMARY KEY (`id`) USING BTREE
) ENGINE = InnoDB AUTO_INCREMENT = 9 CHARACTER SET = utf8mb4 COLLATE = utf8mb4_0900_ai_ci COMMENT = '员工表' ROW_FORMAT = Dynamic;

-- ----------------------------
-- Records of cj_emp
-- ----------------------------
INSERT INTO `cj_emp` VALUES (1, '1', '1', '1', 1);
INSERT INTO `cj_emp` VALUES (2, '2', '2', '2', 0);
INSERT INTO `cj_emp` VALUES (3, '3', '3', '3', 0);
INSERT INTO `cj_emp` VALUES (4, '4', '4', '4', 0);
INSERT INTO `cj_emp` VALUES (8, '001', 'ok', '', 0);

-- ----------------------------
-- Table structure for cj_emp_prize
-- ----------------------------
DROP TABLE IF EXISTS `cj_emp_prize`;
CREATE TABLE `cj_emp_prize`  (
  `id` int(0) NOT NULL AUTO_INCREMENT COMMENT 'id',
  `emp_id` int(0) NOT NULL COMMENT '员工id',
  `prize_id` int(0) NOT NULL COMMENT '奖品id',
  PRIMARY KEY (`id`) USING BTREE
) ENGINE = InnoDB AUTO_INCREMENT = 33 CHARACTER SET = utf8mb4 COLLATE = utf8mb4_0900_ai_ci COMMENT = '员工中奖中间表' ROW_FORMAT = Dynamic;

-- ----------------------------
-- Records of cj_emp_prize
-- ----------------------------
INSERT INTO `cj_emp_prize` VALUES (32, 1, 1);

-- ----------------------------
-- Table structure for cj_prize
-- ----------------------------
DROP TABLE IF EXISTS `cj_prize`;
CREATE TABLE `cj_prize`  (
  `id` int(0) NOT NULL AUTO_INCREMENT COMMENT 'id',
  `name` varchar(20) CHARACTER SET utf8mb4 COLLATE utf8mb4_0900_ai_ci NOT NULL COMMENT '奖品名称',
  `info` varchar(40) CHARACTER SET utf8mb4 COLLATE utf8mb4_0900_ai_ci NULL DEFAULT NULL COMMENT '奖品信息',
  `back_img` blob NULL COMMENT '背景图片',
  `stock` int(0) NOT NULL COMMENT '奖品数量',
  `remark` varchar(255) CHARACTER SET utf8mb4 COLLATE utf8mb4_0900_ai_ci NULL DEFAULT NULL COMMENT '备注信息',
  `win` varchar(2) CHARACTER SET utf8mb4 COLLATE utf8mb4_0900_ai_ci NULL DEFAULT 'Y' COMMENT '是否中奖Y:是，N：否',
  PRIMARY KEY (`id`) USING BTREE
) ENGINE = InnoDB AUTO_INCREMENT = 7 CHARACTER SET = utf8mb4 COLLATE = utf8mb4_0900_ai_ci COMMENT = '奖品表' ROW_FORMAT = Dynamic;

-- ----------------------------
-- Records of cj_prize
-- ----------------------------
INSERT INTO `cj_prize` VALUES (1, '一等奖', 'iPhone13 pro max', 0x646174613A696D6167652F6A7065673B6261736536342C6956424F5277304B47676F414141414E5355684555674141414751414141412F4341594141414157713231674141414141584E535230494172733463365141414141526E51553142414143786A777638595155414141414A6345685A637741414473514141413745415A5572446873414144526A53555242564868657458304A7646315665652F2F7A4F4F6435397A63334D77686845414967344242694B43677856514572535A5143316F727459714B594375745244753935327439327462325761466141536C50475752535378476B67636751556D4C49634450646D7A76503577356E6E76722F662B75636D7754707A2F37656B3357797A3135373762572B396131762F7462653538627A5748643747662F667059787932514F7631344F69726A79416C32306F65384571536C36656565684732634D6550672F384A522F67386643652B766B346C6E334B4A5636727A634E784A51544B516574623968422B69594238484D4D4B76776E64787A3663303863625A53334278334763693363453068584E72677632382F6864315374414C4F7173346932675244774E59383554306842644556664F444B48703558327479556157437754427558546C514C757A4375766C456E456C484932756C6C4B70784B553641475774555857757353793832622B6B7333447765496E4672376E344346734C73652F4B4A4435526B3032617A4F636838666D7868624E424C464E2F54376E49726953636A656642666D5665364A37617646364F492B4A2B746E73456B333035794F62786B4E67617930377743364957786B4E4555463248725A6D3953533733385A423150495366786C456D4F423968614834486C6A697151674B53435234433850493634434D38397656524F4C77426A685844324B622B6D6B4F304667776A74696F6E463936545950714546326D69395569734A4D686C69544A7049427239476B6F4669354F4B46673074574D77342B6261517154594961654F4D4F37686B45715643534836456E49685334473162714172504273717556614E57636F36384746716869456E6A77674156746F6C6D5272664B70394A46645A5057796A6776447839784D4D6B7936534A4F7254564968304D494552484B4F736F42615936542B757048476937434F67455148416B422B314D37564D5367366B6363312B6F4D5430366C63543561417548486632394745596F3643526E574A48346D62525845654267795A697030316D473372613678507257706A79314F4C623963444961723249786D6A6252655856654F796D313372552B3162746675706B54424C6E69494F444B5449724350464D706C4D326A343249647833743366685066646C7946664534452F6E304D5965576F4B5263695934413552314D79743151566173452F63727836367165384B62387A4D575A76752F33703843494753794671454A696E7970416B6C446434797A516E3558684C794F6773443376545242446D374B515A4A534A3070734A736D4B6A77626E496F6B435A3736635937715841747A366834506A795353384B70747276434F42494C77536C79346C7A354D6341796D5652787552546346545A36307865486C7A35637874727757312F7A7A66536747327848672F5A6E4A4D627A796E5739672B706B66497A6F2B6A794262766436512B5252436C6B7567576C4E375A4278305857526461336C644B526656562F7032676C356173473972665879373158384E5A594677504A6E5571634B7A683036674C4E75766A3277772B776C5A5851762F366A6A5A563757577A4A464C596F69694D2B3447536B7A6A626465334F6B6177624235587A483955704E52706F7257615A5451666F526D4E6174624D6637784873414B682B45414F584950346A666C43486F30662F684357626E67372B554E594A47416F46736679697A5A6A385A56626B477073515770386E4D636F426178412F795A59357356734475664C564B334D78314C4657326734476D68754961442B784F624E305243424A4671694170766B4445743076454C55425464305A7578726A7474493473614C57564A3533724346654B68645A6B4A7368494E666A56684F3168433353423638646847614B77734D7363577A454C363377677839563863567153456D414779556F7855376650524A76366A33346D4F502F5373382F6B61326343357A42346F4570657475466A554E76504955396E2F722F794C336939304970676F492B4A306C6B4B415531562F4D63526855634349644B723546576C326B7457414C323335745476325869354D6F4C74444E363471746759304F4E304E5946305959747A34627032496E6435764571677A67685A644D4E49645A41614946716C31644B367931747572434A666F47696E583561466273304C556462464C52464C4B596171474359694B6651766557793068634D634F314C347A6C78383376544D36536A5A6668696E2F344A7337376C322B6A35726F746D5048356B5A764A5543507A684D6E497A2B61714373364A597066574A466961685833654C422F694A453033654D4551556247336E4C4D465662796E734E45596F7237383248684B734333547A4A6F51396C745961417868587933494E4B49796E346F743075626A462F755A616549746139637767386A37465530365A5A774B4C777669684841695A4C555765653951484C6A3233767651324C4C535946695149586A556675553646545962674170454937354B4A6A6D4D46372F3345463737796C2B6A4D783542784239694A4367506F2B4C475357744D43766850744A46576D6F2B7A506D39433053525344746E486B754F437456654C4F5453706A3458465771426A6C706B73467545717932644D494C466C5A6D572B6C46675A77635638535A325A443663786B6B4C7257436E5770767338716F78514F626C654C576F786F534868552F6B38617135344B35714E4755344C374975674861614F635A7056632F767363324C65634B7744335575586F6E452B6A5A48425966534E44694B5A793159497A7753565259362B784C6D4B784B564D3879567A3557456B63414C4B72376B34705262616D736A796432757646746C4F74307058644666387355685A59336E4C2B48684B6B525A536A69576C465276385835554654644242516C534C366964665634746152417870397346774870643939445057377155414F4A30454A69654F414C6C7075395A484F7556476E6C7159466148764C2F384B6E585731574E586569613551444A4F6A492B67356468526A4D7A503057527864735149325842582B6B374339535178787A504259644D51704B71723552704A35636A485470454E6A626278727278594E467779644856466631364653716B5458385561613855594D305A794D555446636E73507144312B50397270754D6C30344F524C742F6547392B4D62465A2B4D667274694976702F637878616E6C53646A5549326D6570393441703668586753444963515A78645248597A686A555264574E3754414D357647305550483044383268694B6A4F41624E6A4F346F61427772732F556D616F674F546C45525A434D472F3730524B567A52596F514F783777427751544C4556516D7978466278556867583958436856575963544C683335674A4A346F304D6B2F596B383168624C35326D3275304956364D3739324A4A32363542646C6B43534F39512F69335037304E38386632537664506D56747A3541676A386433764952344C4730787A6254775559396147776D697672634861356B566F4B6766514E7A794D665832396D4D6D6B344D6E6D536173334C636F694D537A554B3742654E53324F494B6651376E5646794D676371493874786C7131352B53534F5663636E47717871366F7132656E552B3956535A6441434744644C35654338784865654766694B443377454E6656645A413762434771793731583834395876772F546B42507735736941467A42306277373776664A3039694A6557567747716D5363666552536C6E6837576F7641464B503168526C6E42674E495346484C4D592F782B52414E6C4E45584457427475776A6B662F323173754F74764D487A686D5A6A4B30312B396D5A6C366457394A4D6237536349577231536A4C5A655A4F367555587A4C66377459744B776D6E72516D642B65786D72576B536946734A786A6C31673655674A53386C656C52384362524761757A513671563639316C6E657A4847336570646D68336837614A384F74507577375963766F6F62747570504C544F4B626D39364B51346350596E5773456431317A5868683541676167304773574E714971353761526271335755497061537034436E6A78413963687876344B5467724641746370502B4E444956394573556732453744576E4F4F436332544D7855382B514242724D444D7A6970365858337A7A4D765871575837456D735541593436375A78497245625336593652464B70563232384A57314F45477330356E7A6E34755733654D55542F644E316A71567A6B712F444769577142516F6232756A52574F6F36776F674755666875434A52494C2B6568354E71566E554C6D74426D75312F762B564B6A4F7A61693558786572797459786B366F6E4745736C364D4A7566677062613064625768397379335743677365424E50506F7A69773939484F5341444A56775A746A4D6E4562664B4868704537655A717A6578657A4D366A2F647233593947577253686C552F437A76584E786C796A7735685174766C71303650394F5757416B44367361305A5164634646475651654A35462F3475436257324E634F586D6C524F69726754696B4C3936726A2B464845316A382B6970593037662B333773627A762F452B665076634D7A4730387855304E7462676261334C5545376E4D445130596A734D6B55674E2B6D644B47487634515A71325A41564B47554E333330767A464753664148487849656958793362436F2B7739474E42754750735367585455683557667549476A694569416F736837526574664B5736704B7171647550702F4B7965507036547A30737758443876674B2B32764C356148564F727968733734754E37364E736B574C4E646B5257317131706671315248565130355668775A57372B764C646E63495341524F7A464972474A713278787452396B6677697750394F4E4937696A595339743064617A4757532B4C6877646677772F452B50447378784F7363707231467A422F70772B514C7A78764D6F556365512B54514559494D325335787745656D794939534B337A306752344B6C6C626B4A2B484C644E376431317744583863616A697851454B6C42506F377A527831444444643943576D42743157776F644C325273567576384574347A68684B4E6B703577736F70464D6F7A4D306950384D6A4E592F632F437879637A4F7370314175794F6D664B4C4C46747233426F704F596F38544D4A536447796C3871706855305066497A746F32397746486864344C35796E73736D54544931634A326D70545230584573695456674E702F467338634F345767686A5667356945735872385459624149504D6B7A646D79716A50316447627A4B4C33735173786C4D5A6A45326E6B507A4A6B7859417A507A6732776769424138644B44306C38536877766A4C38584A423870454A6F4A594B69435A716A575072786D327A3357435A56707330396B4F50353065363273746E5A4970314D756343424D68412B3550306C32344D524D42577A30537756637475365254784A74536B7346322F32766C436D66637A435678744564506B614E4678364252725872304E4E5A354E6B67524A49435A6E4C59334C334C76542F384835474A4D64525A6F676F4958424F6E55427030366E68684F7132562F5352534F74735779447349754A5763616F57773046455A375044683653786149482F444848583333594A7441437562574A32426F6D524D57786374675A374277657863327A51316E684639314B30786550343373485830453947523968494C453243685A734933466F54787476503773434B4732354435713776456B5669794861524C45386E626C74466E4D744C516D634C525875496C6B6B6D5558764E5A707A78355738515365476D32565355312F44796959376D386979727365354F4E4B31657952592F4A62654D64434744777567597370514F48794D587355493233683568473343534C687845514E66384B456F705A724C776448646A31596532777476597776476A6D506E35763250717747456B78326C2F47654C342F55474164726C3237547130624C344D38794F6A6D5032582B31454D307848616E6866526B67506E6F69775345337865474A3146574E3254616F6F68576F41616456307046694477583555353164316830317942566C32346337534536634442517A69746652456177334873374F2F446E736C706E42474B5950503674586873333276595155304F453241392B786470706A516F547879444A49626542316A64324942567A43307536757247764E416F5768786E326C716B61664A7A5451585373384178525A7175785077637A762F705577693364465A5A595031644B6348336751326E6231393035627351447763772B576F504D6F654F49336C38414D57784B5A5269495452306453417A4E6D334D4350417253335832646E5A69795133624D502F79617952594875564D476B55536566464E4E36507248652F417365382F684B6E76336F506A4C7A7948484D31536F4C34473459344F524F76727552354B4F534F557A506741456A742B686C423947307042686F517A6A4677552F676F7645744B694552623264696A7A5338533058564E654B7051326B325274377236463239567261334B4D73445A3964454D543842446A45386C35464E4E70644D55627A436F4D70576C4B6554366E6F7730425376557A49344D6B73706547794A6B686B5670486479694974797A71514A68725035715934353063317256324963757756766A4A5847734E69716F4D5236374C5433696C54415964483979433569757546726F734655515853686D2B507A6A2F374F306A6A7A794E784F414136705A3249727938413446614B7566304441723945375233645553614A6F67716D4D3856454E3377466E5264393137302F7532644B4B65794B4F62793648722F4E6E54397A6F3059654F4278444E3735645A51545536692F346E4973756D5154416A5755725744596A6E4A7A49327257726A5158565A6965525341555232726F4F434B4C57704366534E43636B59426B68505A353942486854434E494A4F457565706F47734B68756F532F3779436C61434D3147435935366950685668703163784138396779664A304875384434756232706C5878417957317864457A387734317264334935564F346E6B6D67384A44686C51365A5538566557786F616B52795A4A7A4A58543371714232446B776D3078434C6F71477441675978517A6D454378627166466B664D47475932506A597867667A4B4C755253444C457A342F425134494F68577146564B567A504178333135615A6C70384E4452737A755077775043565769512F4A5476624C4D484A7333724546695477394B79524C714E353246324B4A5647502F4251356A325436473270674E6E332F374847506A46617A682B393932554A4336587A47782B7A377552656D45505A6E6F50637A48752B59494959612F546C50796F335841615A6B6B4D6231614A5567445270523149487875434E366A645433616B4C33464A4A6957475A354D367468734454414A35515A694B3857572B696A4B70577238456B2B662F716F696F4F5A6F5249544D314F343378775647385A636B7168494C4F58464A787357506F4D474834735A6A4576662F51595A6F6152574C306D5277543453546E31455A7754747479704A6A56767A49316769674662546F37683435414243746F707273626D693330315173707856514F4351353865716948544A74456579434F5366614E4D484E665846734C54303049625765646A744E2B382B316F7566527152426566786B793971377363334C674D7165662B672F61646B694145474C6F564775725266763436545031384C314A5455326A2F725374525A7159365163314930773073336E51353271372F6266527376774F5A67654D49553049556253792B2F444963662F4C66624376433639644352516E4A6D61536632532B64454B6442794264476B5A4C6B623273696F556D4D38536E797871764E434B636862424F787659727043554A38456B4D6B39535A4A52696A7067737750723855736438754B546A5A4F484762466864537936335379684845674E34634E6237304933723248455747304A4B5A6D4B534268717468553249736468772F6A55433644444D644C6F415437374C6F617647766C476B784F7A754959383559356D71795753427A2B55416A5261415437526F387A71737A514B735252792F43324D5244446B324D4447434A687A6D4A4932384B415A724B55517171517879496D6D6545513663504937734B7546575253434D646234764274693865326878766A694B3836446437325674537657496E777968554952344959653234586F363841326E37372F5969324E4B50333639386956594A5938346E665262687A425135745A354B666D576253453061497069765156496435686F536C75586E47345A794D437A486E4B754A49736B6E4149436C54354931434D59633867344C61646373785437396C424E5657697671714C68614B6C744951493631674347436C5455797761336B4A6A584C6A584D30564E3870466849703264465A626767474C392F703359387466664176462B69423250665A445444424C313235766B4D4646643130624D6E544550584D5545675968326E3971386752784A534F76716351306E68382B5370385477466C4C56364970456B582F2F41776D474E4C58523276523174694D6C6E41394A612B416E6550444E47462B584E375969557537753941596A32434D706B74375A76503550454B5243474F41417331644C514C5571702F752F675531704C57746E465569544F4C6F445970434E674D2F4F78647057324E4C46694730626730615431754D773764384265566F4361732B66797353722F34433477382F54713377596F376D70625A374F6530682F633642506E69366D70487036596333524B636D416A464D45706E304370756F565752344C59304A72316C4649576A482B4C4F76494567703146614A5054466B482B644C614C6259356C4D345441616F765771795246547A4A577955354973764D696B754771777756596478514F39734F595934302B6E4661396C5A4C48336E52546A387845364D487A6D4B5A6C2B453068704554596A6D4E687245387059755A44493550485234442F5A6C436B677A48546739326F6A663746794D766B514341386C5A724F39596776374547507053444152494C7A394E31797A396A6F4B464B4E65364B6C61447662515A347A507A57454F7A764B796D686C646C484D7250495A316D6A6B4C55576D7671454B4E7275496A3079784C4A662B6E70676565706A3178623976614E6F6344734D78434F4962796F46595736494D70372B7A46477533724F70322F437268732F5163655578356F762F416C474837775055337350306945486B61656B7456797842616E704B666871676B6A2F35426B4536422B38564C2F304157617438786C4B4A536458706B6F744B7457336F2B624D746378506C714C38366D73594F376958714A504149695170716C6544525079534D59514D4544506B70585659474B7936785531577437356147512F4C416369776B3075524961693079454A51456D7143524235676D44334F784C53514C53495538434D63446C7459472B44636356714646754B2B707257446273794C5277346378437555664758624A634B536161796A5645747A2F525173507974544E446C315A4D61726A4B413268714E6342354E68597269473573705063375A76597442386B4952426D2B73466D55774B69697835432F31494C57466473485135396A4C466543497841732B50546C746439693970683463454C6842345A6D67637064464A47766B774E6A2F3266547939396633774D70453738314F3334764139647945334F6F7838684D36554774373534657378652F6749416F79454A702F66675543416938395245686B32786C6374683564687270364C2B774E524645496B342F7730306A3239534233704A77567A3848464F393653416359774954536E32304F455A39697A61676E414F6E5177676738784D7362654B6D536470446F6E694A5666454A67734554696F796C2B374A59676D7A73786B3864365350646A394C2F7756456D5776347959534161526F515A4C32476F582B724C34546C6A4159444E46335048657248797A4F5443437370725778684E77516A4F4B2B7A477A38664F3472425A41716473536732747937445148454F6A77304E6F4B6B55775070344977366D47544245323943586D63465950734F31794463725565526B4442346F536D69766F34597763562F66336F55482B7735695030325A353748464857566C365A49414C7956547947666F72445939394442652F6F732F522F6E462F56683836796651393233366A305353525063697958683932572F646A4777756964544233636A75702B326A5A4F57705551464F5A74616132704D6C7363504E62636854497350424B46553151514C51535975514A4C6F3562784A456D6C4367622B702B323176522B2B797A6C4536526E5151675041384A726A57596B79643675715051755072656C7378535654504D7031534B4D594F58357353315075493978416A6E35663148454B53546A63646A484D6673673744466344476E4A7542444D353378456770535857306359386D38525564396B324D596F494E50453938677457566A5852504F5862775541374E6A484F797A657069412B684C7A2B4F71686657676D44614B6B656C54375673526C69746F6A716B67726C4C584C44456674755967483354527474594661334E6C2F45416D757A7665682B766A3242654C774B436254574C763953356A756551324A2B7839483979647577704737376D52656B6F4250575859366A34373362555767757745546A397950544F38416D52533068436C59594F4A4938305267794450615748504C6255777142384767486E47477A4F6C44522B6E733256634A45786376766F6C714D676E5235617359696B36684F44466947334453476956555A6839596E4F3851492B784B44535A784B726164556D5747363037517A4935315157626C4B576752536D4B504A34334C766E493736716B462F516436624774496B5A727444704342697636386A4951437641787A7263316B32704C36426F617A7251794E6651786A475933522F7958795362545237375179556C7261327369684E4D786B66443231716F33523168547A73357A327249686E6A753346676E76414A74544B465077676D524B6737343051723950623276415349376258364C7644584C4E765733317375395A48725953486B554635347A7030766E634C6A6E3736793669353856336F766638524E437A75684B652B455836394258373663697A2F6A66646A7A35392B43654846692B434C306D34794567504E6E6A2B5A5158546453696155343168313238334954536378382F7A4C6C4951673576704745562B794168373243617862692B7952495954614669477766446C4B444B754C59784D6F55784A724E3231476C686D304A357432706B73724D565A5159306863686358364B4B655870716D637A41786A47412B396F43616D6D536C6A7732783644716D4E702B4744662F774E6E484874567253745834703975312F67334D7A577055324B436B68596D344D5A7434695979575752306934454C5561725030536258324E4D6136774A5977584E576D744C4134646B4B544F6368554C4977417974336A41315A5171483662775831545A7758417A7A6A4B786B58695666515449325447474D4D51713969446C5171754446543466374D456D633637537572665531322B55346339496E45754763762F77535872786C4F396F7650672B544C7833476558392B4F305A37446D4870787A2B4B30554D48734F6D7A58384C50377667434E7637703535484A6B6978305A4231586255464E317A4C34467A656A396F777A45563631444E3657525A683436742B782F6E392B476232376E734F7936323545575178707130507242656569646D6B33596D6476524B4178676D5450455952584C304F3465795761662F4D714A4A392B6E67544B6B546A6B6955775650324B4C544A5730777149744D5541454A7A484D742F437774794A3551784B7672572F78524F5A54524478596E4D586C58377744625633613867626131707946354C45656A4C7A3445756552553565576354676A506D6C4F767344516C506C43735541687057616B474B5A50306D773152454D347232734A476D49784D714E67372B3447714846697645796B646733326A343967687071517A655A517A787A46342F64696C6B48526F68444E4530317A5679434539557558577654334D476C366B4949654A4F3631387057476E5170447437714C4C304C2F34382B67666B6B5442703539486B733358347A4235352F48756D75334966486F673169312B563034754F4E70724872503556784447314B37583051356E554C7A386C59632B383539574833317465683735436C302F4D5956474837674B537A2B30465559656D6F6E342F67474E4C5933596572752B3746323630665239384244575032373235422B6454396D6E33745A553250784F7939463838717A3447584556676952676C614D374F5976744668482B4972707174785463636D693636312B356A76494E434D5150335046464477586273543669376277366B524A7650777132756A62366B49427842687852576D6D416A4B6C3145775A7641435A6B6F786B45586E50572B446A63575A7A4238366D3441575A3252644978454B42706F6F534C6E4F6C4559724D464B31356D4D2F454B5251724764595773696E36467A394E64414437632F5049306E2B7361476C486344364C4A77372B4233726F61365856576E4B4D4F4E6B7A645348705930675975324154636F77574D676350412F4D3535684A30314559633276524D467545536F7957366B554B5243564F3042646E7063667064326C7879504E3051526153754663485A4365526F487774446B2F5955724B77746653495A3543526C536E3278746732462B536C45474A336B74624E4D36644F6A57694874715930684E54394842387563534E45506157505034376C63685A794B78795447596F776C6E4A547136746E61784167537876306971534B784E454D764A4561783755632F7871726C473678644D44497A4933686F342F6B49704171596B64385455636B55547A6C6C397274787A576E552F4C646A396655336F61367847776476334162666E67503264452B506141576E51424E76362B66367973675A614D6155654F62595559786D356E46617242454A6174596F2F656B63452B6452596A644E423539686D4C636B56496335726E325947716A6E363355386C6E436443793835534A4C4962754C69682F75316D58684F4A4E6E734E7174466D457050687261464B453350706F3330433074516D696B684F7A664736437A4C675436715043574671707965474765596534785A72304A4E5171417A4B314356625A4F4F306C5462306D4A4D563036523432717967324D6B4C6955734A4D4A516657327676386F51455A33454631356D756B67456A6A476D474A364B76707A764B436E5235414956464D7A6C557869375A434E2B2F327633615957437841394E794D2B667777766272694F426D584F5273426E356A66596F756A652F445631627230667A6D526462564B51793850514F4A4437334355526F6E753158586352464736324B37674A3676734D3143625A6675785045642F667749434A5A346B423852376E326F5651533652795A51657861794968447A4F7866705762512B7A4C7131447139614353416268366E4D4D53534D433671756E6D33774153544B72577A54744E65643846472B4C76616B64353945444F397661524368736A78486C565675554F4953386D4C67493331434B336F684B2B587A42716652455949747A6569656356695269456B775041556F7A4847336951636D4842464F6C7377337A7349723134694544564964443336314F546D46345165695343744F5A6B6839737A442B684248346C456748694A476941303750564E34337A2F656A644D3358456F344B6B7753325866677A722F4779502F2B6577547064484F4C363943346252733134723249314C5937526D6974787541693974313448554A377152325247484F65456C4A4D4676335546443944654733544B304C4E6B326130425A7A6368776B5265576F45522B646D4D637967514A7557597543594C30636645736261554375656D783745494C566E686E4E6B4F437843334E2F5631486A715779636E744942317264364B6D4D45364679665A61726A693755674D394350397A4D2B5170486D4B30704D4B736143576F59644D6B686A47324E722B4B4A446F4F555A63586A30746A455851644D6B46694D5144474E7431414D57424352544A6A46497869334B65455A5779352F453531433962697654306844464A5769474A4537636C6A51346C68316356503533464C495864737632696F34524C79614C4D3045784C46454F44412F43486D526B7636694B6A3958514447506D6E627949664C4B486C447A2B4874586438426333727A3063774648666A795769626A2F5778703336433350642B67445454617773764A4C373830705A36554938554B4B58325A4A4C3369706B6B50417A766F30755749727676494B595A2B6F37714A54674B6F755644444D506D474F4C485361654E3962576F707A56614567685461774A59466139425A7A682B67694761586C4C6C364F3857367772726E4C52492B312F33317375513372554C705A457832733477516D7450523354464376693757786D324E434C627830524A34594C4769436955586F5970744F6C52624C7A6A6476542F344D6559655732667865456C4F6B62746B4F703153723237354B45743172612F703745522B526B6D6B4352626B653079534F4A4564522F4C4D4F5731322B6C3152444D69436B326453557770744C354B6A47345367364D59333363412B352F2B4B6662392F456C6B615570626C7A56515578646A316331336F473731656D4671544E49596D5554626F6D4852642B2B583734422F64747A65494E45623847376E7744464D6F624A506A35303146776E7459616A632B4764667874547A72794A777041647A3744764E6F45633779574B4935736B4B57357134467559345963346A333745384845466E6B50365451594C685553316133716E4D554F45434F62476676694C563134396367733661694955764F4175353858456B64723649354C4E6B556A4B462B677376597635416D32616A4B4E577A4763513262734336327A2B482F66666367324A326D716F656C4F436963655553456F632B78325341306B5848716B544F47334D534C4E6B674245712F307742586E5078627A6379714E454B325776364F363953695764464759705A48675832697751695A53642F464C507277737A7678774732667775337666416465324C305443666F3972645A4D6C49713457696D716A65313847735839653144515977455355543643316C425534687738577A4242624E6C5A777054667341617461383946666D3445476435542B427A7A4D6B636A6F5957353171483372354B384768366478616F7462385670327A384A58334D44306E54772B354E364950617243696375552F3172476C755147546A4335444341794C4A753549364E6F44684E4A78776D656F7761636A3148456570715935496C79576247507039452F4A4A4E575074376E384B65323235484F54474C6541766A434D5734524B7755594B54445067553630354B657861644C36486A334F35435A6D7557695A626E6C3034797462746457714A42674D67394353747173506770765A614A6B4F73514E53612F65377644516C4261797A4247387A42474955384A62514970394F51336D2B3462776F36393846562B372B68333477562F646A726E42666A6642536452516E743133397A304D582B6B3338727842654E6B636F30546961774971376257357973685436374B5A4F5854397A6B6474724939726C43416F6367774733664D63687955316D377066706C2B635966513553373936416258307170302F78706F2F75526D5474743566555352355871702B4C70323275714B4D454E557A4F545A4D645655304A4470514D6F4F30667A56526D3968487A576939674E7A2F77696678306D632B7A56464A68694330736B303145697379745978555967614C7233775836692B374841337676786F744E317950354A35652B70796A37454B487A5655734B4D5A43495148344D616E6B5064584E585042437A43715261455647574572574645716D6555376D6935686B71446B3450342F786241614A624234706A73325161454E486576484D3333345664337A6759747A3770642F44514D2B4C6C586E6F306E6238484A35586D57644A4336675666766C46747473624B357A542F416E76365A30425965422F792F6D49624C71454E6146476A576645716131426D5766746B346D42436B526B39765253745A4C593862366A5445434845613574526432315679486533767A663042415659554B6237354F6A5A41772B4E546A454D4A5953777668595570716A7557722F3248575965475550732F315A314A79394165752F396C66597465316D2B4E4D4A4476616A61636C4B704C507A54754B35754D4C414A4961652F686C79652F5A6769765A392B48763349716B48503137337370696B536B7952784B766F57315574316A595854544D4953775169586D4B492B5138464832524B6B53596B56386F6A53384C505A6371596E6646675A72714552457048466A504D43374A464C356B5778767A414F485A3835783538626473312B4F64505859736A75352F4530547676516C324F327157516C6E437A4A447A426D752F796B636A434A302F4361763279583230667649614254644277392F736A6C703372447734454F46594D4B5A4E654D724568317350794F367A50444938775835765138764445562F344F6F666E3072326149434B4D4679744835362B735939684942536F79504555535A70735A48335637786D567451484278426575652F4D3568656A5176762B687338742B3147464A683865526846364F325A384E7375526D7277754246535255343649436D656D6F49766D57612B525A6D544E4E4A596D4239545873462B6A69456B76416270692B4D6B6B34717131455075754D7A45787536724C7973796D6470584D7561784F63536F706A3669454E57445044566B4C736D63494A6E4843426B7A775168766A754F7A52522F6D6164646665765170665055444838526A6A392B4848524E4453424757563439614F5659626E6F59583864537A39684B64754C595A4D6974715558504A35654B4C6C514374685637374359544469416544714F554E76644D564A517969596A73432F6E415171646B73786B6648634C52335033622F36416C4536462F2F4779396263345530552B6D4A6164537557346C6755787638745855496472596974756C386447793547764D7676595368422B394437644B7A734F6E373932506E545A3945367341724B4450553961537A434635774952725050683254397A38456E353533304F546F6C3772613978476A6A524645566F7556694D6A533674436C595343693644364C4A4D7339413945466963394F62694F5268737638697379466368506E592B616C4A597A304A4B566553716169496A4F46484A4B6E73303154386773556A434B5A6F7264524367707635394A495564694773326E736D7878444B6C31417842644550584F49414F315169546D4959444234596D535578704C50667737685A5764544F356D3563793054542F77497866356A384956444B464677396135424E70636C4D2F534B715A6577664968715045317179386F4F374E6A35476D5A6532496B6F3233386C5138795738307A36495473305473527A794E564679506B595A766F484D664C6B7632462B2F31354531707944632F2F50333248337A626367735863584174455979696D5368346E67356A762F4762742F2F796147664558554D416A4C6B696E6562497168627731387A474B4C5A4A77495446727A53314C49425976776D74534B7A6D49636953464B7948514B4B7A4C554B59572B36453873797549566D534866496F626F375242706C496F392F79414D4555304D736A64574F4B5A456463706D3666524650424C567A2F45655A74714B71484B384E35524D6F70394A337344634645494D31527344456335424D61424A77757032644833327A2B79356967524C576A6E782B4350774D46416F654B674F78454C62555764382B754D34636E676661755A64514B4445736F3270772F7A594646377532594E67496F3067336345764D3452494F7652504C534B57466C3569654661596D4552325942696739486A6F4D4A733258346D5733376F434278684E7A665833324673595A5470322F356C72634F47643932505848333257666D5539676B7A4D75725A2B46504D396537486F4D3763786E7A6D4F70697533554A4969684E64484C584276663775355A427134504F4E53706241714152456A6E474F58746A6A745546327677596F674D6831365A4A736C67544D6B6E44464E42372F6B614758485139535549432F3047465937464558366B3279424A69334838546C4B6174375A6559583459764A386E6745426D5857516B644877584D4A4334524154347157336668617835616362657162745041382F3841424B593732634D454B2F6D384F717239364F39522F3549327834333958597830414266556577704B6B466462456F366A6E66344D5149386B787170546B566F2B434B704D70324C695568416B3570737566646E455853706B4F526A5A636D6F4D783258304D62327136346A417676522B2B6633494838394B683779464A666A2B355066676F582F5139717A4D6475514533544974536566685961316D366741783147383857584942707151726D684159336E6E4933434A48304E7055622B77706B7978553079506C716543436D695345776338597772496852504A657572652B7864595A494E7178774B4F6B4D4D502B5649343178776A4D794955354A7264475979576B383758782F316F79344F3145585546356A3346444247517A4E4B637A5A46656D526B2F736A73564B3641655961392B354D4A504858384B50353164676A7A445977634E64584A67734F416F65696E372F544D6F6D503772566832315531634452426274414933507670544C507638725A676F703941616A614932464C45645A356D676B4F6939384173716675746C344E696964695A394679417A6D374A486E2F714C426C4C78414F316867524C6357504A6A4E6A554E6233305136646B30736B634779613063776A5252425359344456336451484D5451396744475037706F77787847585673324968596D5846355378306D2B7672676234776A504F764634742F39414159662F31646B58396946596B694D35364754535359315247664F62656952495A4A415051695332584C4A49442F474B4E30582F656C50654A595A7372435868456D5467426D535131475333766F6F3046666F4E5154356A61784D457476795A5A6F31726C50356850784B4D6C4E414D6B652F49706738677153314E674A446E45464A70466561793071384C6B7966576F756C35327A4178546438464F6466396C37654465412F33764D2B594741336C762F356C784635392F56476777562B6352344E487436334333647576515A6E35614C457A344E584D354E6F39744C6E6E73775152516261676737584E7941556F36774861366B50416476654B4B666E6B556E506F6343496945453854554C422F7535484D55415A5A493468632B2F6C4376504A4F587534492B585432796346476C6550636B4536576C3668794B676A4F7A4F427A6A2F38592F6A486B7A6A30384C306D7456354B73577936397150304E71504D6854324D7175416D6879304E706C6332686B6D4C3757646A387336616D346359616E2B7169644B637033335030532F6B5366493875325249625055566F325146564D2F5450306A6A3834524C50704352394738304D516F433074514735544370764C5253534A69736D415549633936516D4E495949724F4B6E4A7653585250456B6A4E57347277747634506750333066472B3734434F4C767545476D78544777777045794765495251526769662F4C7963784463667869643451626955486B4563544A443543736C645A4B7741426473645332594349415A756D4A716D5A454362612B514941557357744676755357314A7333717976367976525247336C61626E4230587A6577386E4D71672B5A4C334948725275546A79642F384C675877574A6171337A49305258364A484F4453636A6A646369475A7965516472764D396D49354C6178414472557A477A6C6A6E7A3043756A65544A45577A4A4F61396A4F3858704B563243445870334F3043666F422F765756756B6A68696D4879524A476867784A5A6E4C494D4E545047424D64665251597942543659347959596A53444A56345237594A3263776D6F4931534463322B2F425A732B2B47453031485271565A58435355517772765442372F3454647478324B344D455A764D5579426F4B595A676D39495254312B4C5A58356D41765478416F6F6A41536F497377325354586F5A514B4B702B526851644970516F7954474B4D7179567A44446D71713079514354576135336C686736732B6F4E7436506E613338412F783054524C3050676948347944476D4C304A41496C4332453459582B6B58487172327542646C7370374766394E554445356A78696C4E3178512B33744671324A754B6C646A776B6B4A6C7172574B7844546C2F587571395A39444D307651377270775033637530476A2F4454724F67396B6E53575A70464A5A343430714436724B544643314F5065505475657873744D416162486874422B2B687045592F556349516A4D65664A7A7550754C5830526F644A53424254574F3744566D454B64546F797A5833315A676937506A704C62715A2B4765626A6974556246324B334C4F624C566E47537230512F7A4F55394C4F2F4D49584D664C514935672B746F66574A3051433053646F76446843326D72665363536F734D573077415446356D6362373975757443524E39516F6A716D644467596671596F494578767952594C4664326B77363878353947397631744339496766507A7068364F79645471796154746F2B6C6778794144474E4B4E59616E366B32674D4A4853662F797A666B586C4C555A74794E416C354838316967484F5551306A4E7A4B4A76312F4E343970377634756A6850576866316F37363569585938614F48384E4A6433304C4D5436764475554B635030687A4A61303759624A4F4B61397630697256566A315869377457574F6A656E2B4B316D72674935327935436C3437596C4836614A7061746D35462F3933334D744B6861644157424D665954376A45416E5933686E445249717739447A454B4578627276456D695574636B6A5270445A724C467873726E714B637568595A704B4D324D666A516A6336594853444A5A736B3079777A4A6A7645305470666948625954747A4A554C626E4A46375435544335685946676B774B7A5047666D4B41664978326B7563726A4644437A6B765457416F3651327047564977454976544855544C5442494D644968452F6C6C35364B6548374D5061544861674C42556B482B615351525945536B6C4D5A6F68715230694A4E526B554441744C43374B6B657279336B5631384E356B6E4A6D4D4A68533754557A6A36536548732B494D4D714B704D6F65756168487A2B6D6D52674747467461357330327A57562F4A386F66745030663755575A57654A3973636C747078437354426D4A35734A69586F7442646B63516E4D395273573852527855657868526569366A3275672B704A3465754F6846486A737A5668714745527335656D35503661777A6170354A665364503846416A664167454743733450795A2F777A4C345A526D3970625A2F51664D6C6E7968384A744F524972374646773337456A6644554E4E3751373056436B5141697A4857697A50366A4D6C6D4D5876556F312F624A466B7757675168525433304E676F79756D4B2F5956726B6E5841742F32794A4754307A30394853767670557A69546B6B464231796F58305241764661514F39534752687141724E5A64432B426832476E4A3531476F4A3331576B5A5861634B673276746246796D51737232776369534553486333537051302F586B4A7263523844773835614B6368516B624148544F735A554537444858587072714E316630546266624E667A4A5839674D674573664D472B2F6F6A3039714472473936717230355835664C335048506C7972456B727A4C305441434D6352656E6441356978415078505374676A706F7547325330426D3635436645595A68396F6D51517A48315A63515A7043724A6D63743342496744347975444B7A46624B48716E49436437656647464B47664C694259353751566E4D762F77494C5A364F634E663273626C4B3142736157595148714E6135784866734148427338355636474B45305935774D703944724873564763614A4B4548426A65665372744A70385A352B6278632B63783038444A6E6C6676587A4E762B4B31626270352B772B67596771496F375A4152324D346E673253646153625932616A783978694E65577A4B702F745167452B367669484B36694979644C445059737435435A4546486B512B524C3942715062486D51784130485255424755587179795951797A4D50654E71515A55674B6E49306738677952696C45534E4D63535068554A6F694556514677326A4A684B307551776A326A3639504F4974694F6D636A2B78554B4B5078656D416C4E6C6138334F75694C4A3538436858706C45726A593551324A6F62684F6B4C544430444874554D4748784D34615A483357442B43644E4C36415877674F595869314178486934727354675143444F664B51354D4D6B516B7A547551493135644D6B6A412B704D7470784A727155427161517037356A44636352476C6B3150304D516169522B486F3153444B7375727357646B3736724D327532475971513072727842625A63576D486152654A4A6161626E61576F79376E72343265624F5859397A534D2B61704E784E544D6F63306B41667333504F665868486175626C6D6743457047787038457A626545392F554532597A5A6E314B4F4A494746456141317161624C71794B777735394675726D3362454B614341323239614C4E527575356D3454792F354E516C565671772B51517968345A52502F6679364E6D3451722B694E7379456C4B776F77596859744C6357726E4978626B4E51356F624152537731557A4D7951534A437A62452B624336776E577969542B42382B6D3233566B75497973525642453753723868486331542F73426D374549536B6E7465326557656A3147774D63423551513979797A506459432F7458786C70497A4C702B4636344E6D704B79517659766C50506D4C2F513456706D38446A6C332B5239337A5A7946586558674E593843414F6D702F496175725939716F6F6B5771544D2F516955553450716C665A78666235694576574A4F775062554A44426169592B6D7A50506F4730565A7468677475467258705676515170764F4B6E613732706548434B6C4C6668452F586A6F47324A345471574378756E484A48534B684453516A58456A4C4B2B466F384E6847676F70343767397275694B4A70484C6265443135732F4561794C4D3051397830306C3070647174794A57427159443878524670526B4C6B6C736A4B4A4171586F716B4369792F4572346C4A51594D6D6B434D3475326756776755476C4C7A6C6A44474A66725559526E6F704E78554935707662515A33417562575A4B45454D4D6566553055615A5546444747384F5035345A49324731595A6136554362364774657133792B7262586A7A4F436B68676D6C375470746C744B416C6E57766D41474B6B724B7573744370426E614F6E45614A717667496A54314553434F6C56616F7972726C4A447A30317A784641465A64767770686A4E48573337446777634A4F776D33427A326751353943562F64554A456C73526E6F7243617531574644695A744B4B6F554A6C31775662597179694C374844624D4A784666465357727A613354754C49795777337779464D6B36593877775548666D71472B53543149363657456D6871575A55484B777970346D31464E315771626456726C6465337663453435525753594B2B7759365057726B584B544A6D6431686752694374787848567439693657466D42744843537A61666D4747434947736642533366576E5773554D465763593946466463377536356C59526338514D6F654D7939636F63726C5A686D34697433734A4C444B446B47354E49664447483932576546446B784D2B46364B4E6357476E4D6B5953726655583962462B6570516A644C7762584C4675677446506B6542516632486A4476532F467471614B58684F6A37586133435352424F464E64796F71313672664C36747465504532303167785A75433352534C7A3151427848665A6471755349725658516F724A6F675939747445625571796D3457396C427752514E4C6D6B6B594E3046345A69564C785754704543496D7241382F356A63387943477A6768646F31314D614C6B4F717673594C72626A426C4D6A4B61663641494F594C79493259496A6E495035535371322B3963434E502B6D4B574D6D4B3635446745324A684F65356E443762444A64497275325A4D67513374642F55694332365656532B393862344D462F416B7430634F6470737A47694141414141456C46546B5375516D4343, 1, '没什么', 'Y');
INSERT INTO `cj_prize` VALUES (2, '二等奖', '普通奖品', 0x646174613A696D6167652F6A7065673B6261736536342C2F396A2F34414151536B5A4A5267414241514141415141424141442F32774244414149424151454241514942415145434167494341675144416749434167554542414D4542675547426759464267594742776B494267634A427759474341734943516F4B43676F4B4267674C4441734B44416B4B4367722F327742444151494341674943416755444177554B4277594843676F4B43676F4B43676F4B43676F4B43676F4B43676F4B43676F4B43676F4B43676F4B43676F4B43676F4B43676F4B43676F4B43676F4B43676F4B43676F4B4367722F774141524341432B415577444153494141684542417845422F38514148774141415155424151454241514541414141414141414141414543417751464267634943516F4C2F3851417452414141674544417749454177554642415141414146394151494441415152425249684D5545474531466842794A7846444B426B61454949304B78775256533066416B4D324A7967676B4B4668635947526F6C4A69636F4B536F304E5459334F446B3651305246526B644953557054564656575631685A576D4E6B5A575A6E61476C7163335231646E643465587144684957476834694A69704B546C4A57576C35695A6D714B6A704B576D7036697071724B7A744C57327437693575734C44784D584778386A4A79744C54314E585731396A5A32754869342B546C3575666F3665727838765030396662332B506E362F38514148774541417745424151454241514542415141414141414141414543417751464267634943516F4C2F385141745245414167454342415144424163464241514141514A3341414543417845454253457842684A425551646863524D694D6F454946454B526F62484243534D7A55764156596E4C524368596B4E4F456C3852635947526F6D4A7967704B6A55324E7A67354F6B4E4552555A4853456C4B55315256566C64595756706A5A47566D5A326870616E4E3064585A3365486C36676F4F456859614869496D4B6B704F556C5A61586D4A6D616F714F6B7061616E714B6D7173724F3074626133754C6D367773504578636248794D6E4B3074505531646258324E6E613475506B3565626E364F6E7138765030396662332B506E362F396F4144414D424141495241784541507744392F4B4B517949426E64527658316F41576F707067674C646364714A4A31414F5456616562596375634B656E765362556478584F592B494878362B46667776315378306E787A347A73744D6C314850325272795859726B64733174654650483367727874614C632B476646756E616F6A3871316E634B2F483447766A7A3972372F41494A362F477634702B4E726E346B2F443334767758336D5346344E4231307446444550376D39643235665162526A3172727632412F32507646767753467A342F7744696E62513233694F35674E6F4E4F735A3930466C62373935436B4567737A594A506F4D635676374F6E374A5435742F4C2F41494A36565042346170686E56565856644C6465322F346E31654655444155593968555458746F764479416657734F7A38632B486456314735384E32562B50745675506D427234782F625A752F6A542B30663841455878742B796E384D2F456B336837574E50734E4F314C514364346A764C637A62626D52354641434B6778334F5467635A727976375277395367367443536D6B3274483157364C79764C503752785873716C5255343775543253756C667074632B346450385265483956502F41424B76454E72632B317664492F3841493155314C787A3457306E5550374E314C56344C65344934332B6C664B3377432F59682B4D337731765042586A6E572F6939424C712B6842303851334D4E6F633678624E4751495A53584753725963506738714F4F616F2F74482F73762F745166474B396C3075445762424C57643432687678662B577475424B704A6B555A5A6755334B414D386D743850694669493374593538626871474771386C4B707A7276613336732B777450316E533961514E5933634679767247344A2F4B725A776F4742676468586B66374A58374D3050374E586774394766786464617A64586D795339755A38716E6D6864704B4C6B3751652F7258714771616B756D5754366E714132777763746A725851635A636F716A34633854614834763069447842346331474B377372714A5A62573667624B5378734D717750754F61766C53426B69674239464A7658316F4C4B765530414C525143434D696967416F6F6F6F414B4B4B4B414369696967416F6F6F6F414B4B4B4B41436A705253466C49786D674144416E417063676454545541484F617061747148326150654438754F744146386A5042704E69316E3664716F754542394F7461435075366A4641433055555541464646464142525252514155555555416366706D72367034322B48597667783032377537556E6E2F6C6A4A58462F4176777438562F6770384B3574482B4D587861506966556A657A792F323165526D4E59346D6B4C496A4D6579676766685871476B79616666514339303655796F63635A775079726750326D4C6678506666444F38305077336F6876376E55554D47776467662F774256613071617131464275317A7938546D474A796E49357A615653554933656D736D7579317466356C44546632683941752F467474344E302F554964547533565775704C4B62644641725A322F4E6A3573344E646E346730782F4569577A78616F31734C65357A6B64362B512F68723846504531683479742F4365716D357372714E4D784F6E474D44314665792F46373432364E2B794E384E37545576483039377256316533347437433267507A7A794546746F79446A414836313335706B57472B72303647476C3753567539337062646E785068727846784C78686A3530612B4663487A61644872766457394F70777637552F78452F626E38506674432B472F44587750384A4C642B45726F7866326C6353344A387A443734792F3841416E54356D72366A304F53356C696A4632534A475565596F624F47787A587A31462B3231634C6F362B4B74632B446E694B43796A4A4A5A37596859312F7662696F424665772F427A34722B46666A54344B7376487667625745754C532B584D49552F4E4766377244735236476A4659664530634E54685570387169726576717A397A7A6643343344344B6E54725546425275755A57664D395069613639722B5A744C345330505239566D315A624F4F4B61354A567057412B5A652F30726D4A7648486747312B4A73506746544A4A71392F706A4E61795257785A5A495165564D335156562B4E2F687A78787131726278614261753056757A53504B6C31677554315846636E592B4972763461654358313778624774756F685A496D6D555A675850504F4D312B4D55754B3367654A705A5639516C436A5A793970396E6D504F77575853783058476C55393971334C397838482F38464950327366327574622F614638522F434434592B50372F414D4561466F647331336F63326A7A41584F7353526A356F73594731546E71543336487439632F384578766A2F7744465434702F73582B472F486E7876563574586B616145337373344C336B614E685A6D474F4377357279575439715439697A34336645614C55506A6A38476F5A723752727849744C385178716B31764F4366395A6C41542F333158766D743250684362777061512F43343230476C43322F346C30566838734370327742303470354A6D654A6C6D64656674303661745A4C707563754D345534687969762F414D4B55665A78657A74645837506133346E742F6872346A6547396249303231762F4C75674D624850482B4662392B6C7265326A57562F4347696C55704B434F4258776834362B4A577266446D326E3144784E71435764685A78475336764A57324C476F726A72372F6771356166447677704A346738595470346D384A58454A7431687337686674436A41336243426B38456348384D63352B6E664647446F5455617658593571744445516E434E4F6E4B704754747A525639656C2F552F517979302B62534A624C54764438466C4870384B624554414468514D59537443337572344E4D74346D414438755053766E2F415059562F615A2F5A682B4C5877763033515067503433575262613144726F757033524F6F51416E474A466B2B632B67626C546A6739612B68554A325A6C4850385765612B67772B4D6F3471484E546161386D5A31595370315A3032724F4C7365546648667762345038546131345A385A654A5047632B6D582F686E5557754E43694E2B3856746354754647325A46493831527448793548553136466F7575573270786F7936786233524B354A6A504239783756346C2B306A38455046586A54785A62585768616A644F6B707A49724F536B594134774F31647438427641647A34503841444D326D3674592B524F7550394A7A6E7A71384B6A6E6561346E4F5A344B57486C476C4658552B6A37395031506D364759592B706D4C773836646B75742F30742B7036697246574365335432715A667569766D4C34632F74622F445834582F744C5038417356654E2F69547248694C787A71615461765A522F77426A79374937563547496A4442667578675979546A4848586976706C5343426739712B737155613146523970473131646561657A506F2F496C6F6F42423546465A6746464646414252525251415555555541464D6334596D6E31484D327746735A785144646B526E554547546A676454587964727678762F6263732F3234592F68356F767764696234626554414A6645437773366F7A41746E4955457436674167635A49794B397273764365763333784E506A797838646D34306D6178774E4B7A386E2B2F58644778496263414D6E754B697046746F3179624D33463176615545377078584E726F2F744C7A4A3753384C2F4143544E31363859724E385557656861397038336862554A4F626932664D50716C51367A7048693266584E4D754E463179433373496E6B2F7461326B684C4E6349514E6F55352B5567352F4F6F745738412B4662377878612B50376A52595A6456734C4B57307462313179365253594C6748335A516677716F33734B63564A32366469627752344E306E774C345A7476432B6742685A57332B70796133314742586964312B32523454306A3972697A2F41474F47384465494A4E567564442F744D61306C672F32424579634B5A4E7541547462763272323048497A57315768566F32353161367576517A70785549324A4B4B43514F706F7249416F6F6F6F414B4B4B4B4143696969674435472B44332F414156692F593238656674423350374D33686E78334B4E546875445A32326F5477655861584E306A46576853516E472F493448664E66564B6F737041484F4F522F6A58354D2F41372F676B5438627254346B2B4776445869625366737474344F3154375870766A41584938332F57655A3562702F7932336633712F567A5556387253703452715032594C62592B302B6E46664A384F5A746D575A30616C584755334278647465752F6F634E4B324A625454567536376C622F41495254536D31332B31784750744F4D627138632F626C2F5A6438582F7446654262437938432B4B563033564E48766A63323654727568754D72744B4F427A394432357238387647763754662F425672777638414750565A76673538624C4434682B416A714E7A3967312B2B744C65464E50574E7972515866797130624B526A4A366A4272317A784E2F7756352B4B33374A487758307278372B30537667377864715869485550736D6B61583451756D4D6B79496354536954356F79735A4942786E4A5058725876554F49365744784E3474707836746148366C6C50687A78446C56664434334C655770566E74434C393758756A6438532F737A663846433961384A6A34667972616D7966397A64587A616F7842692B6D6431665433374D7677303166396E48344C36563446314341585678614B786C754C664B686D4C456E6A6E706E485776412F676E2F77587A2F59792B4A68737248786A6633666857396B41446A556F7949777837426C427A7A58316A385066326876676A3859724E4C7A77463851744B3167536A4B43326E4569342F4376547A6269705A3368505978717854386C2B6175656A786C5134346F556F304D35793656474B64394B62696E3676564D6F336E786465327542627A51736937756A47766D2F2F676F6A346E2B4A486A62344E33396838504E49756236535171747A425A664E4B495034796F48586F4B2B72664550684C536458546463364D6B36742F487733364870586D6D736152384D2F375762534C447843747471514A4832555848377A3659722B6475493858784A67705430356B394F332B5A346D51593743355A6A6F59756A54546C427032666B66692F66615634372F41476639446B303632764E546D31667841736232646A4A4966744D45514F417A526E7157366339712F532F39684C3449654C39542F5A52307135734C5362514E636C33537A573137622B58444E4935505564767772737233344C2F437A5776464566784C38526546644831432B7370517154616C45444E427439783248546E7658532B4C6452386261766332305068753475644D746B6A32523231724942627A4D7734596E746B63636436354F4173777732477A4E2F3272546C53397061504E4A65372F414F42664365373471654B2B48346834615748777546565363487A5335666950412F327176696E34512B4774726166444C396F5779673057545731614558463477386D634144376B684747366A38362F4B58786E38454C7A347A2F486E566642487759316D2F62773161336330397863576638417837664A2F6638413976384175312B742F774151763244666A7A38625069664A622F454878566265495041637A5276632B4850454772666259794F63694E5833474E6877517749494955676A46664E3378722F344A772B4F66324D2F456C337176374F7669714C5474477637722F52394838557578735A4A573538704A7A754B2B7A4F634475612B35346834597166327037544B4B6E74314F4C6B6C396D4E75327574372F67666D3258356E6D3343575854783246712B3271566F51354B572F4A4A326B3031333737474C2F414D454F6632562F4874722B31424E347638646E376242344F7333655855416A7248353069346A6A424C5A5A7359626E6A47434F7466744B6D316F68763662526D766B7A7731632B415032455032654C55527A687451315A466D314B3674334B6837746742356D523935463765316333384150327850696E6F747A4E61654D39536938543655383766325271795845617A7A77456B715879635A476345486F5152327233384C562F315679656A5878734A63745232636B744979585239743950526E715950492B496549714538307130655355374E72764C573975783967654D625456703946755A76446D50747356744B62555A3679624D4B4B2F4D483453664833786E384F39663853654F766A58385A4E543050346F36566479796170345976376A466C7145616677527039774C2F4148647644562B6B76772B2B4E66674C34687A7A36663466312B7A7562797949572F747265344450624D6334567750756E6A70575438542F414E6C72344166475478445A654D506942384974433162564E506E57573231473773456156474851687658333638443046666F334475665A57384C566C7971634A704B367333486662313639644434334E637078644372797A546A4A486B756F66745966415477396F6E68763433363938506C547846722F4149562F746557357562534A626D3173597A793753754D716F5A7946414F577A6B41313348374C2F414F3233384B7632703948747457384158457358326E7A6673554E32753135456A66624A742F76592B582F766F56344E38572F2B4372333749666758396F6E5776674834332B48656F58556668325A4E4D314C784E48706E6E32567538675676495A674D71753569704766764B612B676668392B7A52384A6F50487569664848775044396A53313075644E4D737450496A733974793679504B4931414735696F79652F65766D595A7248485975554B5537326230374C702F77335139374231386E6E6C30716453457662713376583036394C66722B5A3753684A5545307449702B555A50616C794F7561396334516F704E362B744C5141555555554146446444394B4B624A6A61526D67434E33626365613450396F337852702F686E345161337157722B47622F5672583742496C7A5A6157704E77305A47474B593645646331792F375A57692F7447654A2F683962364A2B79333852644B384E2B4B44714D5567764E586844784E417241794C743635774F775057753730537A31302B454C4F323852334B584F704A59784A6554786A4379544B692B5934485946736D726E486B70716161642B6C3956366F4D4C587730385771633955747A38735966322F372F77445A79302F7776384E66325A504364356F6668507731504A4A4C596176662B664A7155622F507361552F37334666646637452F7743324C34342F616967764E5138516643795452624733684472666D626447375A7755424147534F74664E2B6C2F38456F666954385776476669507839385966456B65695361747139314A7039704635647730634A6B496A4A4947464730416A614D6A505556394D2F734B2F732F654F503262764457702F446678547173463770347679326C79776B2F63504C4C6739426E4A41796676593756387267353576504E7050454F3847376F2F582B4C63523465564D6868527965433976434D62326274353636587436436674712F747136462B7A4C7073656736624E4463654A4C79417932646C4A413075497742387843676E726B666858436673376638464A66456E784D3853365A3449385666435A6D31445570776B4C364E65704F4245414E3030696A2F564B704F446D76632F6A7834642B43586A44536637412B4B2F686E534E586849506B57656F576153675A376A63446A3631356A2B7A76384B2F3261766735346B315458506733344958543331526C382B524C6C336A5842596C5931596B52726B3549584753632B6D50753452702F56655677764A374D2B4177745043314D432B656D334A4B2B6E5835395078506F655854626439514F6F6D33587A3862524D514E3458307A3178566B62304743787942334E63374E342F53505572473273644C613874727266352B6F57386F614F335A514474626A766D76502F4149782F7444786543774C4C54624F43393834634C3533582F7743787279766133722B772B3132506938357A6644385034523472474C6C677432656965412F693934562B494F753631346330524C74626E51626C594C30584E6F3853735747636F5741446A33475230727242497248614B386C2B41587868302F346C324C537832706776626550392F47734F4930476675715231366574656972716258743543746865772F4C2F726856536A4F6D3753566A584C4D31774763344F4F4C7763756145746D5776455869505250436D6B5436393469314F43797372614D765064584D6D3149774F35506170744F314F773157306A767450756F356F70554452795275475667653449344972463137547266587243373058576F6F727530756C4B53323830515A47586E49495057726D69366262365A6270625764737355614A74525558414139414230724F4D314A324F3831636A314647523669717933414C4651704F447A6756494A466270565853485A6B74464947424737745330784869336A6A397062774E3445735465716A334C6565495931647843736A2B6759353656686674582F4142582B4D476E2F414C4F542B4E2F67543443625672713974583879317555472B4750412B6456494F38396341597A58793938502F675A2B306A2B305038633956457958476A61594C776E557872316F4A6F6F492F774343424E2F2F4143315874742F33712B2F64443847615834562B486358677579695A72477930314C57464A446C746949464766666A4E6376736B734D3658667165686C74576E67636254727A67716969302B56375031503537456C756455385176706669792F3875432F3151334F6F784B4E6F336D5435736A3631782F2F4141556938532B4D394D2F61636A384C654A4E464E76346138503841687178742F413064764954424A594F686333417953476435444A7562726C63484F4B39732F615A2B5066684434652F47335776687838457632584538526547303175356258664548695052706C756239326B4A4B3272446159346B345657783832306E7667656666746D2F474434532F744866424C516644466838464E5A3850654A2F436B736B656B58747A644E4B6B6C7049537A577A4D334F45664258505146683372387671554B324564576A4B584D6D37725331764C72632F76764B63387847625A6C6C6D625948427855497874666D69326B37586B317670625331393931312B62492F46576E5879674735646652534F4B366A774E38542F4733674B35585550412F69362B30715257334C4A59587A706B2B3442776678727A6C76436D7632587954514E47414D6264756331436248557256386F6B7138386C712B575647644E2B374A7850364E656359664D592B7A7875476A55767071726E3648667373663841425A373973487746716D6E2B4376467669754C7850704C7968584F713271744C456D65635344445A394D6B6A3272364A2F6131384E2F4544347666445266486E776C38644E61367463542F613776547674664D706150506C382F503372386464413863654A664475714C71466B574A747A7A7A58312F34652F7743436C6667447833344268384C654D6643317A6F32705154326F58554C57595075564A454A4F37436D504B7152783639363438796E6D754A7078684B707A4A58742B422F5033485868396C57417A536A6D7551594F464F61623534714B55582F32373076716670542B776634622F414769394968384E6156385A6F57764C5A682F70514E393573586C2B572B7950592F3841374C58334C6565473944765952486457536F5678674263562B456678562F344B50654D2F4376684B7A763841396E66396F665635626F547837593537387638415A3154424938742B782B372B76617662763258762B44687678766F6F7474412F615A38447071634141567458307262484B50646C78687655376653767365474D78796D6C677059504E594A36337539642F4C702B4A2F4F33452F67727878784247726E6558344F4772616C476D725430363876552F55765650416D70615A4A39723047344A584F5247543072473862615034592B496E687558775438552F44734637617A6A624C46645168316366516767316C2F73366674762F733466745065483474612B4533784E7372795352515A4C487A514A6F7A3646534F61395176644A307657344D3346756A5A36534B50352B6C657450682B745166317249717A3558727974336A366430666874616869736E78626F5A6A526C546E4632664D6D6E6635322F492F503339726A3446654464512B4E3269654337725650454D33682B47316B765A6F394F587A6B6A4B376471454559554835682B46634E386250454F6A3644487065692F4272544C617A736F376E37445A584174635332514561502F414E3937766C2F32612B776632682F325459506942356D743232765864766337436F50326C2F4C46664B2F78732B466E784D38505070326C36766F554569576C7A4538656F515248666362446B6C337A6832497838787765426B6E46666E584558454845654C77433466784B6450336E6252754E39507461664A4836746B584547466F355A43724B58744930666563647272725A61387A3874447750512F6A6634732F5A663865325635345A6E7572653754615761492F75376C5439344F4F682B6872394C503255663232764366782F384B51777849397034696A68335361544C4942396F59643034355832363138642F4648345A2B45504775694962725372644C7858337357507A485054384B38355A2F452F7771385257657061486569316E746E55323931413555726A334853736E7878674F4271654879614D4771332F4143396B705867314C2B582B392B5239786A63753455385775464B65593566526548725255755675504B33627575337166617678612F344A592F4233347966462F55666A6671577058326D586E694B3973372F58394E7469706A765A5955776F596E376F3237655165546B31394433486A7234612F4137777A706D6D2B4B4E6473394B3031504B73624553793948484370587A3338437632776F666A4C3458302F77414A654B707A6265494C612B514D305A496A765274342F77423333482B7A522B307050596646487837346138426645543455366E714E6C34636D4F7054337133543238444F7778476D34594572674B57783242427239663465785753797166584F56786A4B4E334A6176586F3133503554784F447135646D396643566C5A303774793648316E2F77414A467076396C4E72486E426F664C4C68313646635A422F4559724538522F45765339473844792B4F34706A4E616554356B486C523533317A5877312B4D76777738612B413733552F446E696531754C50526C4E7471635A75464A73586A554178796E737746665076692F7744344B567932767846384C65422F68353849727257744E38544C644344564C65426E6867574F526F34336B327164714D364D5062697673316436704F3354303666676475585A666A7331764C445154696C75326B7445336258304E3734662F746E6648483467664631664266676E34616632707054584D54586571797773695774757A59626351517175754477335048546D767241454D6F5964434D673135682B7A72385450443378673843772B4E724477742F5A553030386B4E335A535933787A5275565948414765526B486F5267302F3472654876694F2F6A7277393477384966454F3774644F3074706D315877314244477731674E487352537A4B53675173572B584250725363364D666A6B6C366D57495370533558756A3144686852776F7170615868635A626F656C4A66587768584A62413570335863787337584C545363486A745661535A742B334F42586D483752567434362B4B667758385265442F414949654E57304C78584E7030796154716B657A64424E744948447152747A6A4A366A4149494F44584F66734766423334396641443447576E77342F614C2B4C30336A6658375334596632335075424D49503774506D354F46774D6E6B347A6D7461617738384A4B7371736270706376562B6E6F5A546E61536A334B6E786C2F5A322B49766A33346F5758697A7739343675726143326D456B6C764A4F77417A314359497744783631364A38522F48712F445877596C774D4738783563476657753641556779726B5A474D31346C2B315A384F2F694634715853664566674E6F5A4A4E496B64356257626364344B395141777932656E702B4E654A69494C433061745743626C4B3357372B53506B4D666C71794C43347247594C6D6457707131767235646A7948785438577632682F684866703438312F586B7542656776384132484B422B35342B584664782B30782F77554F2B4548374D6E674C514E54385833624E346A3853365731316F2B6A57352B633455466E63347848474F3748676539635834542B477678542B4F666A314E522B4A66687935734E50746558463348733877676E35554870782F6E4A71392F7755362F5965732F32707632645A4C547750346557587856346274504D30414274727A786F473332753445454B366B447479712B6C656677724B76694D66556C586C4C6B75744A4C5657762B647A6E384A34596D766E5653655A7570484379646B706646667131323664376E35312F464439704434716674563356374A34462B496D75574D6B5A6C75623355307654766D4437472B7A5737484238744E754267597236722F77434361507848314C3472664336627756723271334E37716469375774374C637A6C70676A64475A6A79543148345638612F73302F412F396F625450697A61664379382B476D73576D75615864655336616C6276455A4C56767579757836595134622F41476858366D2F73772F73692B4276325472532B756644776C75646331395131374B5239302F335639414B2F61654C4D7A3458345A3462703469556C4B704A4C6C5333622F452F746E69717677527735776654776541355A315A714D6F745762382B5A323831627632334D587739346638492F73632B45377634652B482F46577136786436786576654A5A5845336D79674E6B3455667771636E3634715034422F456E34592F4848584E5A3843654F64446E307A7846703050372B44554A464D37776E6E63763841736973503975663456483454326C782B316166697A42346475374853444271306D6F67797138594A5A4245753441507564686A484F527A7858354B36462B313138615950326B497669313453316D34754C785A6E69614E31327250624F774269595A492B62354F35776348745835396C6D5534444D7348484F38584E2F57704C524A76335630756D6C70356E675A4434565950785834647846536F6C4E5256354F55644F613137624A66692F5248374E2B4566327A2F674E706E6A332F686D62344C616E4E34693852434E3175727A545967316E614F41634361555A4764324678367437565148374A4837536E78442B4B593137784C3853376A51394874357438703079364B2F6173534231776F4F3048475153523648714B2B4359394B312B3175645838633233786F31653131627737346B302B627739705571786D33754C2B526F69735537496973364A356A4A686D4F41325230776631362B4532722B4C49766833705631385372794136724A61493137396B51724558497964764A34354865756246346D6C6834633961646B7572507A6E696667664C7544634A68384E675A65366C626C31306174746F744E666B573958384B65484A55734E51385433447564494736433561636F546A7566373336316F61743474303753624558306B6732343435375638692F384142534C5766697071466E70756F2B472F69663841324434667362354A4A345950395A716E2F5475762B3065782F47765466325672545776696A384C346646586A5378757A5A33444B644E6875584F536D50343139612F504D6678546A4B316564504A3658744A7271335A4C7A61732F6B6556484B4B46504152784E53717458384B335872716466346A2B4F6B636C7250626546314D31304F416B534679507747612B5A504566676639766A773765364634703076346F4C64526A564937727873317A6353626D694C677549495364736361714438717147626E4A4A3572322F39732B342B4A5077782F5A733851613938414E426B6B385257396F667353324E6F72794966377742423665775061766C2F2F676C70385A6632355069482B304671666758346F366871666966774A5A576A72663841696658744C45624C653450795153414C356E504743434141443756347557596E6936726E45495A6A4C66585257697239456374505073426C2B4A3968547071546666384172512B346632612F6950726E78512B464F6C654E3964302B57326E766F41785631326868304467646777773334313651484A475161677337574F434A566A5441412B5544745532302B6C66734E4E5355456D376E6C3171697131484B3172734341657672534D717343434F744C52566B637852752F44576A5866384178393654464C7A335163567A2B7266426234553636434E6538416156655A362B647036742F4F75757952304E4C6B2B707158436E4C346C6331705972453058654D32766D654A654C66324176325076474A5038416233374F33686935427A79326A7831347A3851762B4347483743486A6A653970384F626E5358626C547065705478684437526951722B4732767449416B34464B46596334726B71356467617139366D6E386B6539674F4D754C4D7264384A6A717350536376387A38715069312F77414731337737314550642F436E3478616C5A7A6E376961785A4A4F7630344B4E2B74664933786C2F3449456674676644595855756852365272317576492B773353787A532F524779632F6A5837776646337858642B422F6837715069713173764F6C7459544A6A3177612B5A2F435877772B4C66786E2B4A312F346C7566474E6E652B44627945474A622B322B304978502F41447947355447794D4F75612B4E7A6A4A38465471526F34616837307571623050706166306D2F45726876475573504758317476704F4B646C33752F7A3150774C2B4A48374B5078372B44393038506A583462617670676A62426561315A522B4464442B646361626E78447045705761326C556A717379342F55562F556634662B4333677A54504143664462346D333848696B4F57455A3175326A64354550524E7033626750556E5076587A642B30742F774145522F32502F6A41736D702B476643612B4674536B354D2B687965557566654E7956396571317756654373584B4E314A5031302F46616E39483845665372774F594F4D4D32773073504A327536636C4B507A566C2B467A384A76416E786131337768713065732B4866456437704E2F463979377372686F6E586E70755567343975687237382F592B2F344C346648663456506165452F6A505A78654C7446516842664B4653366958315A756B6E62305031726E50326C6638416768483864506859317A72487734756F7645746F6D5751664C4463676476756E6133483072347738662F426E346A664358566E30377862345876744975454A474E51685A4366706A676A382F72586A527732643544573536626C466666462F31356E376A6A5A654766692F6C7970562F5A596832306B72527152762B50364839422F77612F774343694877442F6158305274572B47486A4330652B5A42352B6D5855675765412F39637A7A36315938616647585159695638544A6276595A2F6667697635375042507854312F77427255463862713630363769664D46395A5446446E36673139552B4666326E666A562B31586F4F6D66417A5876485675304530356B6C314B584B5350436F475563715275375950586B354A78583668777267387234376B38506A494C6E5375326C2B5872592F6C76784438474938455872344B6F336837374F4F73666E657A387444394A74552B486E776C385A6D34385865437466466A684D5046504947414765663838315338642F737A3654712B6978776162725556374E644B684D534C68534F32434F6E3656384E664472347536346E322F7743475077743852537857476E5A6A76504646374B5A304A4858412F7743576739547869766F66396A763974335850454878426A2B45506A2B434C566F597045677364583072354C5A794F6833483770397561354F4B7641764A70307056617365622B39396F2F50345A746E6D5759654D3842552B446F2F4D71654A2F675238596667354F2F78413058375A42425933477A2F4145576373596976494A58307A307236782F5A612F624138506647587731592B4776484F6A4A6436704C4F624F63756F784A68636C73657565745A4D75745756723448316C50696671304670444A6350416C3139704445724963715748303656386B654C62445576687A3436547842384D4E62576548543738795774315A413845664D7859443236312B425A34735634583570512B71546C3747584C7A526C37332F6B7037454D4A2F774152487932644C463034307355767463767866346A367548374948777A2F41476350326B68652B456C4674344C2B4B3465783133777931782B366E3149655A4D68514867626B333539786B563076782B2B4F66776E2F414F43656E77353054777434442B4574356576714E32396E6F75696142466743515274497A5353484A58494855357A6975463137396F5A2F6A37384A2F412B7565474E4E744A2F464F672B4B454C32392F677752537462546F736B6D4D4D455A6946797651754437564C384866325A76326C2F6A36757632333766756E61624A4661617A62582F684D614464474E72575A48596C314B6E6376486C38456E492B68722B6A61654F78484550433073646C3961507448464E4A757A666B7654723875352B4B5A74537A584A6361384A5630355730342B6D6C2F6E303874657030663746333763746A2B316434567676476B66677554772F4E5936784A7039335974646D624569645744375642423968363133766A6E7735343438532B4A524A5A616C6358454548372B324A34386B6E30714344396E373465664244345A50345A2B474F6C7836546252586A58636A6E4C76493759334D7A5A354A70504866787538562B4150326474542B4A33684C525974517537474F49704579637247307178744966554B44754939712F463657447A6E6976506F35486A4B736F54545454543066652F61316C62356D5762306F5279663630335A52332B5A36586F46373470306E3461506532762B6C61714C6470596261365057626268597A2F774F76412F32762F327376462F77732F5A38754E626D384369547844465A6566714F6C576D6F6952725442554F437755664D4153514D633478577438462F32682F47567259614C6566464878485A617A5965495248465A33316E624C47595A335941514F71384E6E63426E327277763974622F676D74646133612B4A76463377482F4147676457304C784E34684571332B6E61726665645A366A45777A354F30674749676B34494A4850495046667357645A4C6A386D34642B71786C37394E4A583732506E4D767839624E65534F4770633855317A326B302B5872613235383666733866384142595852462B4F6B476D61686658736D6A79542F414F6C584677683832456E71705471772B6C6658332F42537A39747634302F4258396B6E5766692F384266683942714F6D3231744E4272656F3669587435725065646953784A30635638392F384538762B435833676E34692B4F39442B496E78442B46546144596542706A4665575537376E7637794E68735953455A6B6A4A5864753648425846666F522B30586F50777A385766443950687A38527643634F74615A7154716F303238554E424949325278765847474149586731356E415761724B366B4D666D73464F6A4358765265764E5A702F31366E666E73734C694B384A5947446F7052356557533130362B6A766F666E702F774145425032366632306632686278666774385150456D6D7A2B462F42326C526C35745273476655706F6E6478477063767A674C744445486744697631626D4C46576E32636461384F2B4347732F42363931332B3376445077733066536238434C54426457656B78515849692F676A666A647372552F614B2B4D57722F443279653333534C6270444E4C504C4246754B7169376776487267382B31666F4F6338525A52786E6D7454485A626834304B5572576848702B434F48436530685474556C657873366C385172574C784557767452686A745550436C2B667946645234653862614272595A625735424871445835692B4D76326B2F693534346C387A784C6F4E377074303271663841494E67502B6C57572F774335386E38662B30746657486848347A6164384166432B6B522F47753557547864722B6E6D34693043304948326533544261567A305541455A506576436C6C634D6D69366C537038586C322B666D5A5A5A6D377A764E76714744704F546A75317174662B475A373762654D76683372656F58646C34663153313143397357387539686866353450545034352F493156754E53307A77686F31333852664739374862515738545362356D777353446E4A2F43766E4C396D7A347A664244346D366C72766937345036477953367A654753365A726A7A476C614A5172734749794141427837313858663846582F7744676F6C34692B49357576325276684C346A6B6D73344C73782B493953747042383744422B7968687A68546774366E6A6A427A383354776C5469544D3369716A63734E53667570374E393764744E4F352B73634D63475A72784C78545379616E43664C6F35536C4779696E7631665A395479722F6771562B33723476384132317669334E344F384658444C34483043342F346C4E75442F774166636F47303344484833542F4350783734723530384C2B4B7262345461685A6133702B6E32317A7174724F73367464523730526C4F514D416A502B54564A424A6F374C3461384E36596269396E3450325938357237522F59312F774343626E673377334C702F7741615032784E526C4C35452B6C654462566375342F686B75473667643976382B33745A31784A6B6E4465433974694B7169765054613335614839333539784634666542334155635069363049556C464C6C763731535858587A76712B68422B7762384476323876327676696E5A2F467A556648657365485044566866726374657643493435312F7743655676626B655751646F354950516347763136733744544E4330324B3538582B4A4751526F46495A5141636653766C7A78442B316C712B6A32636569664458777862364A70304D5968676A415679714470742B5562652F722B6C664A33375A3337556E3751666837534C54536644646C6361786636764E4D494E794D2F6C6C5644414B6D37626B357879434F4F6C66696458784B346434687A4B644E7A5435553342644A4E64583336482B5733694439492B687878785644415A48686F7475546A42615255567071355056333946743050304B2B4D50782F2F4147594954445A2B4C4C5348576A5A536C346F6D784B6F6636594942342B6F726E76445037666D6D616C346F732F43756965455459576336736C76647473324171704947304B4F755057767A5A2B476E784F38522F466A7774612F4544784E4C446F31704B347459374F533945737A7971634D574143376335364556367234413852336576367A7031683458744C6C726C4C6D4F6237542F414C6C6641356A346A5A2F683834354D50474D49646556622F77444466716669764758482F4665535A74444231716B564A50574D6462587462552B6E2F45333763763751777A4A34623848364471467138337950615A646D2F765A4737697658763252766A4434362B4B467A644A3479302F53725A49766D46705A4B6436763233664E587A64384766326574492B4C57702B4939517366454F6F6164625261675444714E6C477361534C6A4C41413942586F5037456D71512F436A346F3676384C4530613476664D7669304F73526B4F434D48416B505938313939776C6D6E4565507A6568694D564B3947563747584448456E46552B49635055783872306173704B4A3972526C69666D4242394D314B6E3352554D65372B4D3562484A487255796664466676693250364B466F6F6F706746464646414251656C4646414758724F6C326D753263326D333973737474496853574A6C7947423669764F766A6B352B422F3750486972784E384D2F4438676E306251727136303354394F743978616459324B42557A6A37354272315541645057716D70324B545762704B675A58794756686B456539464F4549316C5561324F6572687156546D6C62336D7258366E38302B6B66746266746A2B4E763276764266784A762F696634686D316C66466470465A7174347A52576F6C6E45624B3848335751676D4E303441566952697636504E46312B336E30574B612B43475A346C6155376A6773526B386657754B38502F736966733465452F4555336A50773138476644317071397A4F30386D6F5261596E6D656165724B66345366617571667739636F706A574D625230436A4665376D754E77575A4A4B6A53354E4C4D2B50776C4C4F4D706E5A586D567645647470476F776B7751686E50654F766E66384161512F5A36384C2F414251734A745038572B416258553458556A392F4347493439612B676E6857306D7A4D44473265424A304E537A497433474263327146542F4142786A4F612B65564E34526539486D52376D556358357A6C75597176684B7371556F3945332B682B4F7678762F344A482B476458613431443461616A4E6F46797A46687074346E6E577248366E6C50787A58794A385650325A50326766326174544F6F3672345A764E4E4D622B58447164695331764C75354244447032503439712F6F67385266437A773134696A59765A6F5365704359492F4376485069702B7974346F3144545A30384E51516168597A416958537275494F6B772B6836666A5842484A614D38563963797966734B71364C534C386D74442B6D2B462F704C5A725868444C4D2F6F4B76526C6F334C562F4C512F466A52766A6A70656D2F4432322B473368473365325A3142315044455A4A3635622F617237642F5A56732F412F3750762F42506A5666696F5A3745654E4E566B65383069787547547A4A4A504D3871445976337634643346632F2B30682F7754453843654B52507250684F796D38463636704A466F716C374735623242356A7A79666C2B55656C664E2B74365A2B30462B79567138563138615041552B712F596F7A447056314C6475396D692F642B52756750635A414F4F74666359666A6D70527761776565306D6C4670383856645031366F2B327858426E442F41426E47465868797679536B2F7743464E32656E547A507366344F2B496647587851304A372F34692B4835345A724B316154574E5355752F6C6556786C6C7A687570787579654F746176772F2B47586A6A78566F45767842384E61524C2F5A6372757046352B364D6D4477792B33505876794B2B554C502F41494B68366F6644316E34526B2B46467261365974326B2B7152574F6F415358354279775A7970774439446A6E725836512F73716674442F4141722F41477450444D5A2B432F696254344C693274565766776A654A354E78615942347A6E4444484F3463666A78583552346F5972685478416851776543676B334C337066433452377136317638414B316A35666A764A50456A776B3464715A6C68384935796B6D74467A4C5331723974394F2B76592B654E47316E785838452F694470337846304B334B747039365A6673724F786A6337537042436B62736269526E6F514B2B786647502F4251367938412F733261583862312B474F7036354E64586B5672506F656E544179774D7777724F2B303846676967593676375634482B33316F6D6F2F4448774B547058685736737465766E526F4A3374633236674D47507A39474A4846636E2B77332B306A3467304453373633312F7775793256394949624B432F554D70766F796352706B4849795156627551443272352F4338505A6834535561574A6E566A694D4256647669616C48736C5A75312F7562535768385467716565654B2F683875494D64686F3466477876473064623274366664717A36472F61572F6168683154536F6450312B3375644530792F3073534B38714553527975506C552B6F556B6268363178582F4141543931763841614E30447870715877702B4F576D44562F442B747A2F384145724352676F734A354D787878676A475230466576654D506878704837592F7739482F43626142486F76696253435774554C414947492B566E78316A4937646A5733384B5041576C2F7338365A704F687A654A6D315365433149754C7957544C415A79593139497765335543766E63546975585071656355616E75546C2F34436552395A773144494B6D555636635A542B30596E694C396C7234432F733936354A38556A66337073344A5464575769584D786178744C70534757574E446C75446767466941522B58783338596632362F4657722F4142663852474457564F6D577472353170744E65312F3841425254783534672B492F6779397666682F77434B57476A32566F363669626545456F78414743577944676A4F434D4534347238326644507752745048397863654C5A66474E334A6133696D442F52376E2F582F372F77443854583778674D35792F696167734C4371716C5758526444396138462F44376872445947574F71706337567257373336335030502F414F43616637623968347730585564493162784E616D36693161512F5A672F6C66752F2F414765766F3739727A39732F77332B7A4C3459307135755041313734677674666B43616459576271756565574C4E30412F725835632F7337664171357364557376412F772B3850434F2B484563316F6D4658315A6D2F38417234392B3166667678752B4748684434672F43485150422F6A2B326C317A583943306E374D4C6D78314D323872534E48744A584B7343536551434430393679784644686E4A635054776C577646564E627833617662632F5066482F684B4F587739706B56574C72543664767A76314E7A396A33397250344966745257326F6646487733344A4F69616C59336F6975767455455A6C387A792F395A7654372F7956305078312B476C3938543731593031727A4C625662517757317A626636327A2F415032763731664E7677447666676438476B742F68543462567644617A6E3750623255702B3058586D6A6A6E44444C313973364270756C663272703368704A476361624244683247433348556A317235334D73336F3549715477435435354A5866532F552F454D76796245592F4C46527A47366D6B334B33585938632B482F7741384C65412F694E712F78312B4C6E6958547464317A5237565648324B4C3559684770565A58565467796C646F4C44614D706E41727A6A347666744A66736965427646476C2F455839707147665576456E694F306166544C5A644C2B3066325A59754E336C766A2F4148302B397572522B4F6E674877483841666931724878473072343033567A72657333422B302B477271353832322B6366782F3350396D766C37397537346D664233346B654F744E38552F424478746253654B62714B4B79615361525A4C4D777846574F395346436734436252314341594743613933696E42356A69734C5157432F65797164666874653354583944376E683767764759626B6C6B5632374C6E65796975716231763550512B6E664858774E384E654E6644576A362F2B7978727358685731316E535A376F6E545557434C794C72792F4E6C5246415A585A455847477775346B676B6B6E35522B4D50374A50774D2B454868613930337750342F4770616D426E55726937486D7676377378376D7657394E2B4E66694F373037526667583433312B4730317A784641396A6261313465684E704259784F412B41416467477A59754B2B4F2F464B654F4E4C2B492B7666426D30302B616278483461316166374263577474764E334770367A592B2F765571636B39362B6B7948684F7067734734356A4E30366356643238766D6A3947796A6950502B476137644F72727333312B62363236485A664244774A384F66436C332F776E74724C4864366E4C38317666544A6B573450614D646A372F77417139556C2B494676762F744639566433483930415A4E5A66374F2F374633785538544E4A346A314C51723152716A693469306C4C637852574C48716F5A6D77337258306A34592F344A322B4E6270466258624C543742654D2B646371352F544838362F6A66785779664F4F4A2B4A5A34544A714E537452576E4D394970397464396A2B4650476E47386165496E466C52595A31613654747A4E766C57316F7137732F58513845314C7876347631714E6673756D2F4C6E676B5668617834593854654C4376326A554C714A314A786377484A675066487058326A344A2F5963384358396D4A443855524B694D56325773434B6F49366A6E4A394B6A2B4A3377392F5A332B4350696A7776344E38512B4650455775503469757A424866576C755768674F42686E4B6E3776504A375638336B6E675278724B5371546A476D3174643672376A38397958774C38524D6669347A707051716634746631506950775A2B7A6E345938465353616E7062515458737A623562753455744B784A7A777A45342F44466569577568445450444E6A6F33682F55726D326E763772792F4556355A776F73375759556A796F664D5631426264314B6E67644F612B3650446E37506E776A6B315758546B2B474C773238634B76466658494953596E735063562B654837574878302F61622B446E3752643946384C76683667744C4F386178307277682F7769363350397341667837302B5A452F75747572334634615A356B6C656E69635656553779536174632B737750686678486B2B6351786D4E713036732B7A3939616554736456384B504558784575727937384D783278384C3373757472596547624D3672497933683874334B766B37666D4371417755637430347239472F676E384A4E472B4776676254644167736C453176614973386E6433354A592B357A796178766854384F506878346A3066512F45336933345265487250784E62325554337473624B4F52724B566C2B644178585047634139527A5871796F4132514F50577633726862686D6A6C565032315258623256724A656D39722F6F66764F483462792B474E6A6A6C53554A754559744A653770665A644E3964797A435359786D6E5A507251765166536976754436416B6F6F6F6F414B4B4B4B414369696967417750536B4B676A42464C525141337959662B65592F4B6A7949662B65592F4B6E555541554E533850366671534553774B54366B56556A384E515730666C71764136444E625646567A4E717A4F5772677350566C7A4F4B7633735A635767776744636F7A3942557730713178682B6C5864692B6C4778665370566B584444306F6E4366454434542B455045566E4A4472476B78795273702F654B6F444376432F69502B79443464313353626D3267734C5855724759487A4E4E76595136456651396672583158645773643162744136354246636C7133686A56624E7A4E5A59786E743370766C6C446B6B72727339543338727A764D4D7172526E526D394F6C7A3868503270502B434E30757053335069483443335230752F4A5A7A34633141626F5A44312F6453486C43547A3664712B4A375748343766736B2F45763763553154776C346B302B622F584E7554634166796B5438782B504E66306558647270563268742F45476D6750326C77632F6D4B38372B4F6E374333774D2F61593043585450477568576C3547554953566B416E687A3356686A6D766A383534516F59782B3277333775666C742F77507850366234502B6B685877754857586352772B73345761744A53584E4A4C796233586B2B3236506B443969722F67726E384D76326D4E41672B42663757326D57566C7255385168683161646C2B79336E4842484837747965326348317276766A3534503048345A6541333843326D6E786675356F372F414D4D616E5A342F7A75577669663841625038412B434D6E78352F5A7176626E7876384143695276457668714F517942625A647435614B4D45456F4364774234334B666646637034642F61382B506166426C2F67783438754C37556258547030545464597548486D5752596B474A32786D525474484847436F504E66423574483637537035646E6B704A55356330486652765458743050567A627735795869614B7A6E772B78305930334A536E526B374F4C64396C2B4676755A2B6A4F6A66744E2B4250432F77757366697A723139486677576C6D49745A6A4A506E524564636975362B4848375433774A2B4C6D6A322B7666447658644A6A747079714F466341376A77415363484972386E66455037546E6A54346461614C54545459537853584145756E616A796C334830415075613737344961766F32762B417272582F43756C706F496256424E504173754C65426A393435394D31384A6E47634B6A682F5A386C306E756332612B4550734D4E4C465473357661332F414D696664333756767867384376344C764E4E384E333856354C4A6279472F746B694C787172446E35567234512F5A382B495077326C31335550434E78385074516B744C7539386D656652744D62397978507979594972324434652F7466365A3970752F68444A34586B7474536132337861336232594D55357838796C6D723133396E7677356153664477612B6B304C5433643349377A70614B504D414A7775514B2F4E493861356E77316D66396F4B6E797A336A3778383073506D6643654639692F6B656633506850342B6547506A4862614E2B7A58344F69747644466A476A3332736130504A625558497958515A5A676F4936625433727A7A34782F384142514C556445314857496644476E69383857365A6553576339764A4C773552697262554948425052733550594846665A50686551692B33456C546A6D7679782B4F576D6E5476326B664634786B2F38414351336E2F6F39366E4B654E383134307A75766A6364704A4E4A4B4C666E65357935536F5A31556E484652556E4658546C712F5073653966422F344A66486E39702F347265416646767845384261335A5450346B68316E574A6862665A705A5667327373666E496D335978582F652F687236582F41476A76474878492B47763751396A386650442F414D5759594E4F57434D584868753854795979567A76335A5935363536642B2F5776442F414E6B6678742F77556E2B475776574E786F4E7671657165484E53635477326D75763573556350717266666A4830343550484F612B6F6632306642316A2B30482B7A33467033692F77785952654A4C6366623746374B354C65533639546B4B4E36766B41673766753869763650794765507134656A44442B3674552B61436C6F39375832666D664459715748792F50755772434D345330664B7569337636332F414150684C34702F476B66744F654E727977384E525874707033694F382F346D6E696936636661704854674B446A377243764E5044337758305877503855375034654E6F4D3863634E31694E6B596C3576346F35435165546D75704E7750424D3978344D314F7A6178455372507073557A45465979636C63342B3868347236642B452F776D384961352F5A4878792B4C4F674E467164745968374B444938737376416C63353641594E6631586859354E6C584136654E712F764647334E396F2F6566722F4141336B33444D7147587774376548326669356A7339482F4147526645507843384553654776694471634D467870747133396C4A47342B3071784F3557596A6F6F322F556471682F5A492B47586A7634596142726B432F42694858504638657174627A3357707635307433456556646E504B71416542314E636C346B2F626E2B4745666A752F67305078796A366A622B584663336D6D6E39336239677368505148504464425831742B7A743430384C6646693174492F68747155566F30747248632B4A4C744A664E755A582B376858364B44747A7537312B625A5A7856395A7764584131716A715864317A6679785077664D636C7A58682F4C3236314E7A685639376D6E3855536257664358375A5869767747644C7366462B6865454C35725835726A54374A5A6A626A327A2F77444531794D666772396F4C776E70476B364838532F696E712B7679537A6D47397552457045675051676F714564547832723667476E616E61615978384F79794F563449757A6E7A716C303753644E385432483236614D4D7973647939514433363146427244554A71676B6C4A3330522B4F5A7868363957554651664A47456C4A63756C376447393276566E6B2F775438492F435034536546353766536F3546754C7936656556726D6373307368366A6E6F42366539636234572F62616C3862364871506A5853506852452B6D3656635048464C4C71635A6D4255344A4D5A5162447830795237313947743445384A43495A385078746A706C526747764439642F344A6D6673386178645830397063617870455772484E355A61546673734C6E3156573342662B413139446C654977504C4E34314F2B6C726139373976492B67345972554B63616C544F5A383070573565585861392B7174304F6B384F2F477562346D2F4273664644774461694B4F614D733633304F5447423377434F2B6134503443654B664547712F4553545174593032336E7433695A6F3736347467303479636C513537486A6A48617663666835384276426677743844772F4466777644634853596F2F4C3871356C4C73526B6E6C752F577476532F6831345530454B326C61564641772F694135727A38523951714A70517632507A7A694C687A465A6C7864537A4843596D55614D473379506257332B57706E6542666852344A38413631712F694877727063304E31723134627255354A627035504D6B364441596B4B4142304664577051443371726357642B634377766750377741714F4C5662526C75437A456D32487A63393634477261492B79356E49314B4B77766837342F38502F456E7737423471384C797979575679704D4D6B3044784D63456A6C484159644F347264717965556B6F6F6F6F4A4369696967416F6F6F6F414B4B4B4B414369696967416F6F6F6F41545976705273583070614B4257516D31665367714747474752533055444D2F552F44656D366B68456B4944656F466333652B46645330653445326E534E7442364375783374363046695268686B656D4B626261446335714E3758553755366634687356644858612B36504B6E32497238632F32322F6948384466456E37516E696A345865422F4355647062365A646D534B653367387547573655447A4F65655650474F357A3072397072714F3166494D57302B766176356F50323264563148532F3274504879716638416D62727A41482F5852712F4E2F454C4C71574B79754B6E767A6239542B67766F38594A34766957764C6E63564343646B394864324F2F3841452F77313058346C326E2F434F766F354771537A425937754D375934553779763642663861732F464F3838522F4454775848384550687A3462764C2B77574948554C3148326D62507A485A6B456B37674F2F54363134526F76786538543655416B4F70793756364A4964796A36427334725374506A5434706C6C4A2F744D6A4A343271425834782F59746145564253584B74747A2B7A4959537171735A796B705732546A64666D65722B445048506A377770344658547645476F612F3968643857734A307A66635770393336375034666C396139732B433369587839616131345275744D3855366A447032705874724E4F6C3364504749554D6F425352574A4348424F5258794F666978346F6D495936704B665844565A2F3458563467736742766B7A366C7135387A345977325A55334755557272312F52487758464868347549386138524F7334332B7A474E6F7238543965592F694E34536A4F3650784C5A4B6638415A6C417234583858654776446D72667468613371336A4F30315750777533694E354C2B367372645378587A47596742694D383138345366486678664B4152714442665464545A506A4834696C487A616F2B37324E664F635038437A7944467572546C7A5874645079762F6D6546686643434747553144452F4572664A2F4D2F5861782F616E3842366434466A3137346465497A6457656C6146355547673669766C584D2B7762556979526748413638357A3072347A38532F744F2F74432B4B4E517539627637325748563743366D67693850535162626679433252455A38346334366E614D666A5879624C385876464D6E796A55355344302B6171737678443853797476625570507A722B696368342B715A54477A77634A327438726649387A4465412B4570564A564858753333582F4141547550326A62364777304B312B4957673347736274626A61585537433744764A705567637249547754747A7A797748484664522B30722F774146455045767867384E326E77722B45794A706E686179736F4C61532F53544678666749474C59412B525475365A624F4F324B384B316E7872713930647339354977376774586D317472732F68487849756E745A5479615863335953457872754E713764462F33546734486174732F77434F73667852474E4F7054564E525779362F3159392F426548574334627252784F496E37534565362B48386576364870766762784E72586776784B4E653065634F77346D6A6C54496D512F655676554566307237792F59632F61666E2B472B715747752B434A5568305175453147794C45796164497A5A38746C5033375A32593757484D5A5051673548353672715553736F526A3961366E774638514E5A3845617A46712B6C58524242416D695A73724B7664534B2B5577754E6E6836796C42326132507173393461797269544B6E523555316254512F704B2B43507868384F66467A773346727568334B4D53672B30572B636D4E76556531612F685855394C303354727746384B4C36546A38612F4B5839697638416244767641566A443470384961795A394D68322F327A7054535A6D74696534422B384F7544322F6C3950654250323366432B745465494E593076534E583135394A314F4A4C4C51644F687A5071463963443930696E6F71496F6B4C4D337967484A786A6E3954796A4F36475955755758757956744F6E792F7936644E4C483853385865476D62635059756F34713948652F6257317678507169392B4C63527647733949384536316652786E45747A4444476B612F392F48566A2B414E5674462B5076677A55745954772F716B4E7A704E37757848623670415939782F3257355276776176457A2B30352B3133345638464E3432386366736B5A746F357430746E705869434B57386A7465386854797743774838476566577656394C6A3841667459664353793174644E6C476E5838666E57386A72355678424976526A6A6C575535376E7258764B7264577461783854567745634A466531536137715364766B726E7039726552336B4F55504444676A765571526C30472F6B6A714B3433344E617A657A364A4C345A313735645430575532743270503373634B77395152337274734545483836303061504972553143626A304D3355343952693036352F736B5A756571453157304B545857303245654B5937583753772F3067572F4E62474D456B666E54664C6A7A6E79317A394B6E6C5A4566645179336A6769554A625271716467713446574536666A555147487855716450787167466F6F6F6F414B4B4B4B414369696967416F6F6F6F414B4B4B4B414369696967416F6F6F6F414B4B4B4B4143676A5057696A497A69674370664B426767647A5838776E3765576F342F62522B4A734C7467512B4C7276672F55562F5435666734427836312F4C762F775552796E3763337854564F502B4B76756367665556385A786E543970684B537639722F492F6F66364F6466325845324A6A613936612F43523576626172357162735664744C76636544672F57734B326368426B647175515841516737756C666E4E54444A50512F74474E524F5230567665504375647850314E5347396B75477A7534374373697A76507443594C63353471574B38534A747062484E4C324E6B65676E37706365643162426270365552335249326C73697336347579704A794F7665716F314D6F337A4D507872486B4F617073644C44504677534F6657724A6D42364874584F577572413479635A36594E583439544A58682F79416F564F7736625A656B4A787543416B6441525776384774416A3150343465464C645143732B7557336E442F414948584F472B425571582F41447273763264704E2F7833384768577A6E7844622F38416F61313159536D36324B696D655A784C2F77416B2F696E2F41484A662B6B732F51503841344B306638456B35394A734A2F7742706A396D6A773672517445627278523463736F75564F42767549464855635A5A4150556764712F4D3630755A46566F4A677979526E473168676A322F4376366E6266536F7039436A67754958654E6F6747566E4A42474F6D4B2F47332F41494C462F7744424A725666684C7256352B31482B7A54345A6B6B384F3352656278526F4E6E45534E4E667162694D442F6C6B65647967664B52786B4E6766595A3977792F594B76686C7246617239542B5850436A78637130616B636E7A5770376C37516D2F776A4A39753339582B43664476785231587754636961777670596D44634E453547442B466652502F424F4C2F676F4C7266374C5878346C6E2B4A31776C7A702B765352433031475535566C7932354F633463427550584E664830326F69556B7A526335354250536D6135485A612F6F52306A57666E74585079746E356F57374547766C4D4269617541724B58512F6F7650386E77484575567A7764614B744A6665663034322F375850374F457677787450695A7250785030577A307936693352797A3377424A34796F41354A47656742713138475069423455315077465034703079782F7376543956314B523948743566334C7A716551516E2B317756577677512F594C2B4F766750586645576C2F4148397146376E55594C5736423072553753373243634C77434366764F6E36312B333377462F5A372B46326C3648592B4D2F683138534E5876626557486462543356794C67344978742B5941444854474D6A7658366E6C755A3038625475333250346A343834477063492F7565655435323364783933305475397570363138477643647A6F4672716E69505643526561357144584D3042502B7042364C6D7533354132353656347238512F475878382B467467504550686A777044347830364638336C6E594D7476655252663331566A746B49376A4B6E307A5870486750787061654E2F44646E346D73594A6F6F3732424A566875453253494341634D70355538394458747157682B587A6F53676C646E52555569456C51534B57724D676F6F6F6F416B6F6F6F6F4D776F6F6F6F414B4B4B4B414369696967416F6F6F6F414B4B4B4B414369696A705142464A4D73545A4A363157766459533258636F365648724535746B387A7469754B3854654D6C74636774306F476B3264504C347032454B463665395150346E6D6B35563843764A74572B4C467246495239715163397A554E6E38574C4B62687277486E7453756A6F6A685A7956306A32717938526F783258414441396338312F4D502F7755696C6A737632382F69795177782F776C397751502B4178312F534234663851326C2F456857664A492F76562F4E7638413846497062422F3238506975686B362B4C5A386639385231386A78665A34536E2F695033723650644E302B4C4B36662F4144372F414D7A78793231636C5274347A37315A57384D71344865716B4F6C724647724534424752566D4F42454132746B39712F507066457A2B79597458526674626966714351434B4A376935334461786F744A34516758634F427A5333467844327853756A3149346832734E6C756E4B594448703631526B75484466654E506D76564F516D4F4431716E4A4F755350656F7332633954455071583765396B556A356A562B32314A736A4C34507457476C79674942596331615338554437334E4E4B567851784A745065386A443435466567667372586762396F37774C7562672B4A724C6A2F74716C65545333764F41654D6976517632553730742B306C3445525779662B456D73762F526956315A66464C47525046346C78532F316578582B4366384136537A2B7148535A5A70394D6963684144474F6A6E307148584E493076577242724B2F74595A6F6E474A493542755676714431715853764E6830794E4332663359364C56794E596B687934376338562B304A4A4C592F7A47636E5272364D2F43442F67737A2F7753503137396E54577237396F33396E3377363833676D376470746530797A6A4A4F6A796B2F36785648574669636366637741654D452F6E47757475696556497836484B6E765839636E6937776A6F66692F524C6E514E653032473873727945783346744F675A4A4549775151656F723842662B437A482F424976784A2B7831346B6E2B4F587764384F7A33587737314B636D534F464E7A36524D65536A675A2F646B6E355736646A58353978486B30497965496F5239313772732F38414A6E39562B4566696E437454686B2B6154744A4B314F542B3132692F4E642B71387A3466307256767462704C655844786D4E773845306259654E6830495059697630312F344A66663846644C6A34575846763841437A3434366F763243544370657948624765776B44484F302B6F39712F4B424E5763634B702B6766466276686678534E4F3142595A3575427A5A79413832387672587A4F4372313848565469377273667433454F525A447862675868735A386E315437722B746678503671374839706E3441586E686C50464558785A30474C5435496779334D2B704A47725A37664D522F6B3175664343644E59697576464E70494459336B2B37536968344D4F4F434B2F45762F41494A5A6674782F4262775A34786738492F744565414E4E6D73333278773630645038414D2B794F65424935414F455064753250726A3979764233694C522F4532683257732B47377133754C613651504263784E685A5550516A384B2F564D717873635A683739556678427833775656344B7A4A34653870516C724679576A586B2B766E386A6F7A316F70712F496F5673413938553445646574656F6641725644647A2F414E33394B506E506569535A496838782F4371726175675968557A696A637465526F55555555454252525251415555555541464646464142525252514155555555414651584E797359326A394B6E727A583435615034387539482F34534C34642B4F663748764C504F6674634B50625471763841444A752B3739526967756C44326B314736587273582F46766A50534972772B48663759684E3535506D665A504F2B665A2F6632396662307A586858784D385A50625279454D6346526A503046666C352F7755572F344B59664766776E2B316E7050784A7476685266365A7233684B7962546674397271516D7364525463575A543566797949787A38703548736130312F344F4266686C346E3848704A385150684E713168713865424A48624D725175362F7742317A6A432F714B3561324C703070387535396C57345378634D5054715171516C7A39453956362B52394966744F2F74516548666739345A66564E66384147384769334E3478673036613568615253354753634472676331387661642B33546365484E4F7564524837582B69366863665A704A7638416B4453782F77447374664566375576376350696E39716A78782F776B30746E4A48424535693071777459535244486E67656D3439536172664437396D7A347566476E77646353615A344D314665632B6534595638746970593746316252756B757A376E376E77362F4437672F68364B7A4B7247705861546153542B577437626E363166384567762B43675533782F307A57766833347638414643336576364A66476146336244584E6F35494248756855686832334C3638666C722F7755566C44667436664539692B4E33696955386E2F414B5A78563576344A384A6674676673636647625476696E384D724C5637665539477543646B45624D7478482F46452F716A41594935794B79666A6E385874632B4E767867312F346F2B4A64482F737A556463764463585669462F314D6E644B357330776D4D6C6759516E725A33504F34537A624A3648474658485A6637744F61532F4F333568666132492F334458494F784F414778574F6E69753552504F6B4533794E782B3847434B6A38492B415045336A47346C6B3035562F646B45687A5234733848332B6B51536A5547685479756F3879766D6E67355831522B365234685531704972583378546E735158664A482B79764E656A2F4141507550687838584C684E456278314E59616B342B57306C7473504B663841593348446654672F5776414E53756B615173484842344E5649395461316D5335744C677779784D476A645777515233424851313650396E30655379566D6649597669334E364F4F6673716C307430665A5878622F414756504733674C773433696E533434373632544A754F664B6C5566337968362F687A375634594E664A506C376A6B64636D7472522F32724C6E572F42634E6E342B3154553955763456775139336D4F61764E7645666A66537456314E3953303248374A75504E75577A69764C70594C4566424C6F665355654C45384F70564A3673374E6452444464396F417A327A532F77427046527864342B6A56357566466C777A4846323358706D6A2F41495379345053386238363631674B76593558786E52542B4D394A4F742B7479333531365A2B78397172542F414C552F674A63357A346A73546A502F41453053766D324878524E7656576D4F44363136462B7A7038534A504448786D384D2B4B496E59745A617A4249434F3279516634563034544C716A727154307435486C353178524446355A5670776E64754D6C3936736632473648654F396A4757427835597252444B3667396A5835356643722F41494B7A57477351496A2F422F77416458344371442F5A2B6B504A6A70586F512F7743437348683353313348396E48346C5434366A2F6848704B2F543453684F6D6E632F6A724535446D54724E7148347239624832557A4A47754430726A66692F77434376426678633844366C384E7648756B51332B6C61746174623364744F6D35585268676A362B6C6648486A662F41494C656548644955786A396C7A346B6A48662F4149522B546A2F7832764D2F452F3841775871384D6166792F7743797438523866382F423057546A2F774164724F58734970786E716E754B6C6B2B62304A7170434E704C564E4E5854577A57702B62762F42586A2F676C7434792F594F2B4B4C2B4D6642656D33576F66447658726C76374B31534E5356744A4D354D4D6E39334752676E722F50346D4F7245386B45484F63687563312B782F7743314A2F7758502F5A672B4D6E776D314C34532F477A396E50786E506F6572777642653231397061726A49346453655663486B4874583437654B3576434F71654E6452693843535849307733444E5A4C6652684A67684A774855644342697668387879756C5478446C525875732F7054676E6A5448313875686838644A65306A5A5837727A382F4D39452F5A2F2B4E7350672F774151786638414353585253326A2B354A366A2B3633714B2F6F772F774343542F7879302F346F6673703647396E65323062614F526143454E6B6C4153565034312F4C2F4E70463147762B723344714B2F52442F676B6A2B327638652F32585043577061625A6642375850456D6B366A4F4A4C4A596261543930774441386C43434F5678394B31794F4658433479377679323248346F34334235376B634D4E556D6F314B63727137364E6172384631302B5A2F524A46646D62456A506B734D315A5355396A3036312B626E676E2F67736A38583231446271583745486A66707869467A2F77437956702F47442F67705A2B32763478384F74482B7A352B797A72646863796A6934316651626A4B2F6755782B4E665A2F57594D2F6D754F52346956565155344B2F5679697631507476342B667444664354396D7A3464587678522B4D6E6A4B7930505237464D79584E374D464474325265374D657967456E734B2F477A34332F38465076323476327566695A716678532F5A453842654A5976416B453530335348744C646D4D336B6B6C70483267414F323848627A6762526B3472304C34552F735258663761507864747647662F4254503438654B722B34697551316834546D5A72537952697841557176414750514C30723956506862384B766854384C5041576D2B41766868344E307A54744430323345576E32656D7169517870374251415055313539656C5778467553626A6238543658415976492B467050326C4F4F4B7153566E2F41435239483166795051614B4B4B39552F50516F6F6F6F414B4B4B4B414369696967416F6F6F6F414B4B4B4B4141394F617A74543058523963736D302F5562455477456E495963566F3041416341554165492F467239682F396E72347377326B506A443466615A4E62576A5A2B7A4C5A71467A363942584F61352B776A2B7A55694330302F7743434868337968302F346C635A2F396C2F6E58305334445A44444939445447736F697077696A3643733530716454346B64437256552F6966336E773334782F774343636677615478494E553033345636566162546B65567030512F6B745864512F5A683066544E4D2B7A61646F666B52347779774A73422F4156396A336D6B32633766765956627657586665464E4E7542745263657848465A79773150374F68753851707130722F6D666D6E3865666776346138456545395731744E4869676C3868674C736A356B347238503841342F5444522F697671374779754A7650756D5A626752483575612F704C2F624A384E65483733545A74466D3031534A43524963634E39612F505434782F73642B4162335544666E5472454535595A742B6C636D49706336733954324D737A584759435364452F4B537A38566147326B505A544E63787A59346A4D5A484E6342346D6257645275487472657A6D574D5A49633547612F544878562B786434426B6D6151577471472F76434846635A716E374676685A5A54493978415165692B57526A394B354B4744777A657150714D5878546E474F77337375666C507A6665487850626E6239687941635A5A6A5661533938527838507055525063456E2F43763049314839695077764F783233714B4D6A6A63332B46596C392B776634646D624B6174474D6E75572F77727565487076702B523463637A7A326E6F7137506769665650456B592F643655462F3353525262366E346A626B36567A366A4E66646B332F425037516D47663757742B6E66665472542F676E396F51635A3157335038413333523955704C57786F38357A7533385A2F652F387A34585735385475654E4F662F766D724552385575526E545A502B2B612B39624C39676A7779474348554963392B587257732F324250444441483764422B4A6568307157316A442B30637A7666327A2B396E774861364A347976634E425A4D4432474B39732F5A5A2F5A362B4A586A4C7839706B38756D6D43326A75316D6E4F4D39505376725877663841734D6543344E52564A72694D343941782F6E5831622B7A6E2B7978344C384F5352793234556B416337657463767359783152722F4147766A4642786C4F57766D657566737979337568365062504E386978714D3546656E2B4C766A71326C366339727037376E3968584F726F56706F385457656E44596F51447057443467304F43507933445A5A753546646C4E326A593871646170556B72746E4666453734722B496461696B6B6E76436D4D345846664E33784E3863654E72345357326C4E494F75473231394F6170384D626658707A4E63336D3372386F58697333556667706F553971597955424136376178714F37314E2B655353647A382B664848776E38622B4C586E764C77795379763246655861392B787838523952312B31764E423043346566507A415A77667258367965426632562F4448694F654E5A4C6B526C7A6A4957767166344B2F73452F4472525668317137614F346B5663674E486D732B564D762B314A523075666B2F2B78562F7752702B4C76786A385A32766937347732636C72704D4471317459774C694E752F4E667372384366324C6643507736384F572B6D6E51626351785271504A574D636B6436397538436545644730585256734C53786958594D41684B36613274346F774D4C57314A716E30504D784F5072346C337153752B356765485042646C70566E48623239716B4D534443526F4D63567652514A474169714657725269516E4A583961504B6A2F414C763631314E383235355570536B3773354C346A66425877543851644A6B6831335459764E492F6354514B46594838734838713857384F362F3435384B57542B4837516B5232737A496F4237414156394C79494A5532486F4F6E74575933673353475975644F747373636B2B51764A2F4B674F5A74616E2F396E65736B5542434A41634A673D3D, 2, '这个奖最好', 'Y');
INSERT INTO `cj_prize` VALUES (3, '谢谢参与', '没有奖品的信息', 0x646174613A696D6167652F6A7065673B6261736536342C6956424F5277304B47676F414141414E53556845556741414146414141414251434159414141434F45664B744141414141584E535230494172733463365141414141526E51553142414143786A777638595155414141414A6345685A637741414473514141413745415A5572446873414145533553555242564868655A6230486C477A5A645A37333136326371376F36782F663635667A6D5463364447637767454D5341494267414D4D67554A5A7157374756624E695854736C624C30684B78614A734B466B6D51706B6C5A456D695347414D6B515752674D486B774366506D356477356431664F6461764B333737393447557639377A717272703137376E6E37503376662F2F37334850762B46372B6E61663674657132386F5574745670566C5274396E562F7136397274727371316E694B396E724B2B6F4F4A744B5637724B4E4D4E534F7172344F39704E6468586B592F2B62464439674B4E79766156326C382B4F542F78544A42785176397554322B38726E7568726544436C6834346431714F485235564F4A78574D424254304F777177633844766C2B4D3438766C3876446744782F6A38652B39707A577650766E50597A675A3630464F76312B66762F2F2F486A725764764862597039656A552F7A313266342B3374745258522F7665377A74714E65717156336234572F64576D585842742B37716C66585643763356616C326457485230645656326E4A70782B754C4E42494C30422B33725761726F57367635585771307570706661657274597172477361725233336153766C304D393354786169304C46646C7631534D2B3751626B39773441772F52502B7355786778694E506B43366A4949782F484C68314661375A3532642F706157576C7059576C64433774624B6E5A72444B54484D473141484D31677A427939506E2F375855786D332F454E50665635446E48456164567A324D652B344A506676724F52384C317473742F326E7A6D436633786E673930373973666639646E6535356576377A5843643373477361506C747A377A387661335452794277666C492F336A5069656B65327832316D394A39502F45684F665661516331476D5147376372754F716869753236487A356D6836374163683173454F6E37663576424B525771417634666F554E306347664772775A62335A4D54754150684446666745374B7A39646E47433274524E58717831646E6C2F584E392B2F6F5373336C74516F567A46476A333236616E6461336C2F37385642676F39727A6957664D76686B617077515976474F44736559356C33632B4F6D714F736C482F474D485769712B4C4D546A536B476647356750742B546947626143626637526C57346755477478445838387A717670747A775A736F68316562706533474E627A3470346A517235314F593132695A3274637746314F4747587433364D5174515365674B64474B2F706C39756973327A72446F4B5A474A384A333143495675684D76646B465A665A5A4F6A49565557365163775242487031754D4142723536346C564B72344E582B72726F73337472566177594345554B745456363161554C7464336A4D5550652F614F2F37616F6659797850547473786D4A4C64374C4D396A65792F4651616D2F73474476434F38677A676F5539332B7A743644583259796663645953682F323445654C7435767A6E476A496642734C4748656A4E54443544356731314E54444F2B6C647479457645524A5A4A4443676169384A6344456B4E6D644B4D4D64654139463850304D47776F324E486F63466A4A56466A4C5366677630564D444E4870444D547469394C474A6C4F34394E4B467A2B365A316144536D3265474942714B45754858436573562B786F654E526C643374764B367472616C517236735A71326F5A6A32765471667163566258654C4E44524C5137637645384A4F614E79734C4968746733592F352F586E7A7457645A324D7453787632327A3058766239385A6A5031346F676A4B4C444A38683368446A6A646931623630683734396A376434316F4646556E2F4831344D56776D4A7741514E4A4A76777239744A783449674F5A787A7843626E5649484856584459786D3758414D6875586C3779715438537343356A767355336670514A5275686B4169353756424F2F424871516979316F7271344E6D506E54756944353361723948427447496B437A386463717966644C5A44522F4C624C563237666B4D3372393557745A43484E6C71656F3379517534574C66585A353962754545694F79396E325761447A3033483052746A392B57516762662F6C6F75342F7850654E674A4F50546E6948586F774369792F4F6B3264514D5A2F6179546E464F4F4E5548355062436D732B475347755066764F4E682B4A4932464632794B39454F717755535843557630366E32314B7A57564F39336C43313264594F36484468774B6B426153496E35544A394451783034523451563235705A784F756F794E786B4F554857693570312F72714A2B5A33534434584C75396F64574E48695778634978677645584F55695152467773494266515568464B4962772F5331752B76545270587A4D2B417563643574746456424358513748665664444F72574151594773524D7944497332373966646C3564743753742B3741392B34343068742B345A336A4F612F546148654D613869307A7647484F4C4A535272444166645261346C6E723066723747396E586B35304663714B32557A5351316C736A6F774E7167442B2F664C71565A4C4B706132314B6833564B6B454D4B4A506738427A664E68526A674D7963614F767268726F6C534B5A314A6F50525979614D5277647330454553445368514167552B4A4642485658724A5331754C494D3656344F706D4E4A6B3636466355456E436669444A2B375266596542644978457637534954366E47794B383467684C7574565242646F767374426D546E497A4A61474C6E52384D376E2F52694B374E2F64763259594D7764764F425A6A755567542B4B666262716E6A6F6A43366C754336394964396A413473597279577A556A4561493877346E73417439664F2F347350625A736C7853527149354D4A4B52454E6144696230524467434348646E46716C71457135724332337154785A3069465435464C6F4D304B69414F4776377653306B55657959426A7969534A78522F45342B6765733934314863434337596B347A4A703245626373592B383561587375376143766B696E465A697745424D4472714B45726F3230486C616B4D4C6D30566458692F4169325443506D346D2B2F56376A543251515541646A4E5A734E486E5650634D59585A67427A4261654161314A417862626576425A6C35635A3057566674394E5175395845506A6A44454761687A434637436363794D776E426F774E726138397776682F76682F4D74664F303745794B4A574A4A6F7A4768385A46415434316B2B787A7A56344E5471425339384B6C57664E6B4767626179324F6C70646337573068535973536C754979544A4F394D4E6C795578453054686F5937413944426247466D62734C6E72534F436943506E5144506330766C6658477852566457537871756442566F5278516F2B6F67547147434B71454B4B727230724646767177774847684369305A69587A4870494A444E5374306455564D75714E5370656C6A526E5953612B416946597A597A5668516F38497A4A77467841306D6B67797772664C2B773743324730696A73307044756A316A49527844465A332B6452635941786F2F396C6D2B2F4651614F484D793477584D766F4A457A6B444965585341592B4B6576447A7A7661576E4459536F6B4E315555656D57494A6F4E6E7861337537704E6D50714D4969676563796178387647655A5A73656842396F3435326138474649617155634A447630474E414F676A52646B6E4C7861703063366D683555306B446F4E73477A4C6F7A454179726D6E494E52364A654B452F4F684C536B514F4447687759414E6D44624D754342705141672B3643484A656B5950786C527576694D484F7747633671437776642F7963544534624E7571456450576D4A772F5A7277353930504F516E6954454F513938653076615161472F33444C6233346B742B47532F61622F74735155345377646A7056454B705241546E646C53726C4B47396F746257567A41676972704E6144574E7A78696768644A576752774634697A5548426A66474D4669716D366832485456426A5738395549485A36685861536C5964595538557043653958424544342F48457A364E704F414E6A42774D394A55676B77394F2B42534456325068694F4B7876766276792B6A6F7756486C6B696E3238537541496F6A45497279484A745252324937466363316156625636585730555141655A55322B512B4270774A6B697A7348634A56517458533035656D635A672F45416E47676F6A77576A446A45673847684163614D542B327069732F7A59387A3444326C6D304752552B513831384142495649677346775343376761524B6468564A647936734672617856794D4930564B6E544B51693954305652707578793633314F4846414B792F747033556A556F4E79683877364761574E7874345842416D48766D47696C7036474B4E466A6E6C4A5343447051776B6E4230654479682F654D706B6C475539756730694E6E64614B717755464335556D4B774872613955484B6341456F4D37374E66494A4A514D42674830585465675A6439486139536157433054747434725556565932336B5661575361704730544575327A496837396B50734268574A5242586D35626355796E6D4D4A333347412F5979593248464C7550702B567751626A70774C786C35786F58546665677558394251346E6856476F416D6D754434526F2F6B68327078492F492F6455787A464151597A6A4A77542B315354365055306A4F63737730716F634139614F4F31414E56484C6B487051776735794A5A51464D4946377750773270674C66344C4B4171456A6A68334E4F5A6F636A53735344634A6A464F594D4C6F6F444A6A634A71554A664E593576424A4248684836635A4E4672747467502B51475852546B6D3449514A4F31507944424A455932594D6174744141516D6C6A4145377942304C626464712B51374A416E6348513462734B4D594C346541395A5743433268424A4935344276556A314A6855774475667265746D2F7976594F7539695A34464F6F7A586A6477474D614A6C3950456F45786E4F67414F4936425A674A2B547766535233735A6E3942776A41596D656F5161684F39724969487331624B73354563512B35524F592B44526F46497068445568486B62534F504767536E69715A71524F6E387A427651704733696770736C57454A326F4B49345A4F6B6F5447554F5A64326E4A426C684873796B3546373136396F52744C537972435959594B533062786F4B736F3155386D355150424948775161505733456544726967654B47736552412F42745546486169314A757756477070444C7042503245416F4968536C4C3635696C6A2B735266723136324D445A46622F786D476466457579487A4C696B614E7532397A78444A4B5331476A4B754D6578746F337170784C4A74436A434E416C494A413331775A49356C56363162336B6B54366848474E67526A36534D42654C52734F67543545396447787049364E6A324B41414149637355746A687151644546716B59303443335254794B564C304B377661557778442B6771755569536363647170304E6B622F703779654E61485A7A4E342F616E54452F727070342F71394D47593472326955464671466D2F772F547056556F4F7358615A6646626D5662666E624255326B495862337569594832306F5367756B6B71495537672B45596F517453365A736E543878676E6B6E67552B4D3051352F395A7834327778476D70674637384B676854694465766A663775743071323979374F55426171455178487371442F6C7662506F4D6D7A66696650714735577450506C366135304761517945363472797031627033553357572F5A417A6B49595A6A3149526E44365867745545563463424373614536536155434F5651366E44726F5678514457764654492F514B574E364648724B49383345636B3459723636445A5A4F416A7077663174353462306E2F3175634D364E394857787371387A723937512B6666583944477A716147786F374C395646722B6E49596A2F4953427A6A68416671545537302F536F4C4B5558536754777356745875374447784272556F44575555694D6A594E68766E4E434D31593941657A596A696A416E37736C7963657A594257647A6551515043573967786F326431313456757149412F42744C4663535A4E416776597455634932796C75627766452F6556687A56524A496E6F6971674C77323850555447735141484E4244626751306D456B5975685844473866327054555954326931574E46367675354E5564564272314742512B644E51746973546F65544743316E534A494A4F4B6743662B354378726D446366337972302F7049783865564D4B703466533262743159307473584B317174527A53346230626A687835526348432F706F6142497278583241414E76726A6945324D61476B6D523154764B62335556326A2B6B634379424C735049634E7A5742706D5A704F4C725639556D4F6B4C775641674F4E447661524B6F33572B4F5A7948354D416A456F454E576C5A50544B767A36644A6152364E706E52726E6769337159336A54395871786D31414A6A4E34426964687143666F5354793763465A5A343736583475556162746B3067616F6164466F777A516858743837455236314968334442504849547257697A574A422B524C4A41614E58794C3432792B4B48492B31596D7A744D6B55483374796B4C36585346454E2F4F535063384E3669662B647448744C47326F6463756C6658327A626F57317463567934356F6F6454522B4668477A3337387033547963372B6A77594D6E564C6E774861334D7234486D54635964314F544A5A35563538726455582F6B42337134714D54304B6D6E48366A6B2F425649595345714F53514F535043776155327969715371594F494956436F52685A324E426C59384B45414E41536B4B485164614748466F4F3378414C2F573169334F7858506B47454D316538487446524F576A377A56456963366D466B4B4B596A6B30507954342F36356D37754F4B414A44717753786A54517075466D50556A35526369524344474E736F6D67484C4C616E653261566B47654761354E4F427279544473364441544A35615636343744543944514874355A494D736C6A4354332F79566D4E70454F363950343133615938764853376974676D5A414944716A55544B7465364F6E5A6F584C4D48547975363730486C46312F53796F56764B35584D5967416F67516F6A544C495348466938395972692F70734B785166554432645532396A32354175696833416B757A66626175427342364D46516C486C38336D6B5634332B68646B6E776E68736F7345536F79455141376170586F787272413079524B2F58776F4256447A41526F7135443162574B416475453748444D30594752745061505A44513250436A2F6345787A5331516533725155786F2F69365278433177722B512F756F456D5A7354732B6C684C455A474467426F366278414F62556270454B775A7A706D6C6A465779535041425377487A70496F5A455734636568665833397A43665079466E66314A5874445633596161766B4A725342494531676B41454774456D3237765643696756696D6A37674B42465A6B622B79512B5A73616562425A35516348394C6935517571672F7232356B574E546B32724D3342636D616D6E304A31624A5050727175484D434235306C4548437748636B6B6C514B766B5238442B55477666486C647A63554177672B4A4649506C426D6637526D7767674672587231736D646B4D324347704745436A55542F4F6F4C676F51794678762F614E5244552B504B43427A41437944707950785A7935497145615975426E702F6F364D74596E753455304D6F7955774A434F503461686171716839574B6365437A5831596E5A415A30344F6F56787078564D644C57624C31456C6D5054777733646B636F7A61776B437A5A3750363543667531384B3143327244716138746448587159454C3348457770734650545553656947456275452B4A4F753454686D6A7039346F4353474366677442564D4A30463968746F366F507748623449452B72582F734D62762F5953535233354A7263696B5775742F71646A346A7370626454694F304131333058394A776A4E4D636D6B716B387452636931375531447857457962327975674B7536566E6961577A59416477725862426F483033514E6C332B59693763495371594445365A6F426178466C456C4676446A4356544B41426A55764A463865472F484E466776764562457A6665507566362B6B504839465858336844753657757269785145793852446935656742744C4B50426972612F35396135754C465455424B307A5349706B6743785A647844696C4637735734464C6E6E70367635352F656C7A762F4F6938636F544253734776564B53744936664864546778717437314E5133436D5A465556375037596953562F526F4D5648586A30695646683065566D44716B5547395975316179315661316665567454553466304D78396A3673352B584F676E67717076616C51347A3235694F657446625161596A334175567145704A796F4E3046736954434D46664B4662555844555758697733446C376C314A5139314F546470706C7169765357686D50537444656831513266416F305335543949696D39515A564465644A786C436555584D41346371502F78392B3147524D51444F5A72703738794C537533494C675837796D52692B6945736E42697141444F554936525261476E323169594B76595662376331664A6D587275375A5557544863304D2B41566756514652483374345373382B656B4266662B4D4E6A5943454839787371526C48627945532F59326D756F5635586237533069704B6678485358436D3775724665307577427375797051334C7A465756485A74516679436D5A6D70415447644E6F7871666842353658622F4B6A44484A5337734966514C37583555394E4B5472327650716C706870623279417570474B786A7347615369517A6F4A467943785667327242634B6D475150726F78725933314E5555777146302B614C66324F4E4379387834766D6C48726E6932685454553755613031304B6A6842495645324A764B63727A716874726E332F306A2F31796255757636556B39662B2B7366366174667561346D6772464A576264724970684770394A645A564E6B5A6A355651566F5478725A71415765546445517938476D74696C4C4875412B64484E41545A366231386976763041625A6C2F3233335A69654F6748785A6B30434C644F4A74465958473471536D62766F7A547756544336495A496856644F78447636484D6F63667878433335345A6B654242364A7068556575562B31586730646D4146526F3151444E625771367854365A386D6743366F734C5373543632763435465041596B513747444F6454424A71384A514A61386371452B674679574B584B547274706B716C497556686943526F6F726E6971555772516C7A4B517676657076384E676131755645744E6A495A2B69556570667143714831396664675A2B376A3139356A652F714F50374B5A6B497959504A674D64666A627172454A574A442B3744475752627247574A687243776933476D67354239586D646F547833514769554A5048497371687658667154696D7150546B2B4F3674536F39635977732F7762654C367A712B496C4233627864314A45485A765470582F3263702F57656566794D2F74486350314177613256594441502B724A7952516458762F4167694C36693265304F4670653872454439426F6A6A6B545171456B346555505044723667342F4A6E6631756C714E43786F364E4B31752F42683638625347527761385774694573426575666B717649466E5A4839484F7A6F3648796C51387067716862524F754E6F506B556C7433654E2F6D7279305136464664475658755464596152626B493977614B415A304A636B305749615650612B44495354333657455348443354313651635279314D4F484943474A624D464D654C75526B43626D7A344D75576445383479744B4C434B77727579695339696B62352B38646B737961616F3278733972624276443631554B375330745544314D656A54613657573169732B66664E7154784E5033612B546E2F32537A6E3369313354504D53727777302F7275662F306478544E63594B744C394D6D426A68307635713738424E386C446E30717772476A684F2B5162795052353139374A4F5661663777374565566930796F452B6437596D376E356C2B72555A716E5678615379424B626E734B51665A41594469584A2F696E764D6F4866615369567746686F774459525A786579756951653178494C78396D784E6950745853576B572F5A716F4731745A7233626471694F58506B2F2F66443858507653482B72536D3273716F4E7447714E663677483531742B504E6C5933535141534E31777951524368376169516E7A73504A515145795063683366547831626A61694234373476656D65616D704144787750366461725A626D6F38586E34364D435A7047596E416A702F68553654425939505254532F66554F442F724C3268566655584C2B6856676C423632736F53456E474764534C44796D524F6178775A6C7874796B73485165385865677045555864676C447968646C3239634566426D615061766E314E7673572F4A704856714B5A6947416C57396A4972656862555244437554624A4759774756436B574D685235453734555461656967687261755146497557646B5345765531597952666B447A4457717A4872587A47497737743263524357303371532F2F7139512F6D66766A4F746D5953667030354141463351396F704D77426950556D6E637A6E4B72787A614B5731543575594F6D37307765554F4E47773154366C4475456374506E504B72766C335259352F37752F7263662F335843737A2F6C58726C6F7662746A2B6D6830354D71586C76525278385A42493142465670316658426C586A39362F58554E6C2B64316539656E77796566564778675449486F45456C6B587333694C5A58762F4A44504F546E7874446F6D69713234393045785642727577752B7164667650435A4D56456B514B6664336938396656574E315377786B6843535151776D3143443545506A476F314331556735456C6F3432347172384B4F526F6551536B3451626F75545A4E5A70692B686A6647304B685152525A6D7436437657776C6A47673166685776645241623432514A394C6C48782F777A36305445516448596A6F7832644E3671612B316F717548442F663178434D356E5467356A4B6652553654767358524D77356D5768684A373159592F326C4D416733377150682F487454557A6C70532F6C3044676E7457762F66312F72447337645A5761545A4A4153646E73495074303159713230493531445544346F306967584C696E617A7537694F474F42684E5A456C4E59515864526F55784B6B52794942676B623733355A5553715241445467676A686E385A737158583954647936397264446D322B72652B6234573333354C5734574D4172476352702F36445356476A36745351553155746B686D445255624A64335A3243415A70766A63706D4B79465257756B744559756934434F6D4D7135446667766230704F5A64364E42357755426839355A76496D447147746D5567474E4375773967316D51344F39582F6A6637746E376A7476727576643562617546304E3666376D6C416B587A54357A79365A485050367A5A4A353954704A4658596374564F684E51504F4971486B4A556B3536696A6975556750377A332F346A4A4D696F74486C4A623779337164584E76395972722B64565251505A584E7670497A45716B6872317456396A593248462B6D32644F547172777A4E6A536B4B6B3758424534304D6A61705A33454B356C4B4B4C6B4356556E6D46554D4F6C693738476661765831546E613050464E5931726436356F5641305335676D6B426872366C54516662456A6968382B6F785155464A3134694E7034557431623338645A52456B6353565973713066346D6753704E78717149716371745A4B32746E59314D54614158444C44677178716E68444667504363545A35454D474368675146724E6C4E4B424672323964307441336E35662F766E75334E2F2B6C5A54692F44616E5A4B72625478656F4B77713539467A48384C69464E716C6433366B786457536C356C6C4B7432796B7931626F4D48376A6D6630354B2F38477A55724B2F6F666675747265756170672F72672F446F63326462544A784C3679444D542B7677587671336A543378616764575871413563485A69386A7A70795344464B6F79436331365743734877326E4A76527748415761524C46327848316243616B586C5032324963312F4F6A486C52712F6C3967442F644D504B33333649786F34634671354930386F657667356A5A7A374665554F5061726F394B52556E64667569313955432F6D516E6A717056436169514B4F415665706F3251676861316B5A42434C5369365779596C4456454F49396C455334723177332B336A58664B49674D413541647573786254576A304F6C6570624A334864726F6C527A38786C5A3337734A5342316C435269586D715A726F593166584F642B3733796C72635075326A702F4D6150617854354631576C71386D566570526E45505464714B72462F2F4B553636635548662F504C7661576C48476777466450315755654D547275342F4E71546862456939347072636A652F4B7164586B326C78657A4B564F7A544B5142466B524E4763474E54512B706F6E39737A69474770552B6D484E362F6161326231785165766F4D6D537A422F6A673050615836346B743031734B4A67682B66426A413252624C3635535753566C735255424B62487450416F61507736676B4D4D365A346567796469716172565253446A6C5A586C35456965307637657655796A67736F4E7A36746E64745879624C77472B314730576A7857453837384F6B574B50546D416247674F64757537746D3148503953707A746E704F7069635675624976524F6B4749327A4A653275484A6B734B38486675312F55667A414633546B735A2F51524F356661766B38764C5561315068345350644D6476545779782B6F584F336F784843555972326C345347664D6C516E735543594D4B647764346F6150506F4D4E57564D46792B2B6F6A47793675726C696E63354E4573486B777877594443706C527458644F3374383072443470485272446635326978736166665752546D39494967643447394C6F635159386D624C57773368644D696B58634B4863737768303362526551377831345877585853617A547037303161424850562B5265574E42572B4359584E7258546E436D7A796F537235496633306150505254576B636A72713675655A4F6C53524159696E573152514C5A52556837734B4D702B2F4768506B7A692B4D4E4A7A646C473832544950497A52576C51576A5A70506D7958703571704E4D49786F357667443675572F70326A78723653566F44614C6254332B2B4B4147435A396453692B3732423543467756474C63745753414244757566682F3137466A66643165502B415969632F712F6E626C7851722F306A766647564C372F397755666D6C5255322B7536454371506954333339462B542B386F52454656416D55314F4C6B38657751416A656F77664544536F366533534E767171412B4361425A426536747659744E6A46594F384F6F5871537949496F684C41666A52543761324B616B65565557335856476A65456676767675577970574B4A6B6348564E3764427032446971594F4B6334594A782F394465306733722F78306D585154766B6136734C4A41655264556F5732545956784B716F6D4D6768746F345552342F356F4A6A426E533279747172434C524862435967462B734855396B46435A7A6E337631666530384F6F66364A3276666C6C5833704C32503335557A2F7A434C384D726D386F646635614573717142524264505676554F526B39484D727233773539422F36337231754B625A4E425658662F677131713465466D6A68624157376B52302B6F6B5A50664C34455733387A55316433717A6F6F79416E756D506E683044434761332B58786356505446474341346776614B67626A2B6850654A4E34397671725A4269756E4F4E366D4E677945796F64714F43304D3671485548324242507968644E6F377154487233354373667A4274375379655635764C4163787145386A6B5A616D706A4865344944323366646866656348463354714D504B73734B592F2F4E594E7772326E775A686643666978306F716F32416E67514974534B4D615168364D7747515A4D2B7564433849355A33472F6C475A775575487642784C55354D773669714E4E69666D2B39536F50613842662F78786330644F4476674A4A4C2B7636582F6F554F48743676357661614470396F71315870364644616F6436743677642F385A4B6E47553863394F6D644330333161477A53726D7463333952496B686F36343966626C77743642396E6B6F79726F446F3770685776626D712F55644833545666594D334650635147764330596D4541756C4A3952706C3164434A4D527A647247786F626645714663537555756B6F774168776A6943444773463468427A3162773836384C75674E6253684649675A502F4338627530473966377443396F2F477450432F50764B563237712B7031316A6362796D71486D2F3872376D317259354A784F54326E43764E304E717452464139726B4D68467173577A587247302B687871375078644C32467562534F78544C344A4573714F74774849526B303237336F466F744A6E6D5856765753372B656579696E384F693458762F3262326E723071342B2B76632B4B69653671385833532F7239727A65315979753946726431384B443035414F7A7572305355376E70303844346C4470724F7A713251563235556451552B75786130612B3174702F3965337139557458684477316F4651634F334F505873534E4A33627178677767326E55692F756856624D71736F79574E372B53334F43527154353551626F45706F355155344649715067373655656B477267796B41474C51766B4653312B6730766F372F39773364302F38632B67344E50365933337A7950597978724A396E546F774B53533258466C423863316636656F64322F756568786E61324C384350556964677542796A516C6177644857447A62436A572F45394F635037686E4F46767A306D33355A566634656C6A61636F70644D3762395456507356507261325133704938666530766A6F7639642F2F4F4B6173714E6B754F52564E612B56744C4451316F75584F747174394C5452684C7778664A6D73754632703634454848394C36706175617361746A4E32723651616D6E2F594D524C5A424146363755354C4F5A376F4D51643653727177734E7A65354C367571565451304D424C333576412B2B63316E687A6E58314739736B446C653356393945502B37586B65652F714C58354631562B3952765534776A3571614E45557461374B4759586732796D3231646630633358666C646A5235355246506E306778662B4A534B2B6F31793341437033315949695372364D6D6C743548543937536B767A5258336A2F4C4A6E6B7842363178634E4B5273674F615A524448474168756B59316834586A6B3735357967797353537778464964694C6B4D427A5A716873693970474E4C58414E554441474D57594F73762F72644548566E522F654F5244515362656F4C2F777279376C476B442F523039746D6E396375666530616C6C53746B64454F427135324E71695957387A6F4555673663656C54724639663177587844795835597A75454A66665744764E627056494C7963535359307133725665393653354749474D51573179345574504E756B2B3972696778513532706262357A6655473573584A4E486E314438777463562B754C4C43694E486645382B5457657A7445624E797646394F4C4256655539756645795A63372B756F614741446B2B337448503167694B64706C6F595958686B584A6376624F4351496430484C392F34344B5A65654756645765726747425854544B616E582F34767A2B6A4D59304F36395634646D654F675A2F746F52616776686C555357416E643679336A43714B2B4130466265516F783231552B6A4759797878615952366D58625746516B53396576427A53374F476767757A7A3245504457747774436B32736A7A382B6F3150502F6F494F544353316B3763354F37394F5565494E522B4755735A427134614B2B7646335436783148663361377247742F7336797A2F70414F6F4F556D4F794631463672364D4A7837626A576752776F6872623155312F743358465852477A3166574663764E725735586C43784574555076763675436939385675762F30352F4A6478473731573156413649634D4868726E4847677A626A304578564E48626C50775770586272564A506236703075346D6B564C41654A4D554342334E354B68336B56476C4439355276564930634645352B6252442B586D45736E626F79497A69552B65493651376F497A75546456313071762B662F336548357A3579626C72666648556475416151415144483353764148627445447970744B6968454E676F6E6645716B3843794976576466534A392B4E4B494C642B43746B6142476A3533574E714A374D446976372F375A5836446858463234317457686B343465326A656B435078577056774D48594166327A554E51664B48374E70757036565372364E545A4A744242726865372B6F534775735768582B31324E5378556B676E6D3331646F6450626268674F3971455858525552775155695A617A476D4E34687A5A5661436A792F583372345762496B7847584A424B3837684B412F3834786176563074762F7262657676374C3669325661454B6153744A524E69316E454B7852576C58563541366651784862314B4666667544736D69426D7439526A707877596E4248563935633038584C62646B312B43544A397667454D755A767676626475654F506631522F2F736466306E6135343457777A5553597244454F7348554F6B51534664513434497A594E6F58626A7A4D6C39436633307961546D66544D4B376C4C44526B707139354D4B746E6155416E477A71535A47374D4A66464E30773866424F5542505A694F357339335470546B6E6A502B6F6F3067357150556F497558374E39434936482B706F41644C6F6F684F474F485556527931413147302B50346E30694F306965704D4E72596669657638364968694F79574C384957524C6F6C355234764E50716B383542364F544F4E42742F71344B47332B6B364D41784C66797A76363933586E6B5457655A6F5A5958716F3964516169696C3564567470516344636B4E684542765744447933764E5855577A633665756F4D34357952436A6A784B392F6555583672694779432F2B69767A326C7158796F4A556143562B67564B6D6E7154644E31586930774C633969554730373049544A35785950652B706861772B594434554B4976396E763673596D4655656175746C663056696E704E6C68374A334F5950696B3076756E39636E6E4A76536878386455336937726D2B2F76367275766C44582F503639722F48733968526F2B4C5470316B6B7051557868725074696741756E725934726F3436442F5072782F467150616A4C4C4E5131356A6E786E552F755148394775317255796A49663957417834615539364E616F4D4D3342744E496A57716C486874354664432F64716D676A3938585A742F394A7336714130396569536E4E476B354765786F62474A4775377457723542415150464E714F5032516F3045696F48384759304F647A56497768684D426A5355746774725071325771586F41565359564157524258646F6B68482F6D6756747A46392F347269362F76366131687047757A666544416F2F357145637054447455316D4547526556466564596E6C59635539726430646F7845554C655641313039666443766B5A6D34706A2F31573071632F71524754333163482F7A564639556D4A4D63677A737872374875686F54446B30755963613154634F336A70715742554E776E58397A43535857334F6339344E586D564C587844316D524346664C2B6A342F3059664E62534C76334946626F6168694A47715A617949326C6C647543735145506A762F43302F4D4D486F42677145506938752F7864315A6F5639566461366B302B705835755336744E766F696E46476F334E4557354F54752B543765334E30526555374462314F50484A33556E33394C3544645244565369506A716F39427A58525178354A6B306D6B555363713134325448787735762F7266666C502F42344933633869765965726549466E5477706652654B48634A4B776E67784764793454304747586177364E2B33547675367352555837466354364D6A4755474C4B74373370487A486631332B39433870486636517174755839506A48666C6F485A2F797145533469633658436A7535677044644954457359723045345A546D487A574B2F5358462B4334513134613053526972366F7670547839566D71366C6C66312F586E53725939476E425365684E4A36693361634E6C532F50716B76724C75357234795750533444363270655861744C2F6A312B374762612B39335372433438416A436A7A346D786F655036516B705759735674586B6D5A3954614D445753726555672F764F7A4D59567A2F696F36796D6E66433469766F63784137713851722F6F363167736F4C69664D7447696B36674C52657079726D77362B75344E6E3936395A6A65316744436B684167624534714D4339494F364377477979426A4B6C74396A513732644F394D574A383833465051625446345636632F636C7A6832642B51652F416669314A663958662F6D576F762F346E435A2F394576764766317945716E536E43733439674C6F51634C5643526A4F43674B64702F4E6470567841387863384967326F3068617A2B6847795455696754425A62795A78707350674B6F62524D4D3171714E334F4F3871374C4E466E4954516D3050504A4458797A4646316533613968457A736A384B435A507A7470714C66764B5679666C46762F3774666B612F51314D6A452F576A41696736662F59547533486C647A59314C6D7337326457496970416D714246536E56677331425549754D574346424F50454A4163796655306D49703430437444486242684254372F396F48504F706D377168472B6E52576E4349454A68784B4F6E6F51795266543030362B6A4A5531314E5A384A77586B64484A6C30393961762F5249334763613074763637303144344E74433551304D2B72742F6748636970764B6E626F734372446E316475366B4F4B2F75684E4C587A7270725A62354C5842734A59494139535A376E55692B6872794A49626D367A75326B71437244416D6A7758643262386F4D4273364374704E64554D4267727346644E627961597A756157376D677138656647645473517931702B7044636F663145774C434334524556726E3146313737364A61323955554C5837756A346B626A43376D56746C543551504875764E697378355A6466424269556C2B4E783559617A63674244646D78614C2F356F5153363172556D336D5852413035536455537541753359687171616F51774B306A783330637A2F6F7A4E6D616D4435683038566F646A4F4C5457555078416B76736D2B4356796F4645696C686A70384C3657642F37573870742B2B6F7768502F712F72704361322B39372B7251683238756E4A48412F6E7671313961555874395278336B5133726667334C5833354F2F57314C6F315865706356304E3861705462567A33527A534D2B48777546646366495848696E446364776F47674C6B72576A704C7049686976444E706544505255364D4F48454E744C6175734A4276647065445156435770774E4B72635345694269584546393532574D7A696A38713376366C74662B494A362B59692B446C6366665868577861325744737769334C4E4436464F70737A57764B4E6C77332F316E6C5A733449742F6D736F594854716F56547572612B673331634372355579636E6246464255415751534C577451577A68774F50565468754B733149756F446E3651724B77713031376C59644E714B4A7A785269674C6B673944346B5367702F2F2B64504B48766B4B5867624B745A63554A3652756E5838424C365A306337366C6C5331715A6276776C496D6A767835523462572F56507A7936367239337173657A3654544B5733734E6A5259382B7548595A3832344978797461356B4E365973775950334E42434B364C562B5335666262533054415A504134486E36633472584B79443057432B71663070342F676B6931693571545658526351736C7859666271705672756B4F74652B6B722F316F5A43503539516E6834646B54726C5A614F483574556E73782F4F392F51394D466A6E497145642B79514976742F5474466A2F346D434F323871484D724A3337716F775669422F4956777231466B34464853716D4C497362454D69644A30734864446B462F68634A5476434747413530316A32595669477A2F796A6579465649477A366D31696E6B5979575037633062786D427530697A67753638514C387476516C465975326F487855646874444A6C315450354C5434484F2F535A592B7273312F384B3856326A6372333956647261502F3071416E554139726C2F4E64347631747A755751584F784F707046656D3944736161545630546D4D2B537865665A362F542B47343933486D5333444E6779534E5A304E3273616570432B32514E743265537032776D6E6E71372F6D4376762F6562583331322B386876314C71424C7649726232565A412B6665466862333775756A597572554167525143674F423675614F5A6456715836507170554E42586275714539704678327661694453567252575534696F744E5549536549315279514F7050754B42767477646B5370684E30486D4143426A6A4E6E6932707332736B51614D6E442B384749694268326B424B556232626B71307342565A617536656231764A5A764F33723771714F4E686C2F5A3149684F485239553772362F7134463750367445626C7A624C2F347032624768774D4F507158372F684171786F4459325631576A386F69517150706B7968446374676F52423048794C42306434535144654473454D717638585962762F6F614573307355504134796A354E5A37634A51376B6847477A735676645074616F4E423378756C664D507737384B767A6D424735553450314C57315537545A6167527A4C6F766F336166592F495A71373277702F41695A4F6E58636D365A7256323670563777675837326B384B4848464C72763330423848314B7738624A3831624C474A343571656D6F53674B414341456B3043476448456F71476F6951394B4365563873335A53674F376963526278553759676B707648556D494D4C4D5671546A4357397052492F527572586631326F724E7853453756767536634C757234394F4F3971504834736C54436730656C6A4E506839682F3963345656556B384934634F344F575331742B3970683145754E32455978646B686B44644F4F30766B4A6B74584B2F434A2B2F447637665A39694D387430682F7076486B4C77794639644870675077594C5935787030616B2B34754F6A70365A30514E7552772F344F6E6F4E5A3164795553694830753977524B664F6A6D6A3556686B4A686F4949627570454D6976332F5776612F33632B6F314D2F2B776C56383975362B745A4654593945794F522B623834762B38426E355173645579437758386D686A724C646459336B486B565544324C41446B555A346578446A354C6C625947384E3132326677626454747A7546424334646730427177494962344C5635675474346C734830576F58306D50556F5748554F556C4C2F2B4C6A5552332F384C4E362B775A65762F464E6E64702F6A757757555479644A5576745579475656587433556356724E3156615731655238446F32504B5A75477655326E35662F355A71575165556D352B71517A65793267696747444E4758626152546D544472305A6570576C2F506A766E567250705658756E49393168636B534E517757535747766545756E38367232764C612F727A6733676D35746535644550525357727536624D512B456B4E74623675302B6432316637656665716679796E7973353952594B6D6F335775766F794A3865752F38565233637431394455326B4E5066714D664B6E50514757752B70752F702F61744678567354386A7539697A6C37614563486538614D32526E53634E2B4939774866484E523474744B745161385A35763949623468704F335A4366625844335474616C33666A4E6B68394E6A34394C30547575666E7671386A5A7A2B766F66432F56586E4E616C693056326E486D39554F642F32674C69714659346F6E4F506A774955556650716B45434230636E464C306E52744B67364C7451556F31367548726E50527265506C364F4B424C644E53466477626F54524D75473048736D696A737A77535676473959336645684E526877774C3269344D656E64484F6A6F4D494F64464B71495041444F6E31474F76744C2F3051486E766D55334D557671626C41787A3867594D6E6D6270623336397571746D3039594E6A6A393948524E46775A566A652F7163446D443956642F627036613176794E363375747A74466263476C33585A7436417544526C3551696E637653696A7149346B51727344524C6951484955504C784461376179396268524B69676F676E536573674D425033617A61464A6F526F707966797050627A6971356438325A73664536475A414D7953504E422B4F7639762F716532736951354D465A2B424475715631523769642F577337396E314C377933387533335A4865627937436171505568362B525349372B63787A4B7141443374764F653564616579336F675537767770306A6E37315876674F5559662F4E797771632F6B565656393954345A5566614E38684F476E595554655956544C5852667A474E50766F663646752B356F572F7649465A61383738713156354D7533355A79595567766B64556C51746D4C4C46704C62524777386C714A453638717456395770495645513645324D316D79696A3230713337694E43444761382B364F353168374B6F6B665A54426E6333383070577A5355534A71576A4145584876654661346F46596874477946735239426455796A7978773549487A7444736431647751694C3367526D4A4A4F6A51776B36356C4D4552623930695170675956637A547A367131572B396F65513762314C4648414C4271336A34467552645650556779427969466D363457713033646679682B7A5345566C746257646647656833646C745051695445313130704B357A4B4B6E35695763354B54787862567576516C725679376F6D39644B536B3235464430783551654F415471567A53384C366E7250337866502F6A6A503142706F61334A747A6C4E6545442B4379414D557A5450546E75305A4C776649526C4530617764554E394744646972305554496454437961546E7647524B575467454959504A75516A544A42382F5A3356762B54446F34357A6472496D37744B526C2B736D484164525168644F49557A786D6F5A547044325A554C616768784861557347347952414F4A32505465726348544D6B7732695867346D37464A684751377059595353716F574349706576453934722B44737074374770314A554636532F655550686E486C5068554536702B3259564745686F43583132384F6852705959535772797A7176304430754F506E74585A5A782F5278765562384656646B39734E526470462F646C2F2B412F3637763935586F7572577A71796235535871354768686F5950724F6A577534522F507139546F77324E44783952442B472B6649476376745A53416B66354378585654715556484D6952484F33534A79557363736A57426C6F6834594A497533542B34786C74757965616A7868736A2F4F38444D754C6774464C4650356F75442F58595363714F4E41684652436D7274396D58446D4948657A6D45696856666C533133634A76776A4A4A56544945496B664863306F6B5953713778356630336E664B6171362B7133352B586345654861726E315566525431444B464470313555424A5A7035517176565550447171794F463953673250616D4A366E36616D302F72573137366C39793565567A715730666B62473770385930757238336330386441357666586D56513048576A702F633030583059366C546B4446344A4157567259314F784A55705674575972716E3258306A6971616D314D315348783937524965662B456E642F504F5856616F317641745458614C70557077327030666C6977786847384B504D4C525A62416267336539694E79636172646D5070786A753473384C5837347A34396F2F62326B48667A306844596F526A54594A53526B4832635A4158684C524F676B2F5058457772484D5448543178784B6566704A78373476346848546B7871305232507958626B4C6F5166343836324C333175705A664C2B6A5656776A35696271797271743271456234354243545561326A71374C566C68596E4D507A50664A684530316531326F42643443504B756E5173713265652F345357796E584E4630747174786F714C356430352B3162716A43596E594734526F2B48645757786963784936494D62757870506B35386D4D68712F2F366331394A4876714A4D69374B634F4B486E674F62556A46533238764B625876766F6D2B45666563615A517471767366514846756B745131544B524E366F753437597066454F674764475775336E4C4F44434F61574F6232624756436C375973744765797351486B6841364D4A734A7A49564A414A62706A6F353164426F76506E553670736350522F5855766F43654A2B7439374D6D63486E337368453438397043473648673861577459714441556C32744C4A686F4D64763156525673317230533632585331512F617146736C3842622F63636F6C6B675A50474A78544A42725777584E446B7738674B6E36746B64677830624768746F2B5A64347767734C43743461304F70526B457053714A75504B54786F306B71497A4C61556B2F487332486442424537465851596B544139464E4A2B6A444C31344246464A6A2B6D5149317177793744746D4773586B5746705A5A757666537578694D52355538455661556B6133626A2B754637505A322B4A363957733652656442547A686A782B38777A466631327A4B443865326E68357A36446865377630612F2B5A665332322F543978706A6433644667366865464F594C43485A374B365A392B775A6A4855374751614A5A375636494D66562B44426636586736454F716B2B72395A66504F337232342F6E3555726257584B4D6B32504F335967676569684831594356564C4964312B70364F466E5A34757236507230483978394E4A7575596B52567A52776146545A4C466D786C646472662F574733675974706356647265315556535437337650417347707244546D4A6C50624E446D743145597259636A5535454F45343149444A6F35717267314E5331452B352B4D612F566278784753506B4657794631537175616D7A716F487158726D6F45376C7546666B70772F64697354386E526E754970736D7839463363517071464A786D5257675150336F74664D35426E4F4867316C503861484C74526B3833343035526E532F353839453530374F523355795A6D304467304E616372757772455A5A444A7962696967424B687878673670463650514C744F357174305A784E46324F4A4C4864665071624C336D54534732576F5342585951427A576D55666139654A786C52446D59546375464970397A562B6C70625336556768623272303038643075726D67726257616C71397343537456656D673532684B774450367A442F38724659682F2B56587238726471676F36517543306C4B4B746978673546512F5178356269314D5537323030564E335A55325633582B4D476B747778452F59532B2B76762F5565334C6D377071443764414139357A5834685345356B435654577059427862354E33654A724E507152396C724A5359506D70645179516B4355694D32306761494E4E6231455A4E627263344748684D3176682F34335037356B596F56544B7041576771705767736954674D65586438782B4A4A685A4A4463734932447A59766C5A626B71367953386F74377A30316F4A3957474D7A6F37533251796533536356594A394F6F654849745338464E347876447763377971445749384D52725644397034767456567771546F6F7A75657672656E662F2B6C316666323962595752425A6C6D554350544133726A79694A5A73364453697864566263444A664E656E626F593276524A71455254555731457462726431615A486B63745557664D5A56326147766950673838717062724F6E716865743642654E4F6E497A6F305163682F586848645165744739744C6E485A37574E547559516C546363536E53434949366E3451525149506368374C7469376E646A476B626474372B586E78325335636E662F6470797A5A516F684575356542654748644942613342793545724A616A44416E777371636357556275677936766C50484838445136716A6D7673484D564931597772436C7754677155476E585178346B7367356B7162315A522F73476F4E6B736C6265373674627A5A312B703254316432665767764D682F5A73415979376645696D77337954722B745933424F505278586A75384C39624C79794B55756A7246736D6B355353774F5732634759787548577241506968304170375151534D5A7A623070426C6672656846675A7230432F763769566B6C6E557041767179417A326C4D6E3756677039534B58465141585167583245446A4D4A2B37576256347A322F71586F44434A75397079445A33666B5541623450667539706930654F51446A6255446E516A6733674A527534726553306C5569326B7764763467744B3962615A4A777A47646C7934637766707371566170534A376170444C71394D327A72427246784B6236547A5A3267674767726347375A4B4272544F32756255437772322B472F44755758626F6F433165744363443263784E4B68476B656D68376A35354B6F30484453542B6E39614D57554A636A4E51557851434A6E542F756730734259546A2B434D676D6F586D3271586B595931786751352B67797072594E4871415935535170444A49707A7038366F5562365755385967774C767269594D675946514566626347663536443345304739674645512B582F485978344B5576336A556778396F646D427A4877545A41433069375067775372557A4457486168326D595637454669514E61777947644C37794746334531454C6F544D414E783246555356474C5464632B476F6756487347544F4E686E2F7648677354727654486A4E6E6C737A586A6F3936322F734D716E70674E304C347439516A783179535750524B46584B4A6F314B5873736D633134456A4732636642496570534D334162784C6462686C534B66734C65625A6D7A475244643955614D4166754D78326161444831424B4B487644436F3438306E55344344523057536353426F37774C49744E4E477A4A326E51507A4F6950634F476567396A326D4D43474944312B2B6F6666646A2B59416337777836485157746D4F382B4F336A6F343374683757324A726C7A30646A72414573706632445956685264775668567662586C39645779484B43637A54745A71744A576D7257724D375075384B63346A4D4A527462796553327A57415946574D324D62544A4278756777336D744D6276423261345352734C323041743443304D6165714A6F5649737163376774676E5177526F2F79793237347431763176656B3544427749427541776979514B667873625764544B566D4D6D4D4B6E5977426C702F416E766A76676743632B32576F5462727A3455736E6454747665507A347A5A737862796D347A5A7365562F6C2F3734497959644F637A3074746D2B373132327335365A67577937485755483359576E76647662356F325262675469696E626E6C616974675172497451665363465948513771744F6F5A7055706A6238315570304A4564746B444A75346846735635764F4769386A6A6666614136326756746E6A55427365596E647847326C6C6A332B4C6B5235464C544D6833364D526A45712F456356696E4577434F4C586233526A55594E444C5973477731464B5458627957626C6D4E773969454738744D2F71557667644166584C30516656484831632F694E54477547596B7533476F3137566E627256785474447230353743736363446341374131724762644C435059772B2F596273336E5757414E367937764578736D2B4B3230736243304C595257523668326E5A62626D753059495471642F46476659634737585A45527351674154392F51416144434E686A6E6E4235774E663131746A455974414F32546B6339574D45776F6B784F7436554F4C336B5A62665939794849466B4B36577257376A456779646D6B5A714E7074574E62584F70785A71646C797753426346344A763752342F7132564449443545477A69576670564B57796F564E74577551734B57494D775942674738482F624B72795A6A427257633375573858657A5277644564546D4B5073434C6E7142654D773963574955514D6872506E482F614E384843552F2B383966326A4F6A475A494D7174357A78576763555042586B426A754C7566764B7432474D795136634550507254483176586165544C45465751496E656845304659785A457A554D37673964387165716D5A4E6D4E47395970334232534E444C564D62336D77666D2B4C3367736F51594E376D5A51385538354D6F6A4636734C617656505952362F6254326A4135774659697970575A32477538324C586972783044626262737A30366271724B7437353749484B787161397037515A756643345A6D54794A516F7835425A62527547382B4E386F794544544167355A354F7078743138594D793265416D345754765753594F6C385A4B7430726348384867502B324A664C3333614C445549744135377164304777776637326A733564584E393577346C564E3354686E32515959506F645A45736B5748317779506F30524546714A6C39537447634C54387A6157506379736759314A35527748674176714E4A506A447741432F4F78364236684A61584D4F69786431364F747664396A474B4F394E455048776E4F4A4A4C6A74306B4E654A4C594430666A4743394336494D55354939337752324B4363476E4E70646E686E4962472B7056466A6C48414954624E52517A6E6A3066786F654458646E3930546178624248684378424A336A6C774E4537726F4453635063525A6E786D493133634C4961763538435A643963514D2F4F4A645A5762417068467466304F54656271396646574278674A38592F746858474453615459356B7248484D67716E44796B796346412B564834304E616D6F4C774733514F79306238367A5A7875597372667A574F6A59677934736246727359496A795955523764584461336E4F734D445A327466417978764F51344F6E55734E646D4F4270446D6D5156532B61676958486F5973687A5A436779716C6869694835537065416C323965655447497A544E3364742B6A7A62576A64486B67424858516F426D792B6B4C344563455148336A5378624937716D6A78726F69766236467062594F6E704D68446D385A39316970324D6733374D643969584179325537634B37695642477853637A554C646456725734704B783341325741426C48354C58754B6D656B6D44477A58522B4750794D674A4A57644F714A63636B7875507951455A356B6E6A4D7076354E584862495150627A597864586E6166726A6E516A476850612F4D5467346C3447494D376843586F6F4D514B6B6F5739753831785167444B43455851676645732B325A4233444474577755316F6A37566854382B71304230324849756A76436A42616C3937597061454966624E6144756970794E6C33454F496831374E4E7356564D4D4F6A6D776A6C354B636933616F636D797455416364357071487A517A597A4C45314B515A357237597A49394A785136415271316E634F424266654878676F65354E4D68713830556A71464D434150595056346773745A68354E39646C53394F3435637A6F4E6C5771373668514C6848624875794D7947426E774F4D544331767268396B505142384B43454F70347A79344248526A474A695661394B4F4D726C765A634C57774B573153795A7866392B764E4A575252494B56304A736B41592F534F3433314A7870484355426B4673724D4B4435395259754A4270636676567A69786A3761736633436C643247494A41414842716C6D374C4634566E58314B694377506F39787974366A707577535253444D2B48466F7677635073312B6A74637633425A786551446E597970775754676F5A4C31442F59556937726347796E443367304C4D757847344378374D564A3764484568752F325A324D6C75704E644361546C462B5562355955736B4F6A654D39466D70445A2B673056746D2B71737642446C566376714570747572753536736D614E696E56744B484A4A3239424A37785A726C46703045614439303073797A685651337776723073726C487A6A4D2F753151747572684E61644C56642F3855704A6978693362384B642F6759434D59795A686A4A476C52366456486279724A4B544A395850356452484F7A70324377526A7359697A2F6E76507851496E6263355672647131616361786531303757777355446E5A664D69446A757959465161657A375A5735466F36564B6C72584F42625A452B5246585A3743654A626C734A4C784361336146502B65534E376A51304E657A79343973702F78494566787A3067356F5767796F5567696F713364716772464D71585841455964393561493559757261745A5832583544572B73584B616D57744C753769506679486766566D2F5A6B5338523241343642597930617A4945325764437769714A674847797A786454632F6F36324E3545774F4C474B635176646A4B5A6D7A76497433457A7862786E55524C316E48467443333232416C434A6F4B694A31617170544854564256684D4865676D536337585A3178614D326C706F4D45546254512B4E6861314E364D6D65777756774D4743446574676D57414C32414175535644517A6F6D526D4669714979762B33662B4C596E506F6472416B5255375348494532624F50434D525049776F726548756C70512B3232653330344E6F64722F664B414F524D4A6F5037744A30596D45744C7454557446753169616B55746B7070584B546A43326D616E354C395570563558495A54757541324459474E6B363168332B444E68786B6645645530375935476E366A6A576237627645506B5751474853327374355733653435746F6948753030644F452B726C71736662316D2B37673954755372496B56693275714C597A72305A685859334E5A625771713752543577516344463933335A41714A55495A674D5353394A3978316E70543942386173694B42734C4E717942644B6B7754333465436B697475336C49686B3545744E4B52424C597750452B36392B37504363435537766E6A49446F596379692F6D496F6968656D2F66335A69384D373652766736394457575153594C64495230734E44644B4253446774782B34336756587A7577577462713672626A6374786F655547686E33754E526362342F5137427148637234472B6161474534775037576C43466B3537504D753563464C3437714A3371787A73435341484A784B717749395A6B73726E507A516B743772706965304145574F72614F32426A5059674D55734362684D656F356F49415135376F70736F39647865565857635638706A536D41636F36624F5A4841334E584B726E384741457A5A453734466D30526A53793236475473326748676268616B43443672426B4645384F6F314277466F447A6666444876394333615732624B5042754975594C6B3578654751646376516354496947435A4D30673261354C68317A305554466655726C5356375665566961306F396B687931686F7348364D30437A43625457564332527045466C72324A315065784C427049684C523570776F43477030535345344C7071445652772B6D5A6A723053794A38695A724346697156516976436456454B4B444F654E6D784446433253586257366B564356504B595051776659776E6F686A46316D6D6A2F32784D4846636F374B69515838485944597A6C387835646B71595373696679396E7334454B5274312B35564F447369344B694938656A416676564443666B426B546D7858696E68523442454A7733747474486E362B762F42766132366C7177694939414141414141456C46546B5375516D4343, 0, '', 'N');

-- ----------------------------
-- Table structure for gen_table
-- ----------------------------
DROP TABLE IF EXISTS `gen_table`;
CREATE TABLE `gen_table`  (
  `table_id` bigint(0) NOT NULL AUTO_INCREMENT COMMENT '编号',
  `table_name` varchar(200) CHARACTER SET utf8mb4 COLLATE utf8mb4_0900_ai_ci NULL DEFAULT '' COMMENT '表名称',
  `table_comment` varchar(500) CHARACTER SET utf8mb4 COLLATE utf8mb4_0900_ai_ci NULL DEFAULT '' COMMENT '表描述',
  `sub_table_name` varchar(64) CHARACTER SET utf8mb4 COLLATE utf8mb4_0900_ai_ci NULL DEFAULT NULL COMMENT '关联子表的表名',
  `sub_table_fk_name` varchar(64) CHARACTER SET utf8mb4 COLLATE utf8mb4_0900_ai_ci NULL DEFAULT NULL COMMENT '子表关联的外键名',
  `class_name` varchar(100) CHARACTER SET utf8mb4 COLLATE utf8mb4_0900_ai_ci NULL DEFAULT '' COMMENT '实体类名称',
  `tpl_category` varchar(200) CHARACTER SET utf8mb4 COLLATE utf8mb4_0900_ai_ci NULL DEFAULT 'crud' COMMENT '使用的模板（crud单表操作 tree树表操作）',
  `package_name` varchar(100) CHARACTER SET utf8mb4 COLLATE utf8mb4_0900_ai_ci NULL DEFAULT NULL COMMENT '生成包路径',
  `module_name` varchar(30) CHARACTER SET utf8mb4 COLLATE utf8mb4_0900_ai_ci NULL DEFAULT NULL COMMENT '生成模块名',
  `business_name` varchar(30) CHARACTER SET utf8mb4 COLLATE utf8mb4_0900_ai_ci NULL DEFAULT NULL COMMENT '生成业务名',
  `function_name` varchar(50) CHARACTER SET utf8mb4 COLLATE utf8mb4_0900_ai_ci NULL DEFAULT NULL COMMENT '生成功能名',
  `function_author` varchar(50) CHARACTER SET utf8mb4 COLLATE utf8mb4_0900_ai_ci NULL DEFAULT NULL COMMENT '生成功能作者',
  `gen_type` char(1) CHARACTER SET utf8mb4 COLLATE utf8mb4_0900_ai_ci NULL DEFAULT '0' COMMENT '生成代码方式（0zip压缩包 1自定义路径）',
  `gen_path` varchar(200) CHARACTER SET utf8mb4 COLLATE utf8mb4_0900_ai_ci NULL DEFAULT '/' COMMENT '生成路径（不填默认项目路径）',
  `options` varchar(1000) CHARACTER SET utf8mb4 COLLATE utf8mb4_0900_ai_ci NULL DEFAULT NULL COMMENT '其它生成选项',
  `create_by` varchar(64) CHARACTER SET utf8mb4 COLLATE utf8mb4_0900_ai_ci NULL DEFAULT '' COMMENT '创建者',
  `create_time` datetime(0) NULL DEFAULT NULL COMMENT '创建时间',
  `update_by` varchar(64) CHARACTER SET utf8mb4 COLLATE utf8mb4_0900_ai_ci NULL DEFAULT '' COMMENT '更新者',
  `update_time` datetime(0) NULL DEFAULT NULL COMMENT '更新时间',
  `remark` varchar(500) CHARACTER SET utf8mb4 COLLATE utf8mb4_0900_ai_ci NULL DEFAULT NULL COMMENT '备注',
  PRIMARY KEY (`table_id`) USING BTREE
) ENGINE = InnoDB AUTO_INCREMENT = 7 CHARACTER SET = utf8mb4 COLLATE = utf8mb4_0900_ai_ci COMMENT = '代码生成业务表' ROW_FORMAT = Dynamic;

-- ----------------------------
-- Records of gen_table
-- ----------------------------
INSERT INTO `gen_table` VALUES (1, 'cj_emp', '员工表', NULL, NULL, 'Emp', 'crud', 'com.ruoyi.cj', 'cj', 'emp', '员工', 'yj', '0', '/', '{\"parentMenuId\":\"2000\"}', 'admin', '2022-01-23 23:22:17', '', '2022-01-23 23:35:12', '员工表');
INSERT INTO `gen_table` VALUES (2, 'cj_emp_prize', '员工中奖中间表', NULL, NULL, 'EmpPrize', 'crud', 'com.ruoyi.cj', 'cj', 'empprize', '员工中奖中间', 'yj', '0', '/', '{\"parentMenuId\":\"2000\"}', 'admin', '2022-01-23 23:22:18', '', '2022-01-23 23:45:33', NULL);
INSERT INTO `gen_table` VALUES (7, 'cj_prize', '奖品表', NULL, NULL, 'Prize', 'crud', 'com.ruoyi.cj', 'cj', 'prize', '奖品', 'ruoyi', '0', '/', '{}', 'admin', '2022-01-24 16:16:26', '', '2022-01-24 16:22:07', NULL);

-- ----------------------------
-- Table structure for gen_table_column
-- ----------------------------
DROP TABLE IF EXISTS `gen_table_column`;
CREATE TABLE `gen_table_column`  (
  `column_id` bigint(0) NOT NULL AUTO_INCREMENT COMMENT '编号',
  `table_id` varchar(64) CHARACTER SET utf8mb4 COLLATE utf8mb4_0900_ai_ci NULL DEFAULT NULL COMMENT '归属表编号',
  `column_name` varchar(200) CHARACTER SET utf8mb4 COLLATE utf8mb4_0900_ai_ci NULL DEFAULT NULL COMMENT '列名称',
  `column_comment` varchar(500) CHARACTER SET utf8mb4 COLLATE utf8mb4_0900_ai_ci NULL DEFAULT NULL COMMENT '列描述',
  `column_type` varchar(100) CHARACTER SET utf8mb4 COLLATE utf8mb4_0900_ai_ci NULL DEFAULT NULL COMMENT '列类型',
  `java_type` varchar(500) CHARACTER SET utf8mb4 COLLATE utf8mb4_0900_ai_ci NULL DEFAULT NULL COMMENT 'JAVA类型',
  `java_field` varchar(200) CHARACTER SET utf8mb4 COLLATE utf8mb4_0900_ai_ci NULL DEFAULT NULL COMMENT 'JAVA字段名',
  `is_pk` char(1) CHARACTER SET utf8mb4 COLLATE utf8mb4_0900_ai_ci NULL DEFAULT NULL COMMENT '是否主键（1是）',
  `is_increment` char(1) CHARACTER SET utf8mb4 COLLATE utf8mb4_0900_ai_ci NULL DEFAULT NULL COMMENT '是否自增（1是）',
  `is_required` char(1) CHARACTER SET utf8mb4 COLLATE utf8mb4_0900_ai_ci NULL DEFAULT NULL COMMENT '是否必填（1是）',
  `is_insert` char(1) CHARACTER SET utf8mb4 COLLATE utf8mb4_0900_ai_ci NULL DEFAULT NULL COMMENT '是否为插入字段（1是）',
  `is_edit` char(1) CHARACTER SET utf8mb4 COLLATE utf8mb4_0900_ai_ci NULL DEFAULT NULL COMMENT '是否编辑字段（1是）',
  `is_list` char(1) CHARACTER SET utf8mb4 COLLATE utf8mb4_0900_ai_ci NULL DEFAULT NULL COMMENT '是否列表字段（1是）',
  `is_query` char(1) CHARACTER SET utf8mb4 COLLATE utf8mb4_0900_ai_ci NULL DEFAULT NULL COMMENT '是否查询字段（1是）',
  `query_type` varchar(200) CHARACTER SET utf8mb4 COLLATE utf8mb4_0900_ai_ci NULL DEFAULT 'EQ' COMMENT '查询方式（等于、不等于、大于、小于、范围）',
  `html_type` varchar(200) CHARACTER SET utf8mb4 COLLATE utf8mb4_0900_ai_ci NULL DEFAULT NULL COMMENT '显示类型（文本框、文本域、下拉框、复选框、单选框、日期控件）',
  `dict_type` varchar(200) CHARACTER SET utf8mb4 COLLATE utf8mb4_0900_ai_ci NULL DEFAULT '' COMMENT '字典类型',
  `sort` int(0) NULL DEFAULT NULL COMMENT '排序',
  `create_by` varchar(64) CHARACTER SET utf8mb4 COLLATE utf8mb4_0900_ai_ci NULL DEFAULT '' COMMENT '创建者',
  `create_time` datetime(0) NULL DEFAULT NULL COMMENT '创建时间',
  `update_by` varchar(64) CHARACTER SET utf8mb4 COLLATE utf8mb4_0900_ai_ci NULL DEFAULT '' COMMENT '更新者',
  `update_time` datetime(0) NULL DEFAULT NULL COMMENT '更新时间',
  PRIMARY KEY (`column_id`) USING BTREE
) ENGINE = InnoDB AUTO_INCREMENT = 37 CHARACTER SET = utf8mb4 COLLATE = utf8mb4_0900_ai_ci COMMENT = '代码生成业务表字段' ROW_FORMAT = Dynamic;

-- ----------------------------
-- Records of gen_table_column
-- ----------------------------
INSERT INTO `gen_table_column` VALUES (1, '1', 'id', 'id', 'int(10) unsigned zerofill', 'Integer', 'id', '1', '0', NULL, NULL, NULL, NULL, NULL, 'EQ', 'input', '', 1, 'admin', '2022-01-23 23:22:17', '', '2022-01-23 23:35:12');
INSERT INTO `gen_table_column` VALUES (2, '1', 'emp_no', '员工编号', 'varchar(10)', 'String', 'empNo', '0', '0', '1', '1', '1', '1', '1', 'LIKE', 'input', '', 2, 'admin', '2022-01-23 23:22:17', '', '2022-01-23 23:35:12');
INSERT INTO `gen_table_column` VALUES (3, '1', 'name', '员工姓名', 'varchar(20)', 'String', 'name', '0', '0', '1', '1', '1', '1', '1', 'LIKE', 'input', '', 3, 'admin', '2022-01-23 23:22:18', '', '2022-01-23 23:35:12');
INSERT INTO `gen_table_column` VALUES (4, '1', 'phone', '电话号码', 'varchar(20)', 'String', 'phone', '0', '0', NULL, '1', '1', '1', '1', 'EQ', 'input', '', 4, 'admin', '2022-01-23 23:22:18', '', '2022-01-23 23:35:12');
INSERT INTO `gen_table_column` VALUES (5, '1', 'weighting', '权重', 'int', 'Integer', 'weighting', '0', '0', '1', '1', '1', '1', '1', 'EQ', 'input', '', 5, 'admin', '2022-01-23 23:22:18', '', '2022-01-23 23:35:12');
INSERT INTO `gen_table_column` VALUES (6, '2', 'id', 'id', 'int', 'Integer', 'id', '1', '0', NULL, NULL, NULL, NULL, NULL, 'EQ', 'input', '', 1, 'admin', '2022-01-23 23:22:18', '', '2022-01-23 23:45:33');
INSERT INTO `gen_table_column` VALUES (7, '2', 'emp_id', '员工id', 'int', 'Integer', 'empId', '0', '0', '1', '1', '1', '1', '1', 'EQ', 'input', '', 2, 'admin', '2022-01-23 23:22:18', '', '2022-01-23 23:45:33');
INSERT INTO `gen_table_column` VALUES (8, '2', 'prize_id', '奖品id', 'int', 'Integer', 'prizeId', '0', '0', '1', '1', '1', '1', '1', 'EQ', 'input', '', 3, 'admin', '2022-01-23 23:22:18', '', '2022-01-23 23:45:33');
INSERT INTO `gen_table_column` VALUES (31, '7', 'id', 'id', 'int', 'Integer', 'id', '1', '1', NULL, '1', NULL, NULL, NULL, 'EQ', 'input', '', 1, 'admin', '2022-01-24 16:16:26', '', '2022-01-24 16:22:07');
INSERT INTO `gen_table_column` VALUES (32, '7', 'name', '奖品名称', 'varchar(20)', 'String', 'name', '0', '0', '1', '1', '1', '1', '1', 'LIKE', 'input', '', 2, 'admin', '2022-01-24 16:16:26', '', '2022-01-24 16:22:07');
INSERT INTO `gen_table_column` VALUES (33, '7', 'info', '奖品信息', 'varchar(40)', 'String', 'info', '0', '0', NULL, '1', '1', '1', '1', 'EQ', 'input', '', 3, 'admin', '2022-01-24 16:16:26', '', '2022-01-24 16:22:07');
INSERT INTO `gen_table_column` VALUES (34, '7', 'back_img', '背景图片', 'blob', 'String', 'backImg', '0', '0', NULL, '1', '1', '1', '1', 'EQ', NULL, '', 4, 'admin', '2022-01-24 16:16:26', '', '2022-01-24 16:22:07');
INSERT INTO `gen_table_column` VALUES (35, '7', 'stock', '奖品数量', 'int', 'Long', 'stock', '0', '0', '1', '1', '1', '1', '1', 'EQ', 'input', '', 5, 'admin', '2022-01-24 16:16:26', '', '2022-01-24 16:22:07');
INSERT INTO `gen_table_column` VALUES (36, '7', 'remark', '备注信息', 'varchar(255)', 'String', 'remark', '0', '0', NULL, '1', '1', '1', NULL, 'EQ', 'input', '', 6, 'admin', '2022-01-24 16:16:26', '', '2022-01-24 16:22:07');
INSERT INTO `gen_table_column` VALUES (37, '7', 'win', '是否中奖Y:是，N：否', 'varchar(2)', 'String', 'win', '0', '0', '1', '1', '1', '1', '1', 'EQ', 'radio', 'cj_win', 7, 'admin', '2022-01-24 16:16:26', '', '2022-01-24 16:22:07');

-- ----------------------------
-- Table structure for qrtz_blob_triggers
-- ----------------------------
DROP TABLE IF EXISTS `qrtz_blob_triggers`;
CREATE TABLE `qrtz_blob_triggers`  (
  `sched_name` varchar(120) CHARACTER SET utf8mb4 COLLATE utf8mb4_0900_ai_ci NOT NULL COMMENT '调度名称',
  `trigger_name` varchar(200) CHARACTER SET utf8mb4 COLLATE utf8mb4_0900_ai_ci NOT NULL COMMENT 'qrtz_triggers表trigger_name的外键',
  `trigger_group` varchar(200) CHARACTER SET utf8mb4 COLLATE utf8mb4_0900_ai_ci NOT NULL COMMENT 'qrtz_triggers表trigger_group的外键',
  `blob_data` blob NULL COMMENT '存放持久化Trigger对象',
  PRIMARY KEY (`sched_name`, `trigger_name`, `trigger_group`) USING BTREE,
  CONSTRAINT `qrtz_blob_triggers_ibfk_1` FOREIGN KEY (`sched_name`, `trigger_name`, `trigger_group`) REFERENCES `qrtz_triggers` (`sched_name`, `trigger_name`, `trigger_group`) ON DELETE RESTRICT ON UPDATE RESTRICT
) ENGINE = InnoDB CHARACTER SET = utf8mb4 COLLATE = utf8mb4_0900_ai_ci COMMENT = 'Blob类型的触发器表' ROW_FORMAT = Dynamic;

-- ----------------------------
-- Records of qrtz_blob_triggers
-- ----------------------------

-- ----------------------------
-- Table structure for qrtz_calendars
-- ----------------------------
DROP TABLE IF EXISTS `qrtz_calendars`;
CREATE TABLE `qrtz_calendars`  (
  `sched_name` varchar(120) CHARACTER SET utf8mb4 COLLATE utf8mb4_0900_ai_ci NOT NULL COMMENT '调度名称',
  `calendar_name` varchar(200) CHARACTER SET utf8mb4 COLLATE utf8mb4_0900_ai_ci NOT NULL COMMENT '日历名称',
  `calendar` blob NOT NULL COMMENT '存放持久化calendar对象',
  PRIMARY KEY (`sched_name`, `calendar_name`) USING BTREE
) ENGINE = InnoDB CHARACTER SET = utf8mb4 COLLATE = utf8mb4_0900_ai_ci COMMENT = '日历信息表' ROW_FORMAT = Dynamic;

-- ----------------------------
-- Records of qrtz_calendars
-- ----------------------------

-- ----------------------------
-- Table structure for qrtz_cron_triggers
-- ----------------------------
DROP TABLE IF EXISTS `qrtz_cron_triggers`;
CREATE TABLE `qrtz_cron_triggers`  (
  `sched_name` varchar(120) CHARACTER SET utf8mb4 COLLATE utf8mb4_0900_ai_ci NOT NULL COMMENT '调度名称',
  `trigger_name` varchar(200) CHARACTER SET utf8mb4 COLLATE utf8mb4_0900_ai_ci NOT NULL COMMENT 'qrtz_triggers表trigger_name的外键',
  `trigger_group` varchar(200) CHARACTER SET utf8mb4 COLLATE utf8mb4_0900_ai_ci NOT NULL COMMENT 'qrtz_triggers表trigger_group的外键',
  `cron_expression` varchar(200) CHARACTER SET utf8mb4 COLLATE utf8mb4_0900_ai_ci NOT NULL COMMENT 'cron表达式',
  `time_zone_id` varchar(80) CHARACTER SET utf8mb4 COLLATE utf8mb4_0900_ai_ci NULL DEFAULT NULL COMMENT '时区',
  PRIMARY KEY (`sched_name`, `trigger_name`, `trigger_group`) USING BTREE,
  CONSTRAINT `qrtz_cron_triggers_ibfk_1` FOREIGN KEY (`sched_name`, `trigger_name`, `trigger_group`) REFERENCES `qrtz_triggers` (`sched_name`, `trigger_name`, `trigger_group`) ON DELETE RESTRICT ON UPDATE RESTRICT
) ENGINE = InnoDB CHARACTER SET = utf8mb4 COLLATE = utf8mb4_0900_ai_ci COMMENT = 'Cron类型的触发器表' ROW_FORMAT = Dynamic;

-- ----------------------------
-- Records of qrtz_cron_triggers
-- ----------------------------
INSERT INTO `qrtz_cron_triggers` VALUES ('RuoyiScheduler', 'TASK_CLASS_NAME1', 'DEFAULT', '0/10 * * * * ?', 'Asia/Shanghai');
INSERT INTO `qrtz_cron_triggers` VALUES ('RuoyiScheduler', 'TASK_CLASS_NAME2', 'DEFAULT', '0/15 * * * * ?', 'Asia/Shanghai');
INSERT INTO `qrtz_cron_triggers` VALUES ('RuoyiScheduler', 'TASK_CLASS_NAME3', 'DEFAULT', '0/20 * * * * ?', 'Asia/Shanghai');

-- ----------------------------
-- Table structure for qrtz_fired_triggers
-- ----------------------------
DROP TABLE IF EXISTS `qrtz_fired_triggers`;
CREATE TABLE `qrtz_fired_triggers`  (
  `sched_name` varchar(120) CHARACTER SET utf8mb4 COLLATE utf8mb4_0900_ai_ci NOT NULL COMMENT '调度名称',
  `entry_id` varchar(95) CHARACTER SET utf8mb4 COLLATE utf8mb4_0900_ai_ci NOT NULL COMMENT '调度器实例id',
  `trigger_name` varchar(200) CHARACTER SET utf8mb4 COLLATE utf8mb4_0900_ai_ci NOT NULL COMMENT 'qrtz_triggers表trigger_name的外键',
  `trigger_group` varchar(200) CHARACTER SET utf8mb4 COLLATE utf8mb4_0900_ai_ci NOT NULL COMMENT 'qrtz_triggers表trigger_group的外键',
  `instance_name` varchar(200) CHARACTER SET utf8mb4 COLLATE utf8mb4_0900_ai_ci NOT NULL COMMENT '调度器实例名',
  `fired_time` bigint(0) NOT NULL COMMENT '触发的时间',
  `sched_time` bigint(0) NOT NULL COMMENT '定时器制定的时间',
  `priority` int(0) NOT NULL COMMENT '优先级',
  `state` varchar(16) CHARACTER SET utf8mb4 COLLATE utf8mb4_0900_ai_ci NOT NULL COMMENT '状态',
  `job_name` varchar(200) CHARACTER SET utf8mb4 COLLATE utf8mb4_0900_ai_ci NULL DEFAULT NULL COMMENT '任务名称',
  `job_group` varchar(200) CHARACTER SET utf8mb4 COLLATE utf8mb4_0900_ai_ci NULL DEFAULT NULL COMMENT '任务组名',
  `is_nonconcurrent` varchar(1) CHARACTER SET utf8mb4 COLLATE utf8mb4_0900_ai_ci NULL DEFAULT NULL COMMENT '是否并发',
  `requests_recovery` varchar(1) CHARACTER SET utf8mb4 COLLATE utf8mb4_0900_ai_ci NULL DEFAULT NULL COMMENT '是否接受恢复执行',
  PRIMARY KEY (`sched_name`, `entry_id`) USING BTREE
) ENGINE = InnoDB CHARACTER SET = utf8mb4 COLLATE = utf8mb4_0900_ai_ci COMMENT = '已触发的触发器表' ROW_FORMAT = Dynamic;

-- ----------------------------
-- Records of qrtz_fired_triggers
-- ----------------------------

-- ----------------------------
-- Table structure for qrtz_job_details
-- ----------------------------
DROP TABLE IF EXISTS `qrtz_job_details`;
CREATE TABLE `qrtz_job_details`  (
  `sched_name` varchar(120) CHARACTER SET utf8mb4 COLLATE utf8mb4_0900_ai_ci NOT NULL COMMENT '调度名称',
  `job_name` varchar(200) CHARACTER SET utf8mb4 COLLATE utf8mb4_0900_ai_ci NOT NULL COMMENT '任务名称',
  `job_group` varchar(200) CHARACTER SET utf8mb4 COLLATE utf8mb4_0900_ai_ci NOT NULL COMMENT '任务组名',
  `description` varchar(250) CHARACTER SET utf8mb4 COLLATE utf8mb4_0900_ai_ci NULL DEFAULT NULL COMMENT '相关介绍',
  `job_class_name` varchar(250) CHARACTER SET utf8mb4 COLLATE utf8mb4_0900_ai_ci NOT NULL COMMENT '执行任务类名称',
  `is_durable` varchar(1) CHARACTER SET utf8mb4 COLLATE utf8mb4_0900_ai_ci NOT NULL COMMENT '是否持久化',
  `is_nonconcurrent` varchar(1) CHARACTER SET utf8mb4 COLLATE utf8mb4_0900_ai_ci NOT NULL COMMENT '是否并发',
  `is_update_data` varchar(1) CHARACTER SET utf8mb4 COLLATE utf8mb4_0900_ai_ci NOT NULL COMMENT '是否更新数据',
  `requests_recovery` varchar(1) CHARACTER SET utf8mb4 COLLATE utf8mb4_0900_ai_ci NOT NULL COMMENT '是否接受恢复执行',
  `job_data` blob NULL COMMENT '存放持久化job对象',
  PRIMARY KEY (`sched_name`, `job_name`, `job_group`) USING BTREE
) ENGINE = InnoDB CHARACTER SET = utf8mb4 COLLATE = utf8mb4_0900_ai_ci COMMENT = '任务详细信息表' ROW_FORMAT = Dynamic;

-- ----------------------------
-- Records of qrtz_job_details
-- ----------------------------
INSERT INTO `qrtz_job_details` VALUES ('RuoyiScheduler', 'TASK_CLASS_NAME1', 'DEFAULT', NULL, 'com.ruoyi.quartz.util.QuartzDisallowConcurrentExecution', '0', '1', '0', '0', 0xACED0005737200156F72672E71756172747A2E4A6F62446174614D61709FB083E8BFA9B0CB020000787200266F72672E71756172747A2E7574696C732E537472696E674B65794469727479466C61674D61708208E8C3FBC55D280200015A0013616C6C6F77735472616E7369656E74446174617872001D6F72672E71756172747A2E7574696C732E4469727479466C61674D617013E62EAD28760ACE0200025A000564697274794C00036D617074000F4C6A6176612F7574696C2F4D61703B787001737200116A6176612E7574696C2E486173684D61700507DAC1C31660D103000246000A6C6F6164466163746F724900097468726573686F6C6478703F4000000000000C7708000000100000000174000F5441534B5F50524F504552544945537372001E636F6D2E72756F79692E71756172747A2E646F6D61696E2E5379734A6F6200000000000000010200084C000A636F6E63757272656E747400124C6A6176612F6C616E672F537472696E673B4C000E63726F6E45787072657373696F6E71007E00094C000C696E766F6B6554617267657471007E00094C00086A6F6247726F757071007E00094C00056A6F6249647400104C6A6176612F6C616E672F4C6F6E673B4C00076A6F624E616D6571007E00094C000D6D697366697265506F6C69637971007E00094C000673746174757371007E000978720027636F6D2E72756F79692E636F6D6D6F6E2E636F72652E646F6D61696E2E42617365456E7469747900000000000000010200074C0008637265617465427971007E00094C000A63726561746554696D657400104C6A6176612F7574696C2F446174653B4C0006706172616D7371007E00034C000672656D61726B71007E00094C000B73656172636856616C756571007E00094C0008757064617465427971007E00094C000A75706461746554696D6571007E000C787074000561646D696E7372000E6A6176612E7574696C2E44617465686A81014B597419030000787077080000017E87698AA078707400007070707400013174000E302F3130202A202A202A202A203F74001172795461736B2E72794E6F506172616D7374000744454641554C547372000E6A6176612E6C616E672E4C6F6E673B8BE490CC8F23DF0200014A000576616C7565787200106A6176612E6C616E672E4E756D62657286AC951D0B94E08B02000078700000000000000001740018E7B3BBE7BB9FE9BB98E8AEA4EFBC88E697A0E58F82EFBC8974000133740001317800);
INSERT INTO `qrtz_job_details` VALUES ('RuoyiScheduler', 'TASK_CLASS_NAME2', 'DEFAULT', NULL, 'com.ruoyi.quartz.util.QuartzDisallowConcurrentExecution', '0', '1', '0', '0', 0xACED0005737200156F72672E71756172747A2E4A6F62446174614D61709FB083E8BFA9B0CB020000787200266F72672E71756172747A2E7574696C732E537472696E674B65794469727479466C61674D61708208E8C3FBC55D280200015A0013616C6C6F77735472616E7369656E74446174617872001D6F72672E71756172747A2E7574696C732E4469727479466C61674D617013E62EAD28760ACE0200025A000564697274794C00036D617074000F4C6A6176612F7574696C2F4D61703B787001737200116A6176612E7574696C2E486173684D61700507DAC1C31660D103000246000A6C6F6164466163746F724900097468726573686F6C6478703F4000000000000C7708000000100000000174000F5441534B5F50524F504552544945537372001E636F6D2E72756F79692E71756172747A2E646F6D61696E2E5379734A6F6200000000000000010200084C000A636F6E63757272656E747400124C6A6176612F6C616E672F537472696E673B4C000E63726F6E45787072657373696F6E71007E00094C000C696E766F6B6554617267657471007E00094C00086A6F6247726F757071007E00094C00056A6F6249647400104C6A6176612F6C616E672F4C6F6E673B4C00076A6F624E616D6571007E00094C000D6D697366697265506F6C69637971007E00094C000673746174757371007E000978720027636F6D2E72756F79692E636F6D6D6F6E2E636F72652E646F6D61696E2E42617365456E7469747900000000000000010200074C0008637265617465427971007E00094C000A63726561746554696D657400104C6A6176612F7574696C2F446174653B4C0006706172616D7371007E00034C000672656D61726B71007E00094C000B73656172636856616C756571007E00094C0008757064617465427971007E00094C000A75706461746554696D6571007E000C787074000561646D696E7372000E6A6176612E7574696C2E44617465686A81014B597419030000787077080000017E87698AA078707400007070707400013174000E302F3135202A202A202A202A203F74001572795461736B2E7279506172616D7328277279272974000744454641554C547372000E6A6176612E6C616E672E4C6F6E673B8BE490CC8F23DF0200014A000576616C7565787200106A6176612E6C616E672E4E756D62657286AC951D0B94E08B02000078700000000000000002740018E7B3BBE7BB9FE9BB98E8AEA4EFBC88E69C89E58F82EFBC8974000133740001317800);
INSERT INTO `qrtz_job_details` VALUES ('RuoyiScheduler', 'TASK_CLASS_NAME3', 'DEFAULT', NULL, 'com.ruoyi.quartz.util.QuartzDisallowConcurrentExecution', '0', '1', '0', '0', 0xACED0005737200156F72672E71756172747A2E4A6F62446174614D61709FB083E8BFA9B0CB020000787200266F72672E71756172747A2E7574696C732E537472696E674B65794469727479466C61674D61708208E8C3FBC55D280200015A0013616C6C6F77735472616E7369656E74446174617872001D6F72672E71756172747A2E7574696C732E4469727479466C61674D617013E62EAD28760ACE0200025A000564697274794C00036D617074000F4C6A6176612F7574696C2F4D61703B787001737200116A6176612E7574696C2E486173684D61700507DAC1C31660D103000246000A6C6F6164466163746F724900097468726573686F6C6478703F4000000000000C7708000000100000000174000F5441534B5F50524F504552544945537372001E636F6D2E72756F79692E71756172747A2E646F6D61696E2E5379734A6F6200000000000000010200084C000A636F6E63757272656E747400124C6A6176612F6C616E672F537472696E673B4C000E63726F6E45787072657373696F6E71007E00094C000C696E766F6B6554617267657471007E00094C00086A6F6247726F757071007E00094C00056A6F6249647400104C6A6176612F6C616E672F4C6F6E673B4C00076A6F624E616D6571007E00094C000D6D697366697265506F6C69637971007E00094C000673746174757371007E000978720027636F6D2E72756F79692E636F6D6D6F6E2E636F72652E646F6D61696E2E42617365456E7469747900000000000000010200074C0008637265617465427971007E00094C000A63726561746554696D657400104C6A6176612F7574696C2F446174653B4C0006706172616D7371007E00034C000672656D61726B71007E00094C000B73656172636856616C756571007E00094C0008757064617465427971007E00094C000A75706461746554696D6571007E000C787074000561646D696E7372000E6A6176612E7574696C2E44617465686A81014B597419030000787077080000017E87698AA078707400007070707400013174000E302F3230202A202A202A202A203F74003872795461736B2E72794D756C7469706C65506172616D7328277279272C20747275652C20323030304C2C203331362E3530442C203130302974000744454641554C547372000E6A6176612E6C616E672E4C6F6E673B8BE490CC8F23DF0200014A000576616C7565787200106A6176612E6C616E672E4E756D62657286AC951D0B94E08B02000078700000000000000003740018E7B3BBE7BB9FE9BB98E8AEA4EFBC88E5A49AE58F82EFBC8974000133740001317800);

-- ----------------------------
-- Table structure for qrtz_locks
-- ----------------------------
DROP TABLE IF EXISTS `qrtz_locks`;
CREATE TABLE `qrtz_locks`  (
  `sched_name` varchar(120) CHARACTER SET utf8mb4 COLLATE utf8mb4_0900_ai_ci NOT NULL COMMENT '调度名称',
  `lock_name` varchar(40) CHARACTER SET utf8mb4 COLLATE utf8mb4_0900_ai_ci NOT NULL COMMENT '悲观锁名称',
  PRIMARY KEY (`sched_name`, `lock_name`) USING BTREE
) ENGINE = InnoDB CHARACTER SET = utf8mb4 COLLATE = utf8mb4_0900_ai_ci COMMENT = '存储的悲观锁信息表' ROW_FORMAT = Dynamic;

-- ----------------------------
-- Records of qrtz_locks
-- ----------------------------
INSERT INTO `qrtz_locks` VALUES ('RuoyiScheduler', 'STATE_ACCESS');
INSERT INTO `qrtz_locks` VALUES ('RuoyiScheduler', 'TRIGGER_ACCESS');

-- ----------------------------
-- Table structure for qrtz_paused_trigger_grps
-- ----------------------------
DROP TABLE IF EXISTS `qrtz_paused_trigger_grps`;
CREATE TABLE `qrtz_paused_trigger_grps`  (
  `sched_name` varchar(120) CHARACTER SET utf8mb4 COLLATE utf8mb4_0900_ai_ci NOT NULL COMMENT '调度名称',
  `trigger_group` varchar(200) CHARACTER SET utf8mb4 COLLATE utf8mb4_0900_ai_ci NOT NULL COMMENT 'qrtz_triggers表trigger_group的外键',
  PRIMARY KEY (`sched_name`, `trigger_group`) USING BTREE
) ENGINE = InnoDB CHARACTER SET = utf8mb4 COLLATE = utf8mb4_0900_ai_ci COMMENT = '暂停的触发器表' ROW_FORMAT = Dynamic;

-- ----------------------------
-- Records of qrtz_paused_trigger_grps
-- ----------------------------

-- ----------------------------
-- Table structure for qrtz_scheduler_state
-- ----------------------------
DROP TABLE IF EXISTS `qrtz_scheduler_state`;
CREATE TABLE `qrtz_scheduler_state`  (
  `sched_name` varchar(120) CHARACTER SET utf8mb4 COLLATE utf8mb4_0900_ai_ci NOT NULL COMMENT '调度名称',
  `instance_name` varchar(200) CHARACTER SET utf8mb4 COLLATE utf8mb4_0900_ai_ci NOT NULL COMMENT '实例名称',
  `last_checkin_time` bigint(0) NOT NULL COMMENT '上次检查时间',
  `checkin_interval` bigint(0) NOT NULL COMMENT '检查间隔时间',
  PRIMARY KEY (`sched_name`, `instance_name`) USING BTREE
) ENGINE = InnoDB CHARACTER SET = utf8mb4 COLLATE = utf8mb4_0900_ai_ci COMMENT = '调度器状态表' ROW_FORMAT = Dynamic;

-- ----------------------------
-- Records of qrtz_scheduler_state
-- ----------------------------
INSERT INTO `qrtz_scheduler_state` VALUES ('RuoyiScheduler', 'DESKTOP-NSHHVTQ1644675106926', 1644676093200, 15000);

-- ----------------------------
-- Table structure for qrtz_simple_triggers
-- ----------------------------
DROP TABLE IF EXISTS `qrtz_simple_triggers`;
CREATE TABLE `qrtz_simple_triggers`  (
  `sched_name` varchar(120) CHARACTER SET utf8mb4 COLLATE utf8mb4_0900_ai_ci NOT NULL COMMENT '调度名称',
  `trigger_name` varchar(200) CHARACTER SET utf8mb4 COLLATE utf8mb4_0900_ai_ci NOT NULL COMMENT 'qrtz_triggers表trigger_name的外键',
  `trigger_group` varchar(200) CHARACTER SET utf8mb4 COLLATE utf8mb4_0900_ai_ci NOT NULL COMMENT 'qrtz_triggers表trigger_group的外键',
  `repeat_count` bigint(0) NOT NULL COMMENT '重复的次数统计',
  `repeat_interval` bigint(0) NOT NULL COMMENT '重复的间隔时间',
  `times_triggered` bigint(0) NOT NULL COMMENT '已经触发的次数',
  PRIMARY KEY (`sched_name`, `trigger_name`, `trigger_group`) USING BTREE,
  CONSTRAINT `qrtz_simple_triggers_ibfk_1` FOREIGN KEY (`sched_name`, `trigger_name`, `trigger_group`) REFERENCES `qrtz_triggers` (`sched_name`, `trigger_name`, `trigger_group`) ON DELETE RESTRICT ON UPDATE RESTRICT
) ENGINE = InnoDB CHARACTER SET = utf8mb4 COLLATE = utf8mb4_0900_ai_ci COMMENT = '简单触发器的信息表' ROW_FORMAT = Dynamic;

-- ----------------------------
-- Records of qrtz_simple_triggers
-- ----------------------------

-- ----------------------------
-- Table structure for qrtz_simprop_triggers
-- ----------------------------
DROP TABLE IF EXISTS `qrtz_simprop_triggers`;
CREATE TABLE `qrtz_simprop_triggers`  (
  `sched_name` varchar(120) CHARACTER SET utf8mb4 COLLATE utf8mb4_0900_ai_ci NOT NULL COMMENT '调度名称',
  `trigger_name` varchar(200) CHARACTER SET utf8mb4 COLLATE utf8mb4_0900_ai_ci NOT NULL COMMENT 'qrtz_triggers表trigger_name的外键',
  `trigger_group` varchar(200) CHARACTER SET utf8mb4 COLLATE utf8mb4_0900_ai_ci NOT NULL COMMENT 'qrtz_triggers表trigger_group的外键',
  `str_prop_1` varchar(512) CHARACTER SET utf8mb4 COLLATE utf8mb4_0900_ai_ci NULL DEFAULT NULL COMMENT 'String类型的trigger的第一个参数',
  `str_prop_2` varchar(512) CHARACTER SET utf8mb4 COLLATE utf8mb4_0900_ai_ci NULL DEFAULT NULL COMMENT 'String类型的trigger的第二个参数',
  `str_prop_3` varchar(512) CHARACTER SET utf8mb4 COLLATE utf8mb4_0900_ai_ci NULL DEFAULT NULL COMMENT 'String类型的trigger的第三个参数',
  `int_prop_1` int(0) NULL DEFAULT NULL COMMENT 'int类型的trigger的第一个参数',
  `int_prop_2` int(0) NULL DEFAULT NULL COMMENT 'int类型的trigger的第二个参数',
  `long_prop_1` bigint(0) NULL DEFAULT NULL COMMENT 'long类型的trigger的第一个参数',
  `long_prop_2` bigint(0) NULL DEFAULT NULL COMMENT 'long类型的trigger的第二个参数',
  `dec_prop_1` decimal(13, 4) NULL DEFAULT NULL COMMENT 'decimal类型的trigger的第一个参数',
  `dec_prop_2` decimal(13, 4) NULL DEFAULT NULL COMMENT 'decimal类型的trigger的第二个参数',
  `bool_prop_1` varchar(1) CHARACTER SET utf8mb4 COLLATE utf8mb4_0900_ai_ci NULL DEFAULT NULL COMMENT 'Boolean类型的trigger的第一个参数',
  `bool_prop_2` varchar(1) CHARACTER SET utf8mb4 COLLATE utf8mb4_0900_ai_ci NULL DEFAULT NULL COMMENT 'Boolean类型的trigger的第二个参数',
  PRIMARY KEY (`sched_name`, `trigger_name`, `trigger_group`) USING BTREE,
  CONSTRAINT `qrtz_simprop_triggers_ibfk_1` FOREIGN KEY (`sched_name`, `trigger_name`, `trigger_group`) REFERENCES `qrtz_triggers` (`sched_name`, `trigger_name`, `trigger_group`) ON DELETE RESTRICT ON UPDATE RESTRICT
) ENGINE = InnoDB CHARACTER SET = utf8mb4 COLLATE = utf8mb4_0900_ai_ci COMMENT = '同步机制的行锁表' ROW_FORMAT = Dynamic;

-- ----------------------------
-- Records of qrtz_simprop_triggers
-- ----------------------------

-- ----------------------------
-- Table structure for qrtz_triggers
-- ----------------------------
DROP TABLE IF EXISTS `qrtz_triggers`;
CREATE TABLE `qrtz_triggers`  (
  `sched_name` varchar(120) CHARACTER SET utf8mb4 COLLATE utf8mb4_0900_ai_ci NOT NULL COMMENT '调度名称',
  `trigger_name` varchar(200) CHARACTER SET utf8mb4 COLLATE utf8mb4_0900_ai_ci NOT NULL COMMENT '触发器的名字',
  `trigger_group` varchar(200) CHARACTER SET utf8mb4 COLLATE utf8mb4_0900_ai_ci NOT NULL COMMENT '触发器所属组的名字',
  `job_name` varchar(200) CHARACTER SET utf8mb4 COLLATE utf8mb4_0900_ai_ci NOT NULL COMMENT 'qrtz_job_details表job_name的外键',
  `job_group` varchar(200) CHARACTER SET utf8mb4 COLLATE utf8mb4_0900_ai_ci NOT NULL COMMENT 'qrtz_job_details表job_group的外键',
  `description` varchar(250) CHARACTER SET utf8mb4 COLLATE utf8mb4_0900_ai_ci NULL DEFAULT NULL COMMENT '相关介绍',
  `next_fire_time` bigint(0) NULL DEFAULT NULL COMMENT '上一次触发时间（毫秒）',
  `prev_fire_time` bigint(0) NULL DEFAULT NULL COMMENT '下一次触发时间（默认为-1表示不触发）',
  `priority` int(0) NULL DEFAULT NULL COMMENT '优先级',
  `trigger_state` varchar(16) CHARACTER SET utf8mb4 COLLATE utf8mb4_0900_ai_ci NOT NULL COMMENT '触发器状态',
  `trigger_type` varchar(8) CHARACTER SET utf8mb4 COLLATE utf8mb4_0900_ai_ci NOT NULL COMMENT '触发器的类型',
  `start_time` bigint(0) NOT NULL COMMENT '开始时间',
  `end_time` bigint(0) NULL DEFAULT NULL COMMENT '结束时间',
  `calendar_name` varchar(200) CHARACTER SET utf8mb4 COLLATE utf8mb4_0900_ai_ci NULL DEFAULT NULL COMMENT '日程表名称',
  `misfire_instr` smallint(0) NULL DEFAULT NULL COMMENT '补偿执行的策略',
  `job_data` blob NULL COMMENT '存放持久化job对象',
  PRIMARY KEY (`sched_name`, `trigger_name`, `trigger_group`) USING BTREE,
  INDEX `sched_name`(`sched_name`, `job_name`, `job_group`) USING BTREE,
  CONSTRAINT `qrtz_triggers_ibfk_1` FOREIGN KEY (`sched_name`, `job_name`, `job_group`) REFERENCES `qrtz_job_details` (`sched_name`, `job_name`, `job_group`) ON DELETE RESTRICT ON UPDATE RESTRICT
) ENGINE = InnoDB CHARACTER SET = utf8mb4 COLLATE = utf8mb4_0900_ai_ci COMMENT = '触发器详细信息表' ROW_FORMAT = Dynamic;

-- ----------------------------
-- Records of qrtz_triggers
-- ----------------------------
INSERT INTO `qrtz_triggers` VALUES ('RuoyiScheduler', 'TASK_CLASS_NAME1', 'DEFAULT', 'TASK_CLASS_NAME1', 'DEFAULT', NULL, 1644675110000, -1, 5, 'PAUSED', 'CRON', 1644675107000, 0, NULL, 2, '');
INSERT INTO `qrtz_triggers` VALUES ('RuoyiScheduler', 'TASK_CLASS_NAME2', 'DEFAULT', 'TASK_CLASS_NAME2', 'DEFAULT', NULL, 1644675120000, -1, 5, 'PAUSED', 'CRON', 1644675107000, 0, NULL, 2, '');
INSERT INTO `qrtz_triggers` VALUES ('RuoyiScheduler', 'TASK_CLASS_NAME3', 'DEFAULT', 'TASK_CLASS_NAME3', 'DEFAULT', NULL, 1644675120000, -1, 5, 'PAUSED', 'CRON', 1644675107000, 0, NULL, 2, '');

-- ----------------------------
-- Table structure for sys_config
-- ----------------------------
DROP TABLE IF EXISTS `sys_config`;
CREATE TABLE `sys_config`  (
  `config_id` int(0) NOT NULL AUTO_INCREMENT COMMENT '参数主键',
  `config_name` varchar(100) CHARACTER SET utf8mb4 COLLATE utf8mb4_0900_ai_ci NULL DEFAULT '' COMMENT '参数名称',
  `config_key` varchar(100) CHARACTER SET utf8mb4 COLLATE utf8mb4_0900_ai_ci NULL DEFAULT '' COMMENT '参数键名',
  `config_value` varchar(500) CHARACTER SET utf8mb4 COLLATE utf8mb4_0900_ai_ci NULL DEFAULT '' COMMENT '参数键值',
  `config_type` char(1) CHARACTER SET utf8mb4 COLLATE utf8mb4_0900_ai_ci NULL DEFAULT 'N' COMMENT '系统内置（Y是 N否）',
  `create_by` varchar(64) CHARACTER SET utf8mb4 COLLATE utf8mb4_0900_ai_ci NULL DEFAULT '' COMMENT '创建者',
  `create_time` datetime(0) NULL DEFAULT NULL COMMENT '创建时间',
  `update_by` varchar(64) CHARACTER SET utf8mb4 COLLATE utf8mb4_0900_ai_ci NULL DEFAULT '' COMMENT '更新者',
  `update_time` datetime(0) NULL DEFAULT NULL COMMENT '更新时间',
  `remark` varchar(500) CHARACTER SET utf8mb4 COLLATE utf8mb4_0900_ai_ci NULL DEFAULT NULL COMMENT '备注',
  PRIMARY KEY (`config_id`) USING BTREE
) ENGINE = InnoDB AUTO_INCREMENT = 100 CHARACTER SET = utf8mb4 COLLATE = utf8mb4_0900_ai_ci COMMENT = '参数配置表' ROW_FORMAT = Dynamic;

-- ----------------------------
-- Records of sys_config
-- ----------------------------
INSERT INTO `sys_config` VALUES (1, '主框架页-默认皮肤样式名称', 'sys.index.skinName', 'skin-blue', 'Y', 'admin', '2022-01-23 22:49:07', '', NULL, '蓝色 skin-blue、绿色 skin-green、紫色 skin-purple、红色 skin-red、黄色 skin-yellow');
INSERT INTO `sys_config` VALUES (2, '用户管理-账号初始密码', 'sys.user.initPassword', '123456', 'Y', 'admin', '2022-01-23 22:49:07', '', NULL, '初始化密码 123456');
INSERT INTO `sys_config` VALUES (3, '主框架页-侧边栏主题', 'sys.index.sideTheme', 'theme-dark', 'Y', 'admin', '2022-01-23 22:49:07', '', NULL, '深色主题theme-dark，浅色主题theme-light');
INSERT INTO `sys_config` VALUES (4, '账号自助-验证码开关', 'sys.account.captchaOnOff', 'true', 'Y', 'admin', '2022-01-23 22:49:07', '', NULL, '是否开启验证码功能（true开启，false关闭）');
INSERT INTO `sys_config` VALUES (5, '账号自助-是否开启用户注册功能', 'sys.account.registerUser', 'false', 'Y', 'admin', '2022-01-23 22:49:07', '', NULL, '是否开启注册用户功能（true开启，false关闭）');

-- ----------------------------
-- Table structure for sys_dept
-- ----------------------------
DROP TABLE IF EXISTS `sys_dept`;
CREATE TABLE `sys_dept`  (
  `dept_id` bigint(0) NOT NULL AUTO_INCREMENT COMMENT '部门id',
  `parent_id` bigint(0) NULL DEFAULT 0 COMMENT '父部门id',
  `ancestors` varchar(50) CHARACTER SET utf8mb4 COLLATE utf8mb4_0900_ai_ci NULL DEFAULT '' COMMENT '祖级列表',
  `dept_name` varchar(30) CHARACTER SET utf8mb4 COLLATE utf8mb4_0900_ai_ci NULL DEFAULT '' COMMENT '部门名称',
  `order_num` int(0) NULL DEFAULT 0 COMMENT '显示顺序',
  `leader` varchar(20) CHARACTER SET utf8mb4 COLLATE utf8mb4_0900_ai_ci NULL DEFAULT NULL COMMENT '负责人',
  `phone` varchar(11) CHARACTER SET utf8mb4 COLLATE utf8mb4_0900_ai_ci NULL DEFAULT NULL COMMENT '联系电话',
  `email` varchar(50) CHARACTER SET utf8mb4 COLLATE utf8mb4_0900_ai_ci NULL DEFAULT NULL COMMENT '邮箱',
  `status` char(1) CHARACTER SET utf8mb4 COLLATE utf8mb4_0900_ai_ci NULL DEFAULT '0' COMMENT '部门状态（0正常 1停用）',
  `del_flag` char(1) CHARACTER SET utf8mb4 COLLATE utf8mb4_0900_ai_ci NULL DEFAULT '0' COMMENT '删除标志（0代表存在 2代表删除）',
  `create_by` varchar(64) CHARACTER SET utf8mb4 COLLATE utf8mb4_0900_ai_ci NULL DEFAULT '' COMMENT '创建者',
  `create_time` datetime(0) NULL DEFAULT NULL COMMENT '创建时间',
  `update_by` varchar(64) CHARACTER SET utf8mb4 COLLATE utf8mb4_0900_ai_ci NULL DEFAULT '' COMMENT '更新者',
  `update_time` datetime(0) NULL DEFAULT NULL COMMENT '更新时间',
  PRIMARY KEY (`dept_id`) USING BTREE
) ENGINE = InnoDB AUTO_INCREMENT = 200 CHARACTER SET = utf8mb4 COLLATE = utf8mb4_0900_ai_ci COMMENT = '部门表' ROW_FORMAT = Dynamic;

-- ----------------------------
-- Records of sys_dept
-- ----------------------------
INSERT INTO `sys_dept` VALUES (100, 0, '0', '若依科技', 0, '若依', '15888888888', 'ry@qq.com', '0', '0', 'admin', '2022-01-23 22:49:06', '', NULL);
INSERT INTO `sys_dept` VALUES (101, 100, '0,100', '深圳总公司', 1, '若依', '15888888888', 'ry@qq.com', '0', '0', 'admin', '2022-01-23 22:49:06', '', NULL);
INSERT INTO `sys_dept` VALUES (102, 100, '0,100', '长沙分公司', 2, '若依', '15888888888', 'ry@qq.com', '0', '0', 'admin', '2022-01-23 22:49:06', '', NULL);
INSERT INTO `sys_dept` VALUES (103, 101, '0,100,101', '研发部门', 1, '若依', '15888888888', 'ry@qq.com', '0', '0', 'admin', '2022-01-23 22:49:06', '', NULL);
INSERT INTO `sys_dept` VALUES (104, 101, '0,100,101', '市场部门', 2, '若依', '15888888888', 'ry@qq.com', '0', '0', 'admin', '2022-01-23 22:49:06', '', NULL);
INSERT INTO `sys_dept` VALUES (105, 101, '0,100,101', '测试部门', 3, '若依', '15888888888', 'ry@qq.com', '0', '0', 'admin', '2022-01-23 22:49:06', '', NULL);
INSERT INTO `sys_dept` VALUES (106, 101, '0,100,101', '财务部门', 4, '若依', '15888888888', 'ry@qq.com', '0', '0', 'admin', '2022-01-23 22:49:06', '', NULL);
INSERT INTO `sys_dept` VALUES (107, 101, '0,100,101', '运维部门', 5, '若依', '15888888888', 'ry@qq.com', '0', '0', 'admin', '2022-01-23 22:49:06', '', NULL);
INSERT INTO `sys_dept` VALUES (108, 102, '0,100,102', '市场部门', 1, '若依', '15888888888', 'ry@qq.com', '0', '0', 'admin', '2022-01-23 22:49:06', '', NULL);
INSERT INTO `sys_dept` VALUES (109, 102, '0,100,102', '财务部门', 2, '若依', '15888888888', 'ry@qq.com', '0', '0', 'admin', '2022-01-23 22:49:06', '', NULL);

-- ----------------------------
-- Table structure for sys_dict_data
-- ----------------------------
DROP TABLE IF EXISTS `sys_dict_data`;
CREATE TABLE `sys_dict_data`  (
  `dict_code` bigint(0) NOT NULL AUTO_INCREMENT COMMENT '字典编码',
  `dict_sort` int(0) NULL DEFAULT 0 COMMENT '字典排序',
  `dict_label` varchar(100) CHARACTER SET utf8mb4 COLLATE utf8mb4_0900_ai_ci NULL DEFAULT '' COMMENT '字典标签',
  `dict_value` varchar(100) CHARACTER SET utf8mb4 COLLATE utf8mb4_0900_ai_ci NULL DEFAULT '' COMMENT '字典键值',
  `dict_type` varchar(100) CHARACTER SET utf8mb4 COLLATE utf8mb4_0900_ai_ci NULL DEFAULT '' COMMENT '字典类型',
  `css_class` varchar(100) CHARACTER SET utf8mb4 COLLATE utf8mb4_0900_ai_ci NULL DEFAULT NULL COMMENT '样式属性（其他样式扩展）',
  `list_class` varchar(100) CHARACTER SET utf8mb4 COLLATE utf8mb4_0900_ai_ci NULL DEFAULT NULL COMMENT '表格回显样式',
  `is_default` char(1) CHARACTER SET utf8mb4 COLLATE utf8mb4_0900_ai_ci NULL DEFAULT 'N' COMMENT '是否默认（Y是 N否）',
  `status` char(1) CHARACTER SET utf8mb4 COLLATE utf8mb4_0900_ai_ci NULL DEFAULT '0' COMMENT '状态（0正常 1停用）',
  `create_by` varchar(64) CHARACTER SET utf8mb4 COLLATE utf8mb4_0900_ai_ci NULL DEFAULT '' COMMENT '创建者',
  `create_time` datetime(0) NULL DEFAULT NULL COMMENT '创建时间',
  `update_by` varchar(64) CHARACTER SET utf8mb4 COLLATE utf8mb4_0900_ai_ci NULL DEFAULT '' COMMENT '更新者',
  `update_time` datetime(0) NULL DEFAULT NULL COMMENT '更新时间',
  `remark` varchar(500) CHARACTER SET utf8mb4 COLLATE utf8mb4_0900_ai_ci NULL DEFAULT NULL COMMENT '备注',
  PRIMARY KEY (`dict_code`) USING BTREE
) ENGINE = InnoDB AUTO_INCREMENT = 102 CHARACTER SET = utf8mb4 COLLATE = utf8mb4_0900_ai_ci COMMENT = '字典数据表' ROW_FORMAT = Dynamic;

-- ----------------------------
-- Records of sys_dict_data
-- ----------------------------
INSERT INTO `sys_dict_data` VALUES (1, 1, '男', '0', 'sys_user_sex', '', '', 'Y', '0', 'admin', '2022-01-23 22:49:07', '', NULL, '性别男');
INSERT INTO `sys_dict_data` VALUES (2, 2, '女', '1', 'sys_user_sex', '', '', 'N', '0', 'admin', '2022-01-23 22:49:07', '', NULL, '性别女');
INSERT INTO `sys_dict_data` VALUES (3, 3, '未知', '2', 'sys_user_sex', '', '', 'N', '0', 'admin', '2022-01-23 22:49:07', '', NULL, '性别未知');
INSERT INTO `sys_dict_data` VALUES (4, 1, '显示', '0', 'sys_show_hide', '', 'primary', 'Y', '0', 'admin', '2022-01-23 22:49:07', '', NULL, '显示菜单');
INSERT INTO `sys_dict_data` VALUES (5, 2, '隐藏', '1', 'sys_show_hide', '', 'danger', 'N', '0', 'admin', '2022-01-23 22:49:07', '', NULL, '隐藏菜单');
INSERT INTO `sys_dict_data` VALUES (6, 1, '正常', '0', 'sys_normal_disable', '', 'primary', 'Y', '0', 'admin', '2022-01-23 22:49:07', '', NULL, '正常状态');
INSERT INTO `sys_dict_data` VALUES (7, 2, '停用', '1', 'sys_normal_disable', '', 'danger', 'N', '0', 'admin', '2022-01-23 22:49:07', '', NULL, '停用状态');
INSERT INTO `sys_dict_data` VALUES (8, 1, '正常', '0', 'sys_job_status', '', 'primary', 'Y', '0', 'admin', '2022-01-23 22:49:07', '', NULL, '正常状态');
INSERT INTO `sys_dict_data` VALUES (9, 2, '暂停', '1', 'sys_job_status', '', 'danger', 'N', '0', 'admin', '2022-01-23 22:49:07', '', NULL, '停用状态');
INSERT INTO `sys_dict_data` VALUES (10, 1, '默认', 'DEFAULT', 'sys_job_group', '', '', 'Y', '0', 'admin', '2022-01-23 22:49:07', '', NULL, '默认分组');
INSERT INTO `sys_dict_data` VALUES (11, 2, '系统', 'SYSTEM', 'sys_job_group', '', '', 'N', '0', 'admin', '2022-01-23 22:49:07', '', NULL, '系统分组');
INSERT INTO `sys_dict_data` VALUES (12, 1, '是', 'Y', 'sys_yes_no', '', 'primary', 'Y', '0', 'admin', '2022-01-23 22:49:07', '', NULL, '系统默认是');
INSERT INTO `sys_dict_data` VALUES (13, 2, '否', 'N', 'sys_yes_no', '', 'danger', 'N', '0', 'admin', '2022-01-23 22:49:07', '', NULL, '系统默认否');
INSERT INTO `sys_dict_data` VALUES (14, 1, '通知', '1', 'sys_notice_type', '', 'warning', 'Y', '0', 'admin', '2022-01-23 22:49:07', '', NULL, '通知');
INSERT INTO `sys_dict_data` VALUES (15, 2, '公告', '2', 'sys_notice_type', '', 'success', 'N', '0', 'admin', '2022-01-23 22:49:07', '', NULL, '公告');
INSERT INTO `sys_dict_data` VALUES (16, 1, '正常', '0', 'sys_notice_status', '', 'primary', 'Y', '0', 'admin', '2022-01-23 22:49:07', '', NULL, '正常状态');
INSERT INTO `sys_dict_data` VALUES (17, 2, '关闭', '1', 'sys_notice_status', '', 'danger', 'N', '0', 'admin', '2022-01-23 22:49:07', '', NULL, '关闭状态');
INSERT INTO `sys_dict_data` VALUES (18, 1, '新增', '1', 'sys_oper_type', '', 'info', 'N', '0', 'admin', '2022-01-23 22:49:07', '', NULL, '新增操作');
INSERT INTO `sys_dict_data` VALUES (19, 2, '修改', '2', 'sys_oper_type', '', 'info', 'N', '0', 'admin', '2022-01-23 22:49:07', '', NULL, '修改操作');
INSERT INTO `sys_dict_data` VALUES (20, 3, '删除', '3', 'sys_oper_type', '', 'danger', 'N', '0', 'admin', '2022-01-23 22:49:07', '', NULL, '删除操作');
INSERT INTO `sys_dict_data` VALUES (21, 4, '授权', '4', 'sys_oper_type', '', 'primary', 'N', '0', 'admin', '2022-01-23 22:49:07', '', NULL, '授权操作');
INSERT INTO `sys_dict_data` VALUES (22, 5, '导出', '5', 'sys_oper_type', '', 'warning', 'N', '0', 'admin', '2022-01-23 22:49:07', '', NULL, '导出操作');
INSERT INTO `sys_dict_data` VALUES (23, 6, '导入', '6', 'sys_oper_type', '', 'warning', 'N', '0', 'admin', '2022-01-23 22:49:07', '', NULL, '导入操作');
INSERT INTO `sys_dict_data` VALUES (24, 7, '强退', '7', 'sys_oper_type', '', 'danger', 'N', '0', 'admin', '2022-01-23 22:49:07', '', NULL, '强退操作');
INSERT INTO `sys_dict_data` VALUES (25, 8, '生成代码', '8', 'sys_oper_type', '', 'warning', 'N', '0', 'admin', '2022-01-23 22:49:07', '', NULL, '生成操作');
INSERT INTO `sys_dict_data` VALUES (26, 9, '清空数据', '9', 'sys_oper_type', '', 'danger', 'N', '0', 'admin', '2022-01-23 22:49:07', '', NULL, '清空操作');
INSERT INTO `sys_dict_data` VALUES (27, 1, '成功', '0', 'sys_common_status', '', 'primary', 'N', '0', 'admin', '2022-01-23 22:49:07', '', NULL, '正常状态');
INSERT INTO `sys_dict_data` VALUES (28, 2, '失败', '1', 'sys_common_status', '', 'danger', 'N', '0', 'admin', '2022-01-23 22:49:07', '', NULL, '停用状态');
INSERT INTO `sys_dict_data` VALUES (100, 0, '中奖产品', 'Y', 'cj_win', NULL, 'default', 'N', '0', 'admin', '2022-01-24 16:21:14', '', NULL, NULL);
INSERT INTO `sys_dict_data` VALUES (101, 0, '未中奖产品', 'N', 'cj_win', NULL, 'default', 'N', '0', 'admin', '2022-01-24 16:21:24', '', NULL, NULL);

-- ----------------------------
-- Table structure for sys_dict_type
-- ----------------------------
DROP TABLE IF EXISTS `sys_dict_type`;
CREATE TABLE `sys_dict_type`  (
  `dict_id` bigint(0) NOT NULL AUTO_INCREMENT COMMENT '字典主键',
  `dict_name` varchar(100) CHARACTER SET utf8mb4 COLLATE utf8mb4_0900_ai_ci NULL DEFAULT '' COMMENT '字典名称',
  `dict_type` varchar(100) CHARACTER SET utf8mb4 COLLATE utf8mb4_0900_ai_ci NULL DEFAULT '' COMMENT '字典类型',
  `status` char(1) CHARACTER SET utf8mb4 COLLATE utf8mb4_0900_ai_ci NULL DEFAULT '0' COMMENT '状态（0正常 1停用）',
  `create_by` varchar(64) CHARACTER SET utf8mb4 COLLATE utf8mb4_0900_ai_ci NULL DEFAULT '' COMMENT '创建者',
  `create_time` datetime(0) NULL DEFAULT NULL COMMENT '创建时间',
  `update_by` varchar(64) CHARACTER SET utf8mb4 COLLATE utf8mb4_0900_ai_ci NULL DEFAULT '' COMMENT '更新者',
  `update_time` datetime(0) NULL DEFAULT NULL COMMENT '更新时间',
  `remark` varchar(500) CHARACTER SET utf8mb4 COLLATE utf8mb4_0900_ai_ci NULL DEFAULT NULL COMMENT '备注',
  PRIMARY KEY (`dict_id`) USING BTREE,
  UNIQUE INDEX `dict_type`(`dict_type`) USING BTREE
) ENGINE = InnoDB AUTO_INCREMENT = 100 CHARACTER SET = utf8mb4 COLLATE = utf8mb4_0900_ai_ci COMMENT = '字典类型表' ROW_FORMAT = Dynamic;

-- ----------------------------
-- Records of sys_dict_type
-- ----------------------------
INSERT INTO `sys_dict_type` VALUES (1, '用户性别', 'sys_user_sex', '0', 'admin', '2022-01-23 22:49:07', '', NULL, '用户性别列表');
INSERT INTO `sys_dict_type` VALUES (2, '菜单状态', 'sys_show_hide', '0', 'admin', '2022-01-23 22:49:07', '', NULL, '菜单状态列表');
INSERT INTO `sys_dict_type` VALUES (3, '系统开关', 'sys_normal_disable', '0', 'admin', '2022-01-23 22:49:07', '', NULL, '系统开关列表');
INSERT INTO `sys_dict_type` VALUES (4, '任务状态', 'sys_job_status', '0', 'admin', '2022-01-23 22:49:07', '', NULL, '任务状态列表');
INSERT INTO `sys_dict_type` VALUES (5, '任务分组', 'sys_job_group', '0', 'admin', '2022-01-23 22:49:07', '', NULL, '任务分组列表');
INSERT INTO `sys_dict_type` VALUES (6, '系统是否', 'sys_yes_no', '0', 'admin', '2022-01-23 22:49:07', '', NULL, '系统是否列表');
INSERT INTO `sys_dict_type` VALUES (7, '通知类型', 'sys_notice_type', '0', 'admin', '2022-01-23 22:49:07', '', NULL, '通知类型列表');
INSERT INTO `sys_dict_type` VALUES (8, '通知状态', 'sys_notice_status', '0', 'admin', '2022-01-23 22:49:07', '', NULL, '通知状态列表');
INSERT INTO `sys_dict_type` VALUES (9, '操作类型', 'sys_oper_type', '0', 'admin', '2022-01-23 22:49:07', '', NULL, '操作类型列表');
INSERT INTO `sys_dict_type` VALUES (10, '系统状态', 'sys_common_status', '0', 'admin', '2022-01-23 22:49:07', '', NULL, '登录状态列表');
INSERT INTO `sys_dict_type` VALUES (100, '是否中奖', 'cj_win', '0', 'admin', '2022-01-24 16:19:41', 'admin', '2022-01-24 16:20:30', '是否中奖');

-- ----------------------------
-- Table structure for sys_job
-- ----------------------------
DROP TABLE IF EXISTS `sys_job`;
CREATE TABLE `sys_job`  (
  `job_id` bigint(0) NOT NULL AUTO_INCREMENT COMMENT '任务ID',
  `job_name` varchar(64) CHARACTER SET utf8mb4 COLLATE utf8mb4_0900_ai_ci NOT NULL DEFAULT '' COMMENT '任务名称',
  `job_group` varchar(64) CHARACTER SET utf8mb4 COLLATE utf8mb4_0900_ai_ci NOT NULL DEFAULT 'DEFAULT' COMMENT '任务组名',
  `invoke_target` varchar(500) CHARACTER SET utf8mb4 COLLATE utf8mb4_0900_ai_ci NOT NULL COMMENT '调用目标字符串',
  `cron_expression` varchar(255) CHARACTER SET utf8mb4 COLLATE utf8mb4_0900_ai_ci NULL DEFAULT '' COMMENT 'cron执行表达式',
  `misfire_policy` varchar(20) CHARACTER SET utf8mb4 COLLATE utf8mb4_0900_ai_ci NULL DEFAULT '3' COMMENT '计划执行错误策略（1立即执行 2执行一次 3放弃执行）',
  `concurrent` char(1) CHARACTER SET utf8mb4 COLLATE utf8mb4_0900_ai_ci NULL DEFAULT '1' COMMENT '是否并发执行（0允许 1禁止）',
  `status` char(1) CHARACTER SET utf8mb4 COLLATE utf8mb4_0900_ai_ci NULL DEFAULT '0' COMMENT '状态（0正常 1暂停）',
  `create_by` varchar(64) CHARACTER SET utf8mb4 COLLATE utf8mb4_0900_ai_ci NULL DEFAULT '' COMMENT '创建者',
  `create_time` datetime(0) NULL DEFAULT NULL COMMENT '创建时间',
  `update_by` varchar(64) CHARACTER SET utf8mb4 COLLATE utf8mb4_0900_ai_ci NULL DEFAULT '' COMMENT '更新者',
  `update_time` datetime(0) NULL DEFAULT NULL COMMENT '更新时间',
  `remark` varchar(500) CHARACTER SET utf8mb4 COLLATE utf8mb4_0900_ai_ci NULL DEFAULT '' COMMENT '备注信息',
  PRIMARY KEY (`job_id`, `job_name`, `job_group`) USING BTREE
) ENGINE = InnoDB AUTO_INCREMENT = 100 CHARACTER SET = utf8mb4 COLLATE = utf8mb4_0900_ai_ci COMMENT = '定时任务调度表' ROW_FORMAT = Dynamic;

-- ----------------------------
-- Records of sys_job
-- ----------------------------
INSERT INTO `sys_job` VALUES (1, '系统默认（无参）', 'DEFAULT', 'ryTask.ryNoParams', '0/10 * * * * ?', '3', '1', '1', 'admin', '2022-01-23 22:49:08', '', NULL, '');
INSERT INTO `sys_job` VALUES (2, '系统默认（有参）', 'DEFAULT', 'ryTask.ryParams(\'ry\')', '0/15 * * * * ?', '3', '1', '1', 'admin', '2022-01-23 22:49:08', '', NULL, '');
INSERT INTO `sys_job` VALUES (3, '系统默认（多参）', 'DEFAULT', 'ryTask.ryMultipleParams(\'ry\', true, 2000L, 316.50D, 100)', '0/20 * * * * ?', '3', '1', '1', 'admin', '2022-01-23 22:49:08', '', NULL, '');

-- ----------------------------
-- Table structure for sys_job_log
-- ----------------------------
DROP TABLE IF EXISTS `sys_job_log`;
CREATE TABLE `sys_job_log`  (
  `job_log_id` bigint(0) NOT NULL AUTO_INCREMENT COMMENT '任务日志ID',
  `job_name` varchar(64) CHARACTER SET utf8mb4 COLLATE utf8mb4_0900_ai_ci NOT NULL COMMENT '任务名称',
  `job_group` varchar(64) CHARACTER SET utf8mb4 COLLATE utf8mb4_0900_ai_ci NOT NULL COMMENT '任务组名',
  `invoke_target` varchar(500) CHARACTER SET utf8mb4 COLLATE utf8mb4_0900_ai_ci NOT NULL COMMENT '调用目标字符串',
  `job_message` varchar(500) CHARACTER SET utf8mb4 COLLATE utf8mb4_0900_ai_ci NULL DEFAULT NULL COMMENT '日志信息',
  `status` char(1) CHARACTER SET utf8mb4 COLLATE utf8mb4_0900_ai_ci NULL DEFAULT '0' COMMENT '执行状态（0正常 1失败）',
  `exception_info` varchar(2000) CHARACTER SET utf8mb4 COLLATE utf8mb4_0900_ai_ci NULL DEFAULT '' COMMENT '异常信息',
  `create_time` datetime(0) NULL DEFAULT NULL COMMENT '创建时间',
  PRIMARY KEY (`job_log_id`) USING BTREE
) ENGINE = InnoDB AUTO_INCREMENT = 1 CHARACTER SET = utf8mb4 COLLATE = utf8mb4_0900_ai_ci COMMENT = '定时任务调度日志表' ROW_FORMAT = Dynamic;

-- ----------------------------
-- Records of sys_job_log
-- ----------------------------

-- ----------------------------
-- Table structure for sys_logininfor
-- ----------------------------
DROP TABLE IF EXISTS `sys_logininfor`;
CREATE TABLE `sys_logininfor`  (
  `info_id` bigint(0) NOT NULL AUTO_INCREMENT COMMENT '访问ID',
  `user_name` varchar(50) CHARACTER SET utf8mb4 COLLATE utf8mb4_0900_ai_ci NULL DEFAULT '' COMMENT '用户账号',
  `ipaddr` varchar(128) CHARACTER SET utf8mb4 COLLATE utf8mb4_0900_ai_ci NULL DEFAULT '' COMMENT '登录IP地址',
  `login_location` varchar(255) CHARACTER SET utf8mb4 COLLATE utf8mb4_0900_ai_ci NULL DEFAULT '' COMMENT '登录地点',
  `browser` varchar(50) CHARACTER SET utf8mb4 COLLATE utf8mb4_0900_ai_ci NULL DEFAULT '' COMMENT '浏览器类型',
  `os` varchar(50) CHARACTER SET utf8mb4 COLLATE utf8mb4_0900_ai_ci NULL DEFAULT '' COMMENT '操作系统',
  `status` char(1) CHARACTER SET utf8mb4 COLLATE utf8mb4_0900_ai_ci NULL DEFAULT '0' COMMENT '登录状态（0成功 1失败）',
  `msg` varchar(255) CHARACTER SET utf8mb4 COLLATE utf8mb4_0900_ai_ci NULL DEFAULT '' COMMENT '提示消息',
  `login_time` datetime(0) NULL DEFAULT NULL COMMENT '访问时间',
  PRIMARY KEY (`info_id`) USING BTREE
) ENGINE = InnoDB AUTO_INCREMENT = 115 CHARACTER SET = utf8mb4 COLLATE = utf8mb4_0900_ai_ci COMMENT = '系统访问记录' ROW_FORMAT = Dynamic;

-- ----------------------------
-- Records of sys_logininfor
-- ----------------------------
INSERT INTO `sys_logininfor` VALUES (100, 'admin', '127.0.0.1', '内网IP', 'Chrome 9', 'Windows 10', '0', '登录成功', '2022-01-23 23:19:26');
INSERT INTO `sys_logininfor` VALUES (101, 'admin', '127.0.0.1', '内网IP', 'Chrome 9', 'Windows 10', '1', '验证码错误', '2022-01-24 08:32:33');
INSERT INTO `sys_logininfor` VALUES (102, 'admin', '127.0.0.1', '内网IP', 'Chrome 9', 'Windows 10', '0', '登录成功', '2022-01-24 08:32:45');
INSERT INTO `sys_logininfor` VALUES (103, 'admin', '127.0.0.1', '内网IP', 'Chrome 9', 'Windows 10', '0', '登录成功', '2022-01-24 13:28:52');
INSERT INTO `sys_logininfor` VALUES (104, 'admin', '127.0.0.1', '内网IP', 'Chrome 9', 'Windows 10', '0', '登录成功', '2022-01-24 15:09:48');
INSERT INTO `sys_logininfor` VALUES (105, 'admin', '127.0.0.1', '内网IP', 'Chrome 9', 'Windows 10', '0', '登录成功', '2022-01-24 17:39:59');
INSERT INTO `sys_logininfor` VALUES (106, 'admin', '127.0.0.1', '内网IP', 'Chrome 9', 'Windows 10', '0', '登录成功', '2022-01-25 14:37:35');
INSERT INTO `sys_logininfor` VALUES (107, 'admin', '127.0.0.1', '内网IP', 'Chrome 9', 'Windows 10', '0', '登录成功', '2022-01-25 18:46:11');
INSERT INTO `sys_logininfor` VALUES (108, 'admin', '127.0.0.1', '内网IP', 'Chrome 9', 'Windows 10', '1', '验证码错误', '2022-01-25 19:33:16');
INSERT INTO `sys_logininfor` VALUES (109, 'admin', '127.0.0.1', '内网IP', 'Chrome 9', 'Windows 10', '0', '登录成功', '2022-01-25 19:33:24');
INSERT INTO `sys_logininfor` VALUES (110, 'admin', '127.0.0.1', '内网IP', 'Chrome 9', 'Windows 10', '0', '登录成功', '2022-01-25 21:36:43');
INSERT INTO `sys_logininfor` VALUES (111, 'admin', '127.0.0.1', '内网IP', 'Chrome 9', 'Windows 10', '0', '退出成功', '2022-01-25 23:36:28');
INSERT INTO `sys_logininfor` VALUES (112, 'admin', '127.0.0.1', '内网IP', 'Chrome 9', 'Windows 10', '0', '登录成功', '2022-01-25 23:36:34');
INSERT INTO `sys_logininfor` VALUES (113, 'admin', '127.0.0.1', '内网IP', 'Chrome 9', 'Windows 10', '0', '登录成功', '2022-02-10 11:07:46');
INSERT INTO `sys_logininfor` VALUES (114, 'admin', '127.0.0.1', '内网IP', 'Chrome 9', 'Windows 10', '0', '登录成功', '2022-02-12 22:21:24');

-- ----------------------------
-- Table structure for sys_menu
-- ----------------------------
DROP TABLE IF EXISTS `sys_menu`;
CREATE TABLE `sys_menu`  (
  `menu_id` bigint(0) NOT NULL AUTO_INCREMENT COMMENT '菜单ID',
  `menu_name` varchar(50) CHARACTER SET utf8mb4 COLLATE utf8mb4_0900_ai_ci NOT NULL COMMENT '菜单名称',
  `parent_id` bigint(0) NULL DEFAULT 0 COMMENT '父菜单ID',
  `order_num` int(0) NULL DEFAULT 0 COMMENT '显示顺序',
  `path` varchar(200) CHARACTER SET utf8mb4 COLLATE utf8mb4_0900_ai_ci NULL DEFAULT '' COMMENT '路由地址',
  `component` varchar(255) CHARACTER SET utf8mb4 COLLATE utf8mb4_0900_ai_ci NULL DEFAULT NULL COMMENT '组件路径',
  `query` varchar(255) CHARACTER SET utf8mb4 COLLATE utf8mb4_0900_ai_ci NULL DEFAULT NULL COMMENT '路由参数',
  `is_frame` int(0) NULL DEFAULT 1 COMMENT '是否为外链（0是 1否）',
  `is_cache` int(0) NULL DEFAULT 0 COMMENT '是否缓存（0缓存 1不缓存）',
  `menu_type` char(1) CHARACTER SET utf8mb4 COLLATE utf8mb4_0900_ai_ci NULL DEFAULT '' COMMENT '菜单类型（M目录 C菜单 F按钮）',
  `visible` char(1) CHARACTER SET utf8mb4 COLLATE utf8mb4_0900_ai_ci NULL DEFAULT '0' COMMENT '菜单状态（0显示 1隐藏）',
  `status` char(1) CHARACTER SET utf8mb4 COLLATE utf8mb4_0900_ai_ci NULL DEFAULT '0' COMMENT '菜单状态（0正常 1停用）',
  `perms` varchar(100) CHARACTER SET utf8mb4 COLLATE utf8mb4_0900_ai_ci NULL DEFAULT NULL COMMENT '权限标识',
  `icon` varchar(100) CHARACTER SET utf8mb4 COLLATE utf8mb4_0900_ai_ci NULL DEFAULT '#' COMMENT '菜单图标',
  `create_by` varchar(64) CHARACTER SET utf8mb4 COLLATE utf8mb4_0900_ai_ci NULL DEFAULT '' COMMENT '创建者',
  `create_time` datetime(0) NULL DEFAULT NULL COMMENT '创建时间',
  `update_by` varchar(64) CHARACTER SET utf8mb4 COLLATE utf8mb4_0900_ai_ci NULL DEFAULT '' COMMENT '更新者',
  `update_time` datetime(0) NULL DEFAULT NULL COMMENT '更新时间',
  `remark` varchar(500) CHARACTER SET utf8mb4 COLLATE utf8mb4_0900_ai_ci NULL DEFAULT '' COMMENT '备注',
  PRIMARY KEY (`menu_id`) USING BTREE
) ENGINE = InnoDB AUTO_INCREMENT = 2019 CHARACTER SET = utf8mb4 COLLATE = utf8mb4_0900_ai_ci COMMENT = '菜单权限表' ROW_FORMAT = Dynamic;

-- ----------------------------
-- Records of sys_menu
-- ----------------------------
INSERT INTO `sys_menu` VALUES (1, '系统管理', 0, 1, 'system', NULL, '', 1, 0, 'M', '0', '0', '', 'system', 'admin', '2022-01-23 22:49:07', '', NULL, '系统管理目录');
INSERT INTO `sys_menu` VALUES (2, '系统监控', 0, 2, 'monitor', NULL, '', 1, 0, 'M', '0', '0', '', 'monitor', 'admin', '2022-01-23 22:49:07', '', NULL, '系统监控目录');
INSERT INTO `sys_menu` VALUES (3, '系统工具', 0, 3, 'tool', NULL, '', 1, 0, 'M', '0', '0', '', 'tool', 'admin', '2022-01-23 22:49:07', '', NULL, '系统工具目录');
INSERT INTO `sys_menu` VALUES (4, '若依官网', 0, 4, 'http://ruoyi.vip', NULL, '', 0, 0, 'M', '0', '0', '', 'guide', 'admin', '2022-01-23 22:49:07', '', NULL, '若依官网地址');
INSERT INTO `sys_menu` VALUES (100, '用户管理', 1, 1, 'user', 'system/user/index', '', 1, 0, 'C', '0', '0', 'system:user:list', 'user', 'admin', '2022-01-23 22:49:07', '', NULL, '用户管理菜单');
INSERT INTO `sys_menu` VALUES (101, '角色管理', 1, 2, 'role', 'system/role/index', '', 1, 0, 'C', '0', '0', 'system:role:list', 'peoples', 'admin', '2022-01-23 22:49:07', '', NULL, '角色管理菜单');
INSERT INTO `sys_menu` VALUES (102, '菜单管理', 1, 3, 'menu', 'system/menu/index', '', 1, 0, 'C', '0', '0', 'system:menu:list', 'tree-table', 'admin', '2022-01-23 22:49:07', '', NULL, '菜单管理菜单');
INSERT INTO `sys_menu` VALUES (103, '部门管理', 1, 4, 'dept', 'system/dept/index', '', 1, 0, 'C', '0', '0', 'system:dept:list', 'tree', 'admin', '2022-01-23 22:49:07', '', NULL, '部门管理菜单');
INSERT INTO `sys_menu` VALUES (104, '岗位管理', 1, 5, 'post', 'system/post/index', '', 1, 0, 'C', '0', '0', 'system:post:list', 'post', 'admin', '2022-01-23 22:49:07', '', NULL, '岗位管理菜单');
INSERT INTO `sys_menu` VALUES (105, '字典管理', 1, 6, 'dict', 'system/dict/index', '', 1, 0, 'C', '0', '0', 'system:dict:list', 'dict', 'admin', '2022-01-23 22:49:07', '', NULL, '字典管理菜单');
INSERT INTO `sys_menu` VALUES (106, '参数设置', 1, 7, 'config', 'system/config/index', '', 1, 0, 'C', '0', '0', 'system:config:list', 'edit', 'admin', '2022-01-23 22:49:07', '', NULL, '参数设置菜单');
INSERT INTO `sys_menu` VALUES (107, '通知公告', 1, 8, 'notice', 'system/notice/index', '', 1, 0, 'C', '0', '0', 'system:notice:list', 'message', 'admin', '2022-01-23 22:49:07', '', NULL, '通知公告菜单');
INSERT INTO `sys_menu` VALUES (108, '日志管理', 1, 9, 'log', '', '', 1, 0, 'M', '0', '0', '', 'log', 'admin', '2022-01-23 22:49:07', '', NULL, '日志管理菜单');
INSERT INTO `sys_menu` VALUES (109, '在线用户', 2, 1, 'online', 'monitor/online/index', '', 1, 0, 'C', '0', '0', 'monitor:online:list', 'online', 'admin', '2022-01-23 22:49:07', '', NULL, '在线用户菜单');
INSERT INTO `sys_menu` VALUES (110, '定时任务', 2, 2, 'job', 'monitor/job/index', '', 1, 0, 'C', '0', '0', 'monitor:job:list', 'job', 'admin', '2022-01-23 22:49:07', '', NULL, '定时任务菜单');
INSERT INTO `sys_menu` VALUES (111, '数据监控', 2, 3, 'druid', 'monitor/druid/index', '', 1, 0, 'C', '0', '0', 'monitor:druid:list', 'druid', 'admin', '2022-01-23 22:49:07', '', NULL, '数据监控菜单');
INSERT INTO `sys_menu` VALUES (112, '服务监控', 2, 4, 'server', 'monitor/server/index', '', 1, 0, 'C', '0', '0', 'monitor:server:list', 'server', 'admin', '2022-01-23 22:49:07', '', NULL, '服务监控菜单');
INSERT INTO `sys_menu` VALUES (113, '缓存监控', 2, 5, 'cache', 'monitor/cache/index', '', 1, 0, 'C', '0', '0', 'monitor:cache:list', 'redis', 'admin', '2022-01-23 22:49:07', '', NULL, '缓存监控菜单');
INSERT INTO `sys_menu` VALUES (114, '表单构建', 3, 1, 'build', 'tool/build/index', '', 1, 0, 'C', '0', '0', 'tool:build:list', 'build', 'admin', '2022-01-23 22:49:07', '', NULL, '表单构建菜单');
INSERT INTO `sys_menu` VALUES (115, '代码生成', 3, 2, 'gen', 'tool/gen/index', '', 1, 0, 'C', '0', '0', 'tool:gen:list', 'code', 'admin', '2022-01-23 22:49:07', '', NULL, '代码生成菜单');
INSERT INTO `sys_menu` VALUES (116, '系统接口', 3, 3, 'swagger', 'tool/swagger/index', '', 1, 0, 'C', '0', '0', 'tool:swagger:list', 'swagger', 'admin', '2022-01-23 22:49:07', '', NULL, '系统接口菜单');
INSERT INTO `sys_menu` VALUES (500, '操作日志', 108, 1, 'operlog', 'monitor/operlog/index', '', 1, 0, 'C', '0', '0', 'monitor:operlog:list', 'form', 'admin', '2022-01-23 22:49:07', '', NULL, '操作日志菜单');
INSERT INTO `sys_menu` VALUES (501, '登录日志', 108, 2, 'logininfor', 'monitor/logininfor/index', '', 1, 0, 'C', '0', '0', 'monitor:logininfor:list', 'logininfor', 'admin', '2022-01-23 22:49:07', '', NULL, '登录日志菜单');
INSERT INTO `sys_menu` VALUES (1001, '用户查询', 100, 1, '', '', '', 1, 0, 'F', '0', '0', 'system:user:query', '#', 'admin', '2022-01-23 22:49:07', '', NULL, '');
INSERT INTO `sys_menu` VALUES (1002, '用户新增', 100, 2, '', '', '', 1, 0, 'F', '0', '0', 'system:user:add', '#', 'admin', '2022-01-23 22:49:07', '', NULL, '');
INSERT INTO `sys_menu` VALUES (1003, '用户修改', 100, 3, '', '', '', 1, 0, 'F', '0', '0', 'system:user:edit', '#', 'admin', '2022-01-23 22:49:07', '', NULL, '');
INSERT INTO `sys_menu` VALUES (1004, '用户删除', 100, 4, '', '', '', 1, 0, 'F', '0', '0', 'system:user:remove', '#', 'admin', '2022-01-23 22:49:07', '', NULL, '');
INSERT INTO `sys_menu` VALUES (1005, '用户导出', 100, 5, '', '', '', 1, 0, 'F', '0', '0', 'system:user:export', '#', 'admin', '2022-01-23 22:49:07', '', NULL, '');
INSERT INTO `sys_menu` VALUES (1006, '用户导入', 100, 6, '', '', '', 1, 0, 'F', '0', '0', 'system:user:import', '#', 'admin', '2022-01-23 22:49:07', '', NULL, '');
INSERT INTO `sys_menu` VALUES (1007, '重置密码', 100, 7, '', '', '', 1, 0, 'F', '0', '0', 'system:user:resetPwd', '#', 'admin', '2022-01-23 22:49:07', '', NULL, '');
INSERT INTO `sys_menu` VALUES (1008, '角色查询', 101, 1, '', '', '', 1, 0, 'F', '0', '0', 'system:role:query', '#', 'admin', '2022-01-23 22:49:07', '', NULL, '');
INSERT INTO `sys_menu` VALUES (1009, '角色新增', 101, 2, '', '', '', 1, 0, 'F', '0', '0', 'system:role:add', '#', 'admin', '2022-01-23 22:49:07', '', NULL, '');
INSERT INTO `sys_menu` VALUES (1010, '角色修改', 101, 3, '', '', '', 1, 0, 'F', '0', '0', 'system:role:edit', '#', 'admin', '2022-01-23 22:49:07', '', NULL, '');
INSERT INTO `sys_menu` VALUES (1011, '角色删除', 101, 4, '', '', '', 1, 0, 'F', '0', '0', 'system:role:remove', '#', 'admin', '2022-01-23 22:49:07', '', NULL, '');
INSERT INTO `sys_menu` VALUES (1012, '角色导出', 101, 5, '', '', '', 1, 0, 'F', '0', '0', 'system:role:export', '#', 'admin', '2022-01-23 22:49:07', '', NULL, '');
INSERT INTO `sys_menu` VALUES (1013, '菜单查询', 102, 1, '', '', '', 1, 0, 'F', '0', '0', 'system:menu:query', '#', 'admin', '2022-01-23 22:49:07', '', NULL, '');
INSERT INTO `sys_menu` VALUES (1014, '菜单新增', 102, 2, '', '', '', 1, 0, 'F', '0', '0', 'system:menu:add', '#', 'admin', '2022-01-23 22:49:07', '', NULL, '');
INSERT INTO `sys_menu` VALUES (1015, '菜单修改', 102, 3, '', '', '', 1, 0, 'F', '0', '0', 'system:menu:edit', '#', 'admin', '2022-01-23 22:49:07', '', NULL, '');
INSERT INTO `sys_menu` VALUES (1016, '菜单删除', 102, 4, '', '', '', 1, 0, 'F', '0', '0', 'system:menu:remove', '#', 'admin', '2022-01-23 22:49:07', '', NULL, '');
INSERT INTO `sys_menu` VALUES (1017, '部门查询', 103, 1, '', '', '', 1, 0, 'F', '0', '0', 'system:dept:query', '#', 'admin', '2022-01-23 22:49:07', '', NULL, '');
INSERT INTO `sys_menu` VALUES (1018, '部门新增', 103, 2, '', '', '', 1, 0, 'F', '0', '0', 'system:dept:add', '#', 'admin', '2022-01-23 22:49:07', '', NULL, '');
INSERT INTO `sys_menu` VALUES (1019, '部门修改', 103, 3, '', '', '', 1, 0, 'F', '0', '0', 'system:dept:edit', '#', 'admin', '2022-01-23 22:49:07', '', NULL, '');
INSERT INTO `sys_menu` VALUES (1020, '部门删除', 103, 4, '', '', '', 1, 0, 'F', '0', '0', 'system:dept:remove', '#', 'admin', '2022-01-23 22:49:07', '', NULL, '');
INSERT INTO `sys_menu` VALUES (1021, '岗位查询', 104, 1, '', '', '', 1, 0, 'F', '0', '0', 'system:post:query', '#', 'admin', '2022-01-23 22:49:07', '', NULL, '');
INSERT INTO `sys_menu` VALUES (1022, '岗位新增', 104, 2, '', '', '', 1, 0, 'F', '0', '0', 'system:post:add', '#', 'admin', '2022-01-23 22:49:07', '', NULL, '');
INSERT INTO `sys_menu` VALUES (1023, '岗位修改', 104, 3, '', '', '', 1, 0, 'F', '0', '0', 'system:post:edit', '#', 'admin', '2022-01-23 22:49:07', '', NULL, '');
INSERT INTO `sys_menu` VALUES (1024, '岗位删除', 104, 4, '', '', '', 1, 0, 'F', '0', '0', 'system:post:remove', '#', 'admin', '2022-01-23 22:49:07', '', NULL, '');
INSERT INTO `sys_menu` VALUES (1025, '岗位导出', 104, 5, '', '', '', 1, 0, 'F', '0', '0', 'system:post:export', '#', 'admin', '2022-01-23 22:49:07', '', NULL, '');
INSERT INTO `sys_menu` VALUES (1026, '字典查询', 105, 1, '#', '', '', 1, 0, 'F', '0', '0', 'system:dict:query', '#', 'admin', '2022-01-23 22:49:07', '', NULL, '');
INSERT INTO `sys_menu` VALUES (1027, '字典新增', 105, 2, '#', '', '', 1, 0, 'F', '0', '0', 'system:dict:add', '#', 'admin', '2022-01-23 22:49:07', '', NULL, '');
INSERT INTO `sys_menu` VALUES (1028, '字典修改', 105, 3, '#', '', '', 1, 0, 'F', '0', '0', 'system:dict:edit', '#', 'admin', '2022-01-23 22:49:07', '', NULL, '');
INSERT INTO `sys_menu` VALUES (1029, '字典删除', 105, 4, '#', '', '', 1, 0, 'F', '0', '0', 'system:dict:remove', '#', 'admin', '2022-01-23 22:49:07', '', NULL, '');
INSERT INTO `sys_menu` VALUES (1030, '字典导出', 105, 5, '#', '', '', 1, 0, 'F', '0', '0', 'system:dict:export', '#', 'admin', '2022-01-23 22:49:07', '', NULL, '');
INSERT INTO `sys_menu` VALUES (1031, '参数查询', 106, 1, '#', '', '', 1, 0, 'F', '0', '0', 'system:config:query', '#', 'admin', '2022-01-23 22:49:07', '', NULL, '');
INSERT INTO `sys_menu` VALUES (1032, '参数新增', 106, 2, '#', '', '', 1, 0, 'F', '0', '0', 'system:config:add', '#', 'admin', '2022-01-23 22:49:07', '', NULL, '');
INSERT INTO `sys_menu` VALUES (1033, '参数修改', 106, 3, '#', '', '', 1, 0, 'F', '0', '0', 'system:config:edit', '#', 'admin', '2022-01-23 22:49:07', '', NULL, '');
INSERT INTO `sys_menu` VALUES (1034, '参数删除', 106, 4, '#', '', '', 1, 0, 'F', '0', '0', 'system:config:remove', '#', 'admin', '2022-01-23 22:49:07', '', NULL, '');
INSERT INTO `sys_menu` VALUES (1035, '参数导出', 106, 5, '#', '', '', 1, 0, 'F', '0', '0', 'system:config:export', '#', 'admin', '2022-01-23 22:49:07', '', NULL, '');
INSERT INTO `sys_menu` VALUES (1036, '公告查询', 107, 1, '#', '', '', 1, 0, 'F', '0', '0', 'system:notice:query', '#', 'admin', '2022-01-23 22:49:07', '', NULL, '');
INSERT INTO `sys_menu` VALUES (1037, '公告新增', 107, 2, '#', '', '', 1, 0, 'F', '0', '0', 'system:notice:add', '#', 'admin', '2022-01-23 22:49:07', '', NULL, '');
INSERT INTO `sys_menu` VALUES (1038, '公告修改', 107, 3, '#', '', '', 1, 0, 'F', '0', '0', 'system:notice:edit', '#', 'admin', '2022-01-23 22:49:07', '', NULL, '');
INSERT INTO `sys_menu` VALUES (1039, '公告删除', 107, 4, '#', '', '', 1, 0, 'F', '0', '0', 'system:notice:remove', '#', 'admin', '2022-01-23 22:49:07', '', NULL, '');
INSERT INTO `sys_menu` VALUES (1040, '操作查询', 500, 1, '#', '', '', 1, 0, 'F', '0', '0', 'monitor:operlog:query', '#', 'admin', '2022-01-23 22:49:07', '', NULL, '');
INSERT INTO `sys_menu` VALUES (1041, '操作删除', 500, 2, '#', '', '', 1, 0, 'F', '0', '0', 'monitor:operlog:remove', '#', 'admin', '2022-01-23 22:49:07', '', NULL, '');
INSERT INTO `sys_menu` VALUES (1042, '日志导出', 500, 4, '#', '', '', 1, 0, 'F', '0', '0', 'monitor:operlog:export', '#', 'admin', '2022-01-23 22:49:07', '', NULL, '');
INSERT INTO `sys_menu` VALUES (1043, '登录查询', 501, 1, '#', '', '', 1, 0, 'F', '0', '0', 'monitor:logininfor:query', '#', 'admin', '2022-01-23 22:49:07', '', NULL, '');
INSERT INTO `sys_menu` VALUES (1044, '登录删除', 501, 2, '#', '', '', 1, 0, 'F', '0', '0', 'monitor:logininfor:remove', '#', 'admin', '2022-01-23 22:49:07', '', NULL, '');
INSERT INTO `sys_menu` VALUES (1045, '日志导出', 501, 3, '#', '', '', 1, 0, 'F', '0', '0', 'monitor:logininfor:export', '#', 'admin', '2022-01-23 22:49:07', '', NULL, '');
INSERT INTO `sys_menu` VALUES (1046, '在线查询', 109, 1, '#', '', '', 1, 0, 'F', '0', '0', 'monitor:online:query', '#', 'admin', '2022-01-23 22:49:07', '', NULL, '');
INSERT INTO `sys_menu` VALUES (1047, '批量强退', 109, 2, '#', '', '', 1, 0, 'F', '0', '0', 'monitor:online:batchLogout', '#', 'admin', '2022-01-23 22:49:07', '', NULL, '');
INSERT INTO `sys_menu` VALUES (1048, '单条强退', 109, 3, '#', '', '', 1, 0, 'F', '0', '0', 'monitor:online:forceLogout', '#', 'admin', '2022-01-23 22:49:07', '', NULL, '');
INSERT INTO `sys_menu` VALUES (1049, '任务查询', 110, 1, '#', '', '', 1, 0, 'F', '0', '0', 'monitor:job:query', '#', 'admin', '2022-01-23 22:49:07', '', NULL, '');
INSERT INTO `sys_menu` VALUES (1050, '任务新增', 110, 2, '#', '', '', 1, 0, 'F', '0', '0', 'monitor:job:add', '#', 'admin', '2022-01-23 22:49:07', '', NULL, '');
INSERT INTO `sys_menu` VALUES (1051, '任务修改', 110, 3, '#', '', '', 1, 0, 'F', '0', '0', 'monitor:job:edit', '#', 'admin', '2022-01-23 22:49:07', '', NULL, '');
INSERT INTO `sys_menu` VALUES (1052, '任务删除', 110, 4, '#', '', '', 1, 0, 'F', '0', '0', 'monitor:job:remove', '#', 'admin', '2022-01-23 22:49:07', '', NULL, '');
INSERT INTO `sys_menu` VALUES (1053, '状态修改', 110, 5, '#', '', '', 1, 0, 'F', '0', '0', 'monitor:job:changeStatus', '#', 'admin', '2022-01-23 22:49:07', '', NULL, '');
INSERT INTO `sys_menu` VALUES (1054, '任务导出', 110, 7, '#', '', '', 1, 0, 'F', '0', '0', 'monitor:job:export', '#', 'admin', '2022-01-23 22:49:07', '', NULL, '');
INSERT INTO `sys_menu` VALUES (1055, '生成查询', 115, 1, '#', '', '', 1, 0, 'F', '0', '0', 'tool:gen:query', '#', 'admin', '2022-01-23 22:49:07', '', NULL, '');
INSERT INTO `sys_menu` VALUES (1056, '生成修改', 115, 2, '#', '', '', 1, 0, 'F', '0', '0', 'tool:gen:edit', '#', 'admin', '2022-01-23 22:49:07', '', NULL, '');
INSERT INTO `sys_menu` VALUES (1057, '生成删除', 115, 3, '#', '', '', 1, 0, 'F', '0', '0', 'tool:gen:remove', '#', 'admin', '2022-01-23 22:49:07', '', NULL, '');
INSERT INTO `sys_menu` VALUES (1058, '导入代码', 115, 2, '#', '', '', 1, 0, 'F', '0', '0', 'tool:gen:import', '#', 'admin', '2022-01-23 22:49:07', '', NULL, '');
INSERT INTO `sys_menu` VALUES (1059, '预览代码', 115, 4, '#', '', '', 1, 0, 'F', '0', '0', 'tool:gen:preview', '#', 'admin', '2022-01-23 22:49:07', '', NULL, '');
INSERT INTO `sys_menu` VALUES (1060, '生成代码', 115, 5, '#', '', '', 1, 0, 'F', '0', '0', 'tool:gen:code', '#', 'admin', '2022-01-23 22:49:07', '', NULL, '');
INSERT INTO `sys_menu` VALUES (2000, '抽奖模块', 0, 30, 'cj', NULL, NULL, 1, 0, 'M', '0', '0', '', 'color', 'admin', '2022-01-23 23:20:44', 'admin', '2022-01-23 23:21:08', '');
INSERT INTO `sys_menu` VALUES (2001, '员工', 2000, 1, 'emp', 'cj/emp/index', NULL, 1, 0, 'C', '0', '0', 'cj:emp:list', '#', 'admin', '2022-01-23 23:47:26', '', NULL, '员工菜单');
INSERT INTO `sys_menu` VALUES (2002, '员工查询', 2001, 1, '#', '', NULL, 1, 0, 'F', '0', '0', 'cj:emp:query', '#', 'admin', '2022-01-23 23:47:26', '', NULL, '');
INSERT INTO `sys_menu` VALUES (2003, '员工新增', 2001, 2, '#', '', NULL, 1, 0, 'F', '0', '0', 'cj:emp:add', '#', 'admin', '2022-01-23 23:47:26', '', NULL, '');
INSERT INTO `sys_menu` VALUES (2004, '员工修改', 2001, 3, '#', '', NULL, 1, 0, 'F', '0', '0', 'cj:emp:edit', '#', 'admin', '2022-01-23 23:47:26', '', NULL, '');
INSERT INTO `sys_menu` VALUES (2005, '员工删除', 2001, 4, '#', '', NULL, 1, 0, 'F', '0', '0', 'cj:emp:remove', '#', 'admin', '2022-01-23 23:47:26', '', NULL, '');
INSERT INTO `sys_menu` VALUES (2006, '员工导出', 2001, 5, '#', '', NULL, 1, 0, 'F', '0', '0', 'cj:emp:export', '#', 'admin', '2022-01-23 23:47:26', '', NULL, '');
INSERT INTO `sys_menu` VALUES (2007, '奖品', 2000, 1, 'prize', 'cj/prize/index', NULL, 1, 0, 'C', '0', '0', 'cj:prize:list', '#', 'admin', '2022-01-23 23:47:26', '', NULL, '奖品菜单');
INSERT INTO `sys_menu` VALUES (2008, '奖品查询', 2007, 1, '#', '', NULL, 1, 0, 'F', '0', '0', 'cj:prize:query', '#', 'admin', '2022-01-23 23:47:26', '', NULL, '');
INSERT INTO `sys_menu` VALUES (2009, '奖品新增', 2007, 2, '#', '', NULL, 1, 0, 'F', '0', '0', 'cj:prize:add', '#', 'admin', '2022-01-23 23:47:26', '', NULL, '');
INSERT INTO `sys_menu` VALUES (2010, '奖品修改', 2007, 3, '#', '', NULL, 1, 0, 'F', '0', '0', 'cj:prize:edit', '#', 'admin', '2022-01-23 23:47:26', '', NULL, '');
INSERT INTO `sys_menu` VALUES (2011, '奖品删除', 2007, 4, '#', '', NULL, 1, 0, 'F', '0', '0', 'cj:prize:remove', '#', 'admin', '2022-01-23 23:47:26', '', NULL, '');
INSERT INTO `sys_menu` VALUES (2012, '奖品导出', 2007, 5, '#', '', NULL, 1, 0, 'F', '0', '0', 'cj:prize:export', '#', 'admin', '2022-01-23 23:47:26', '', NULL, '');
INSERT INTO `sys_menu` VALUES (2013, '中奖数据', 2000, 1, 'empprize', 'cj/empprize/index', NULL, 1, 0, 'C', '0', '0', 'cj:empprize:list', '#', 'admin', '2022-01-23 23:47:26', 'admin', '2022-01-25 19:35:42', '员工中奖中间菜单');
INSERT INTO `sys_menu` VALUES (2014, '员工中奖中间查询', 2013, 1, '#', '', NULL, 1, 0, 'F', '0', '0', 'cj:empprize:query', '#', 'admin', '2022-01-23 23:47:26', '', NULL, '');
INSERT INTO `sys_menu` VALUES (2015, '员工中奖中间新增', 2013, 2, '#', '', NULL, 1, 0, 'F', '0', '0', 'cj:empprize:add', '#', 'admin', '2022-01-23 23:47:26', '', NULL, '');
INSERT INTO `sys_menu` VALUES (2016, '员工中奖中间修改', 2013, 3, '#', '', NULL, 1, 0, 'F', '0', '0', 'cj:empprize:edit', '#', 'admin', '2022-01-23 23:47:26', '', NULL, '');
INSERT INTO `sys_menu` VALUES (2017, '员工中奖中间删除', 2013, 4, '#', '', NULL, 1, 0, 'F', '0', '0', 'cj:empprize:remove', '#', 'admin', '2022-01-23 23:47:26', '', NULL, '');
INSERT INTO `sys_menu` VALUES (2018, '员工中奖中间导出', 2013, 5, '#', '', NULL, 1, 0, 'F', '0', '0', 'cj:empprize:export', '#', 'admin', '2022-01-23 23:47:26', '', NULL, '');

-- ----------------------------
-- Table structure for sys_notice
-- ----------------------------
DROP TABLE IF EXISTS `sys_notice`;
CREATE TABLE `sys_notice`  (
  `notice_id` int(0) NOT NULL AUTO_INCREMENT COMMENT '公告ID',
  `notice_title` varchar(50) CHARACTER SET utf8mb4 COLLATE utf8mb4_0900_ai_ci NOT NULL COMMENT '公告标题',
  `notice_type` char(1) CHARACTER SET utf8mb4 COLLATE utf8mb4_0900_ai_ci NOT NULL COMMENT '公告类型（1通知 2公告）',
  `notice_content` longblob NULL COMMENT '公告内容',
  `status` char(1) CHARACTER SET utf8mb4 COLLATE utf8mb4_0900_ai_ci NULL DEFAULT '0' COMMENT '公告状态（0正常 1关闭）',
  `create_by` varchar(64) CHARACTER SET utf8mb4 COLLATE utf8mb4_0900_ai_ci NULL DEFAULT '' COMMENT '创建者',
  `create_time` datetime(0) NULL DEFAULT NULL COMMENT '创建时间',
  `update_by` varchar(64) CHARACTER SET utf8mb4 COLLATE utf8mb4_0900_ai_ci NULL DEFAULT '' COMMENT '更新者',
  `update_time` datetime(0) NULL DEFAULT NULL COMMENT '更新时间',
  `remark` varchar(255) CHARACTER SET utf8mb4 COLLATE utf8mb4_0900_ai_ci NULL DEFAULT NULL COMMENT '备注',
  PRIMARY KEY (`notice_id`) USING BTREE
) ENGINE = InnoDB AUTO_INCREMENT = 10 CHARACTER SET = utf8mb4 COLLATE = utf8mb4_0900_ai_ci COMMENT = '通知公告表' ROW_FORMAT = Dynamic;

-- ----------------------------
-- Records of sys_notice
-- ----------------------------
INSERT INTO `sys_notice` VALUES (1, '温馨提醒：2018-07-01 若依新版本发布啦', '2', 0xE696B0E78988E69CACE58685E5AEB9, '0', 'admin', '2022-01-23 22:49:08', '', NULL, '管理员');
INSERT INTO `sys_notice` VALUES (2, '维护通知：2018-07-01 若依系统凌晨维护', '1', 0xE7BBB4E68AA4E58685E5AEB9, '0', 'admin', '2022-01-23 22:49:08', '', NULL, '管理员');

-- ----------------------------
-- Table structure for sys_oper_log
-- ----------------------------
DROP TABLE IF EXISTS `sys_oper_log`;
CREATE TABLE `sys_oper_log`  (
  `oper_id` bigint(0) NOT NULL AUTO_INCREMENT COMMENT '日志主键',
  `title` varchar(50) CHARACTER SET utf8mb4 COLLATE utf8mb4_0900_ai_ci NULL DEFAULT '' COMMENT '模块标题',
  `business_type` int(0) NULL DEFAULT 0 COMMENT '业务类型（0其它 1新增 2修改 3删除）',
  `method` varchar(100) CHARACTER SET utf8mb4 COLLATE utf8mb4_0900_ai_ci NULL DEFAULT '' COMMENT '方法名称',
  `request_method` varchar(10) CHARACTER SET utf8mb4 COLLATE utf8mb4_0900_ai_ci NULL DEFAULT '' COMMENT '请求方式',
  `operator_type` int(0) NULL DEFAULT 0 COMMENT '操作类别（0其它 1后台用户 2手机端用户）',
  `oper_name` varchar(50) CHARACTER SET utf8mb4 COLLATE utf8mb4_0900_ai_ci NULL DEFAULT '' COMMENT '操作人员',
  `dept_name` varchar(50) CHARACTER SET utf8mb4 COLLATE utf8mb4_0900_ai_ci NULL DEFAULT '' COMMENT '部门名称',
  `oper_url` varchar(255) CHARACTER SET utf8mb4 COLLATE utf8mb4_0900_ai_ci NULL DEFAULT '' COMMENT '请求URL',
  `oper_ip` varchar(128) CHARACTER SET utf8mb4 COLLATE utf8mb4_0900_ai_ci NULL DEFAULT '' COMMENT '主机地址',
  `oper_location` varchar(255) CHARACTER SET utf8mb4 COLLATE utf8mb4_0900_ai_ci NULL DEFAULT '' COMMENT '操作地点',
  `oper_param` varchar(2000) CHARACTER SET utf8mb4 COLLATE utf8mb4_0900_ai_ci NULL DEFAULT '' COMMENT '请求参数',
  `json_result` varchar(2000) CHARACTER SET utf8mb4 COLLATE utf8mb4_0900_ai_ci NULL DEFAULT '' COMMENT '返回参数',
  `status` int(0) NULL DEFAULT 0 COMMENT '操作状态（0正常 1异常）',
  `error_msg` varchar(2000) CHARACTER SET utf8mb4 COLLATE utf8mb4_0900_ai_ci NULL DEFAULT '' COMMENT '错误消息',
  `oper_time` datetime(0) NULL DEFAULT NULL COMMENT '操作时间',
  PRIMARY KEY (`oper_id`) USING BTREE
) ENGINE = InnoDB AUTO_INCREMENT = 214 CHARACTER SET = utf8mb4 COLLATE = utf8mb4_0900_ai_ci COMMENT = '操作日志记录' ROW_FORMAT = Dynamic;

-- ----------------------------
-- Records of sys_oper_log
-- ----------------------------
INSERT INTO `sys_oper_log` VALUES (100, '菜单管理', 1, 'com.ruoyi.web.controller.system.SysMenuController.add()', 'POST', 1, 'admin', NULL, '/system/menu', '127.0.0.1', '内网IP', '{\"visible\":\"0\",\"icon\":\"color\",\"orderNum\":30,\"menuName\":\"抽奖模块\",\"params\":{},\"parentId\":0,\"isCache\":\"0\",\"path\":\"wu \",\"createBy\":\"admin\",\"children\":[],\"isFrame\":\"1\",\"menuType\":\"M\",\"status\":\"0\"}', '{\"msg\":\"操作成功\",\"code\":200}', 0, NULL, '2022-01-23 23:20:44');
INSERT INTO `sys_oper_log` VALUES (101, '菜单管理', 2, 'com.ruoyi.web.controller.system.SysMenuController.edit()', 'PUT', 1, 'admin', NULL, '/system/menu', '127.0.0.1', '内网IP', '{\"visible\":\"0\",\"icon\":\"color\",\"orderNum\":30,\"menuName\":\"抽奖模块\",\"params\":{},\"parentId\":0,\"isCache\":\"0\",\"path\":\"cj\",\"children\":[],\"createTime\":1642951244000,\"updateBy\":\"admin\",\"isFrame\":\"1\",\"menuId\":2000,\"menuType\":\"M\",\"perms\":\"\",\"status\":\"0\"}', '{\"msg\":\"操作成功\",\"code\":200}', 0, NULL, '2022-01-23 23:21:08');
INSERT INTO `sys_oper_log` VALUES (102, '代码生成', 6, 'com.ruoyi.generator.controller.GenController.importTableSave()', 'POST', 1, 'admin', NULL, '/tool/gen/importTable', '127.0.0.1', '内网IP', 'cj_emp_prize,cj_emp,cj_prize', '{\"msg\":\"操作成功\",\"code\":200}', 0, NULL, '2022-01-23 23:22:18');
INSERT INTO `sys_oper_log` VALUES (103, '代码生成', 2, 'com.ruoyi.generator.controller.GenController.editSave()', 'PUT', 1, 'admin', NULL, '/tool/gen', '127.0.0.1', '内网IP', '{\"sub\":false,\"functionAuthor\":\"yj\",\"columns\":[{\"capJavaField\":\"Id\",\"usableColumn\":false,\"columnId\":1,\"isIncrement\":\"0\",\"increment\":false,\"insert\":true,\"dictType\":\"\",\"required\":false,\"superColumn\":false,\"updateBy\":\"\",\"isInsert\":\"1\",\"javaField\":\"id\",\"htmlType\":\"input\",\"edit\":false,\"query\":false,\"columnComment\":\"id\",\"sort\":1,\"list\":false,\"params\":{},\"javaType\":\"Integer\",\"queryType\":\"EQ\",\"columnType\":\"int(10) unsigned zerofill\",\"createBy\":\"admin\",\"isPk\":\"1\",\"createTime\":1642951337000,\"tableId\":1,\"pk\":true,\"columnName\":\"id\"},{\"capJavaField\":\"EmpNo\",\"usableColumn\":false,\"columnId\":2,\"isIncrement\":\"0\",\"increment\":false,\"insert\":true,\"isList\":\"1\",\"dictType\":\"\",\"required\":true,\"superColumn\":false,\"updateBy\":\"\",\"isInsert\":\"1\",\"isRequired\":\"1\",\"javaField\":\"empNo\",\"htmlType\":\"input\",\"edit\":true,\"query\":true,\"columnComment\":\"员工编号\",\"isQuery\":\"1\",\"sort\":2,\"list\":true,\"params\":{},\"javaType\":\"String\",\"queryType\":\"LIKE\",\"columnType\":\"varchar(10)\",\"createBy\":\"admin\",\"isPk\":\"0\",\"createTime\":1642951337000,\"isEdit\":\"1\",\"tableId\":1,\"pk\":false,\"columnName\":\"emp_no\"},{\"capJavaField\":\"Name\",\"usableColumn\":false,\"columnId\":3,\"isIncrement\":\"0\",\"increment\":false,\"insert\":true,\"isList\":\"1\",\"dictType\":\"\",\"required\":true,\"superColumn\":false,\"updateBy\":\"\",\"isInsert\":\"1\",\"isRequired\":\"1\",\"javaField\":\"name\",\"htmlType\":\"input\",\"edit\":true,\"query\":true,\"columnComment\":\"员工姓名\",\"isQuery\":\"1\",\"sort\":3,\"list\":true,\"params\":{},\"javaType\":\"String\",\"queryType\":\"LIKE\",\"columnType\":\"varchar(20)\",\"createBy\":\"admin\",\"isPk\":\"0\",\"createTime\":1642951338000,\"isEdit\":\"1\",\"tableId\":1,\"pk\":false,\"columnName\":\"name\"},{\"capJavaField\":\"Phone\",\"usableColumn\":false,\"columnId\":4,\"isIncrement\":\"0\",\"increment\":false,\"insert\":true,\"isList\":\"1\",\"dictType\":\"\",\"required\":false,\"superColumn\":false,\"updateBy\":\"\",\"isInsert\":\"1\",\"javaField\":\"phone\",\"htmlType\":\"input\",\"edit\":true,\"query\":true,\"columnComment\":\"电话号码\",\"isQuery\":\"1\",\"sort\":4,\"list\":true,\"params\":{},\"javaType\":\"String\",\"queryType\":\"EQ\",\"columnType\":\"varchar(20)\",\"createBy\":\"a', '{\"msg\":\"操作成功\",\"code\":200}', 0, NULL, '2022-01-23 23:25:18');
INSERT INTO `sys_oper_log` VALUES (104, '代码生成', 2, 'com.ruoyi.generator.controller.GenController.editSave()', 'PUT', 1, 'admin', NULL, '/tool/gen', '127.0.0.1', '内网IP', '{\"sub\":false,\"functionAuthor\":\"ruoyi\",\"columns\":[{\"capJavaField\":\"Id\",\"usableColumn\":false,\"columnId\":6,\"isIncrement\":\"0\",\"increment\":false,\"insert\":true,\"dictType\":\"\",\"required\":false,\"superColumn\":false,\"updateBy\":\"\",\"isInsert\":\"1\",\"javaField\":\"id\",\"htmlType\":\"input\",\"edit\":false,\"query\":false,\"columnComment\":\"id\",\"sort\":1,\"list\":false,\"params\":{},\"javaType\":\"Long\",\"queryType\":\"EQ\",\"columnType\":\"int\",\"createBy\":\"admin\",\"isPk\":\"1\",\"createTime\":1642951338000,\"tableId\":2,\"pk\":true,\"columnName\":\"id\"},{\"capJavaField\":\"EmpId\",\"usableColumn\":false,\"columnId\":7,\"isIncrement\":\"0\",\"increment\":false,\"insert\":true,\"isList\":\"1\",\"dictType\":\"\",\"required\":true,\"superColumn\":false,\"updateBy\":\"\",\"isInsert\":\"1\",\"isRequired\":\"1\",\"javaField\":\"empId\",\"htmlType\":\"input\",\"edit\":true,\"query\":true,\"columnComment\":\"员工id\",\"isQuery\":\"1\",\"sort\":2,\"list\":true,\"params\":{},\"javaType\":\"Long\",\"queryType\":\"EQ\",\"columnType\":\"int\",\"createBy\":\"admin\",\"isPk\":\"0\",\"createTime\":1642951338000,\"isEdit\":\"1\",\"tableId\":2,\"pk\":false,\"columnName\":\"emp_id\"},{\"capJavaField\":\"PrizeId\",\"usableColumn\":false,\"columnId\":8,\"isIncrement\":\"0\",\"increment\":false,\"insert\":true,\"isList\":\"1\",\"dictType\":\"\",\"required\":true,\"superColumn\":false,\"updateBy\":\"\",\"isInsert\":\"1\",\"isRequired\":\"1\",\"javaField\":\"prizeId\",\"htmlType\":\"input\",\"edit\":true,\"query\":true,\"columnComment\":\"奖品id\",\"isQuery\":\"1\",\"sort\":3,\"list\":true,\"params\":{},\"javaType\":\"Long\",\"queryType\":\"EQ\",\"columnType\":\"int\",\"createBy\":\"admin\",\"isPk\":\"0\",\"createTime\":1642951338000,\"isEdit\":\"1\",\"tableId\":2,\"pk\":false,\"columnName\":\"prize_id\"}],\"businessName\":\"prize\",\"moduleName\":\"system\",\"className\":\"CjEmpPrize\",\"tableName\":\"cj_emp_prize\",\"crud\":true,\"options\":\"{}\",\"genType\":\"0\",\"packageName\":\"com.ruoyi.system\",\"functionName\":\"员工中奖中间\",\"tree\":false,\"tableComment\":\"员工中奖中间表\",\"params\":{},\"tplCategory\":\"crud\",\"tableId\":2,\"genPath\":\"/\"}', '{\"msg\":\"操作成功\",\"code\":200}', 0, NULL, '2022-01-23 23:25:43');
INSERT INTO `sys_oper_log` VALUES (105, '代码生成', 2, 'com.ruoyi.generator.controller.GenController.editSave()', 'PUT', 1, 'admin', NULL, '/tool/gen', '127.0.0.1', '内网IP', '{\"sub\":false,\"functionAuthor\":\"yj\",\"columns\":[{\"capJavaField\":\"Id\",\"usableColumn\":false,\"columnId\":6,\"isIncrement\":\"0\",\"increment\":false,\"insert\":true,\"dictType\":\"\",\"required\":false,\"superColumn\":false,\"updateBy\":\"\",\"isInsert\":\"1\",\"javaField\":\"id\",\"htmlType\":\"input\",\"edit\":false,\"query\":false,\"columnComment\":\"id\",\"updateTime\":1642951543000,\"sort\":1,\"list\":false,\"params\":{},\"javaType\":\"Long\",\"queryType\":\"EQ\",\"columnType\":\"int\",\"createBy\":\"admin\",\"isPk\":\"1\",\"createTime\":1642951338000,\"tableId\":2,\"pk\":true,\"columnName\":\"id\"},{\"capJavaField\":\"EmpId\",\"usableColumn\":false,\"columnId\":7,\"isIncrement\":\"0\",\"increment\":false,\"insert\":true,\"isList\":\"1\",\"dictType\":\"\",\"required\":true,\"superColumn\":false,\"updateBy\":\"\",\"isInsert\":\"1\",\"isRequired\":\"1\",\"javaField\":\"empId\",\"htmlType\":\"input\",\"edit\":true,\"query\":true,\"columnComment\":\"员工id\",\"isQuery\":\"1\",\"updateTime\":1642951543000,\"sort\":2,\"list\":true,\"params\":{},\"javaType\":\"Long\",\"queryType\":\"EQ\",\"columnType\":\"int\",\"createBy\":\"admin\",\"isPk\":\"0\",\"createTime\":1642951338000,\"isEdit\":\"1\",\"tableId\":2,\"pk\":false,\"columnName\":\"emp_id\"},{\"capJavaField\":\"PrizeId\",\"usableColumn\":false,\"columnId\":8,\"isIncrement\":\"0\",\"increment\":false,\"insert\":true,\"isList\":\"1\",\"dictType\":\"\",\"required\":true,\"superColumn\":false,\"updateBy\":\"\",\"isInsert\":\"1\",\"isRequired\":\"1\",\"javaField\":\"prizeId\",\"htmlType\":\"input\",\"edit\":true,\"query\":true,\"columnComment\":\"奖品id\",\"isQuery\":\"1\",\"updateTime\":1642951543000,\"sort\":3,\"list\":true,\"params\":{},\"javaType\":\"Long\",\"queryType\":\"EQ\",\"columnType\":\"int\",\"createBy\":\"admin\",\"isPk\":\"0\",\"createTime\":1642951338000,\"isEdit\":\"1\",\"tableId\":2,\"pk\":false,\"columnName\":\"prize_id\"}],\"businessName\":\"prize\",\"moduleName\":\"cj\",\"className\":\"EmpPrize\",\"tableName\":\"cj_emp_prize\",\"crud\":true,\"options\":\"{\\\"parentMenuId\\\":2000}\",\"genType\":\"0\",\"packageName\":\"com.ruoyi.cj\",\"functionName\":\"员工中奖中间\",\"tree\":false,\"tableComment\":\"员工中奖中间表\",\"params\":{\"parentMenuId\":2000},\"tplCategory\":\"crud\",\"parentMenuId\":\"2000\",\"tableId\":2,\"genPath\":\"/\"}', '{\"msg\":\"操作成功\",\"code\":200}', 0, NULL, '2022-01-23 23:26:17');
INSERT INTO `sys_oper_log` VALUES (106, '代码生成', 3, 'com.ruoyi.generator.controller.GenController.remove()', 'DELETE', 1, 'admin', NULL, '/tool/gen/3', '127.0.0.1', '内网IP', '{tableIds=3}', '{\"msg\":\"操作成功\",\"code\":200}', 0, NULL, '2022-01-23 23:31:11');
INSERT INTO `sys_oper_log` VALUES (107, '代码生成', 6, 'com.ruoyi.generator.controller.GenController.importTableSave()', 'POST', 1, 'admin', NULL, '/tool/gen/importTable', '127.0.0.1', '内网IP', 'cj_prize', '{\"msg\":\"操作成功\",\"code\":200}', 0, NULL, '2022-01-23 23:31:18');
INSERT INTO `sys_oper_log` VALUES (108, '代码生成', 3, 'com.ruoyi.generator.controller.GenController.remove()', 'DELETE', 1, 'admin', NULL, '/tool/gen/4', '127.0.0.1', '内网IP', '{tableIds=4}', '{\"msg\":\"操作成功\",\"code\":200}', 0, NULL, '2022-01-23 23:31:33');
INSERT INTO `sys_oper_log` VALUES (109, '代码生成', 6, 'com.ruoyi.generator.controller.GenController.importTableSave()', 'POST', 1, 'admin', NULL, '/tool/gen/importTable', '127.0.0.1', '内网IP', 'cj_prize', '{\"msg\":\"操作成功\",\"code\":200}', 0, NULL, '2022-01-23 23:32:40');
INSERT INTO `sys_oper_log` VALUES (110, '代码生成', 2, 'com.ruoyi.generator.controller.GenController.editSave()', 'PUT', 1, 'admin', NULL, '/tool/gen', '127.0.0.1', '内网IP', '{\"sub\":false,\"functionAuthor\":\"yj\",\"columns\":[{\"capJavaField\":\"Id\",\"usableColumn\":false,\"columnId\":20,\"isIncrement\":\"0\",\"increment\":false,\"insert\":false,\"dictType\":\"\",\"required\":false,\"superColumn\":false,\"updateBy\":\"\",\"javaField\":\"id\",\"htmlType\":\"input\",\"edit\":false,\"query\":false,\"columnComment\":\"id\",\"sort\":1,\"list\":false,\"params\":{},\"javaType\":\"Integer\",\"queryType\":\"EQ\",\"columnType\":\"int\",\"createBy\":\"admin\",\"isPk\":\"1\",\"createTime\":1642951960000,\"tableId\":5,\"pk\":true,\"columnName\":\"id\"},{\"capJavaField\":\"Name\",\"usableColumn\":false,\"columnId\":21,\"isIncrement\":\"0\",\"increment\":false,\"insert\":true,\"isList\":\"1\",\"dictType\":\"\",\"required\":true,\"superColumn\":false,\"updateBy\":\"\",\"isInsert\":\"1\",\"isRequired\":\"1\",\"javaField\":\"name\",\"htmlType\":\"input\",\"edit\":true,\"query\":true,\"columnComment\":\"奖品名称\",\"isQuery\":\"1\",\"sort\":2,\"list\":true,\"params\":{},\"javaType\":\"String\",\"queryType\":\"LIKE\",\"columnType\":\"varchar(50)\",\"createBy\":\"admin\",\"isPk\":\"0\",\"createTime\":1642951960000,\"isEdit\":\"1\",\"tableId\":5,\"pk\":false,\"columnName\":\"name\"},{\"capJavaField\":\"Info\",\"usableColumn\":false,\"columnId\":22,\"isIncrement\":\"0\",\"increment\":false,\"insert\":true,\"isList\":\"1\",\"dictType\":\"\",\"required\":false,\"superColumn\":false,\"updateBy\":\"\",\"isInsert\":\"1\",\"javaField\":\"info\",\"htmlType\":\"input\",\"edit\":true,\"query\":true,\"columnComment\":\"奖品信息\",\"isQuery\":\"1\",\"sort\":3,\"list\":true,\"params\":{},\"javaType\":\"String\",\"queryType\":\"LIKE\",\"columnType\":\"varchar(100)\",\"createBy\":\"admin\",\"isPk\":\"0\",\"createTime\":1642951960000,\"isEdit\":\"1\",\"tableId\":5,\"pk\":false,\"columnName\":\"info\"},{\"capJavaField\":\"Stock\",\"usableColumn\":false,\"columnId\":23,\"isIncrement\":\"0\",\"increment\":false,\"insert\":true,\"isList\":\"1\",\"dictType\":\"\",\"required\":true,\"superColumn\":false,\"updateBy\":\"\",\"isInsert\":\"1\",\"isRequired\":\"1\",\"javaField\":\"stock\",\"htmlType\":\"input\",\"edit\":true,\"query\":true,\"columnComment\":\"奖品数量\",\"isQuery\":\"1\",\"sort\":4,\"list\":true,\"params\":{},\"javaType\":\"Integer\",\"queryType\":\"EQ\",\"columnType\":\"int\",\"createBy\":\"admin\",\"isPk\":\"0\",\"createTime\":164295196000', '{\"msg\":\"操作成功\",\"code\":200}', 0, NULL, '2022-01-23 23:34:44');
INSERT INTO `sys_oper_log` VALUES (111, '代码生成', 2, 'com.ruoyi.generator.controller.GenController.editSave()', 'PUT', 1, 'admin', NULL, '/tool/gen', '127.0.0.1', '内网IP', '{\"sub\":false,\"functionAuthor\":\"yj\",\"columns\":[{\"capJavaField\":\"Id\",\"usableColumn\":false,\"columnId\":1,\"isIncrement\":\"0\",\"increment\":false,\"insert\":false,\"dictType\":\"\",\"required\":false,\"superColumn\":false,\"updateBy\":\"\",\"javaField\":\"id\",\"htmlType\":\"input\",\"edit\":false,\"query\":false,\"columnComment\":\"id\",\"updateTime\":1642951518000,\"sort\":1,\"list\":false,\"params\":{},\"javaType\":\"Integer\",\"queryType\":\"EQ\",\"columnType\":\"int(10) unsigned zerofill\",\"createBy\":\"admin\",\"isPk\":\"1\",\"createTime\":1642951337000,\"tableId\":1,\"pk\":true,\"columnName\":\"id\"},{\"capJavaField\":\"EmpNo\",\"usableColumn\":false,\"columnId\":2,\"isIncrement\":\"0\",\"increment\":false,\"insert\":true,\"isList\":\"1\",\"dictType\":\"\",\"required\":true,\"superColumn\":false,\"updateBy\":\"\",\"isInsert\":\"1\",\"isRequired\":\"1\",\"javaField\":\"empNo\",\"htmlType\":\"input\",\"edit\":true,\"query\":true,\"columnComment\":\"员工编号\",\"isQuery\":\"1\",\"updateTime\":1642951518000,\"sort\":2,\"list\":true,\"params\":{},\"javaType\":\"String\",\"queryType\":\"LIKE\",\"columnType\":\"varchar(10)\",\"createBy\":\"admin\",\"isPk\":\"0\",\"createTime\":1642951337000,\"isEdit\":\"1\",\"tableId\":1,\"pk\":false,\"columnName\":\"emp_no\"},{\"capJavaField\":\"Name\",\"usableColumn\":false,\"columnId\":3,\"isIncrement\":\"0\",\"increment\":false,\"insert\":true,\"isList\":\"1\",\"dictType\":\"\",\"required\":true,\"superColumn\":false,\"updateBy\":\"\",\"isInsert\":\"1\",\"isRequired\":\"1\",\"javaField\":\"name\",\"htmlType\":\"input\",\"edit\":true,\"query\":true,\"columnComment\":\"员工姓名\",\"isQuery\":\"1\",\"updateTime\":1642951518000,\"sort\":3,\"list\":true,\"params\":{},\"javaType\":\"String\",\"queryType\":\"LIKE\",\"columnType\":\"varchar(20)\",\"createBy\":\"admin\",\"isPk\":\"0\",\"createTime\":1642951338000,\"isEdit\":\"1\",\"tableId\":1,\"pk\":false,\"columnName\":\"name\"},{\"capJavaField\":\"Phone\",\"usableColumn\":false,\"columnId\":4,\"isIncrement\":\"0\",\"increment\":false,\"insert\":true,\"isList\":\"1\",\"dictType\":\"\",\"required\":false,\"superColumn\":false,\"updateBy\":\"\",\"isInsert\":\"1\",\"javaField\":\"phone\",\"htmlType\":\"input\",\"edit\":true,\"query\":true,\"columnComment\":\"电话号码\",\"isQuery\":\"1\",\"updateTime\":1642951518000,\"sort\":4,\"list\":', '{\"msg\":\"操作成功\",\"code\":200}', 0, NULL, '2022-01-23 23:35:12');
INSERT INTO `sys_oper_log` VALUES (112, '代码生成', 2, 'com.ruoyi.generator.controller.GenController.editSave()', 'PUT', 1, 'admin', NULL, '/tool/gen', '127.0.0.1', '内网IP', '{\"sub\":false,\"functionAuthor\":\"yj\",\"columns\":[{\"capJavaField\":\"Id\",\"usableColumn\":false,\"columnId\":6,\"isIncrement\":\"0\",\"increment\":false,\"insert\":false,\"dictType\":\"\",\"required\":false,\"superColumn\":false,\"updateBy\":\"\",\"javaField\":\"id\",\"htmlType\":\"input\",\"edit\":false,\"query\":false,\"columnComment\":\"id\",\"updateTime\":1642951577000,\"sort\":1,\"list\":false,\"params\":{},\"javaType\":\"Integer\",\"queryType\":\"EQ\",\"columnType\":\"int\",\"createBy\":\"admin\",\"isPk\":\"1\",\"createTime\":1642951338000,\"tableId\":2,\"pk\":true,\"columnName\":\"id\"},{\"capJavaField\":\"EmpId\",\"usableColumn\":false,\"columnId\":7,\"isIncrement\":\"0\",\"increment\":false,\"insert\":true,\"isList\":\"1\",\"dictType\":\"\",\"required\":true,\"superColumn\":false,\"updateBy\":\"\",\"isInsert\":\"1\",\"isRequired\":\"1\",\"javaField\":\"empId\",\"htmlType\":\"input\",\"edit\":true,\"query\":true,\"columnComment\":\"员工id\",\"isQuery\":\"1\",\"updateTime\":1642951577000,\"sort\":2,\"list\":true,\"params\":{},\"javaType\":\"Integer\",\"queryType\":\"EQ\",\"columnType\":\"int\",\"createBy\":\"admin\",\"isPk\":\"0\",\"createTime\":1642951338000,\"isEdit\":\"1\",\"tableId\":2,\"pk\":false,\"columnName\":\"emp_id\"},{\"capJavaField\":\"PrizeId\",\"usableColumn\":false,\"columnId\":8,\"isIncrement\":\"0\",\"increment\":false,\"insert\":true,\"isList\":\"1\",\"dictType\":\"\",\"required\":true,\"superColumn\":false,\"updateBy\":\"\",\"isInsert\":\"1\",\"isRequired\":\"1\",\"javaField\":\"prizeId\",\"htmlType\":\"input\",\"edit\":true,\"query\":true,\"columnComment\":\"奖品id\",\"isQuery\":\"1\",\"updateTime\":1642951577000,\"sort\":3,\"list\":true,\"params\":{},\"javaType\":\"Integer\",\"queryType\":\"EQ\",\"columnType\":\"int\",\"createBy\":\"admin\",\"isPk\":\"0\",\"createTime\":1642951338000,\"isEdit\":\"1\",\"tableId\":2,\"pk\":false,\"columnName\":\"prize_id\"}],\"businessName\":\"prize\",\"moduleName\":\"cj\",\"className\":\"EmpPrize\",\"tableName\":\"cj_emp_prize\",\"crud\":true,\"options\":\"{\\\"parentMenuId\\\":\\\"2000\\\"}\",\"genType\":\"0\",\"packageName\":\"com.ruoyi.cj\",\"functionName\":\"员工中奖中间\",\"tree\":false,\"tableComment\":\"员工中奖中间表\",\"params\":{\"parentMenuId\":\"2000\"},\"tplCategory\":\"crud\",\"parentMenuId\":\"2000\",\"tableId\":2,\"genPath\":\"/\"}', '{\"msg\":\"操作成功\",\"code\":200}', 0, NULL, '2022-01-23 23:35:51');
INSERT INTO `sys_oper_log` VALUES (113, '代码生成', 2, 'com.ruoyi.generator.controller.GenController.editSave()', 'PUT', 1, 'admin', NULL, '/tool/gen', '127.0.0.1', '内网IP', '{\"sub\":false,\"functionAuthor\":\"yj\",\"columns\":[{\"capJavaField\":\"Id\",\"usableColumn\":false,\"columnId\":20,\"isIncrement\":\"0\",\"increment\":false,\"insert\":false,\"dictType\":\"\",\"required\":false,\"superColumn\":false,\"updateBy\":\"\",\"javaField\":\"id\",\"htmlType\":\"input\",\"edit\":false,\"query\":false,\"columnComment\":\"id\",\"updateTime\":1642952084000,\"sort\":1,\"list\":false,\"params\":{},\"javaType\":\"Integer\",\"queryType\":\"EQ\",\"columnType\":\"int\",\"createBy\":\"admin\",\"isPk\":\"1\",\"createTime\":1642951960000,\"tableId\":5,\"pk\":true,\"columnName\":\"id\"},{\"capJavaField\":\"Name\",\"usableColumn\":false,\"columnId\":21,\"isIncrement\":\"0\",\"increment\":false,\"insert\":true,\"isList\":\"1\",\"dictType\":\"\",\"required\":true,\"superColumn\":false,\"updateBy\":\"\",\"isInsert\":\"1\",\"isRequired\":\"1\",\"javaField\":\"name\",\"htmlType\":\"input\",\"edit\":true,\"query\":true,\"columnComment\":\"奖品名称\",\"isQuery\":\"1\",\"updateTime\":1642952084000,\"sort\":2,\"list\":true,\"params\":{},\"javaType\":\"String\",\"queryType\":\"LIKE\",\"columnType\":\"varchar(50)\",\"createBy\":\"admin\",\"isPk\":\"0\",\"createTime\":1642951960000,\"isEdit\":\"1\",\"tableId\":5,\"pk\":false,\"columnName\":\"name\"},{\"capJavaField\":\"Info\",\"usableColumn\":false,\"columnId\":22,\"isIncrement\":\"0\",\"increment\":false,\"insert\":true,\"isList\":\"1\",\"dictType\":\"\",\"required\":false,\"superColumn\":false,\"updateBy\":\"\",\"isInsert\":\"1\",\"javaField\":\"info\",\"htmlType\":\"input\",\"edit\":true,\"query\":true,\"columnComment\":\"奖品信息\",\"isQuery\":\"1\",\"updateTime\":1642952084000,\"sort\":3,\"list\":true,\"params\":{},\"javaType\":\"String\",\"queryType\":\"LIKE\",\"columnType\":\"varchar(100)\",\"createBy\":\"admin\",\"isPk\":\"0\",\"createTime\":1642951960000,\"isEdit\":\"1\",\"tableId\":5,\"pk\":false,\"columnName\":\"info\"},{\"capJavaField\":\"Stock\",\"usableColumn\":false,\"columnId\":23,\"isIncrement\":\"0\",\"increment\":false,\"insert\":true,\"isList\":\"1\",\"dictType\":\"\",\"required\":true,\"superColumn\":false,\"updateBy\":\"\",\"isInsert\":\"1\",\"isRequired\":\"1\",\"javaField\":\"stock\",\"htmlType\":\"input\",\"edit\":true,\"query\":true,\"columnComment\":\"奖品数量\",\"isQuery\":\"1\",\"updateTime\":1642952084000,\"sort\":4,\"list\":true,\"params\":{},\"jav', '{\"msg\":\"操作成功\",\"code\":200}', 0, NULL, '2022-01-23 23:36:14');
INSERT INTO `sys_oper_log` VALUES (114, '代码生成', 3, 'com.ruoyi.generator.controller.GenController.remove()', 'DELETE', 1, 'admin', NULL, '/tool/gen/5', '127.0.0.1', '内网IP', '{tableIds=5}', '{\"msg\":\"操作成功\",\"code\":200}', 0, NULL, '2022-01-23 23:38:35');
INSERT INTO `sys_oper_log` VALUES (115, '代码生成', 6, 'com.ruoyi.generator.controller.GenController.importTableSave()', 'POST', 1, 'admin', NULL, '/tool/gen/importTable', '127.0.0.1', '内网IP', 'cj_prize', '{\"msg\":\"操作成功\",\"code\":200}', 0, NULL, '2022-01-23 23:38:50');
INSERT INTO `sys_oper_log` VALUES (116, '代码生成', 2, 'com.ruoyi.generator.controller.GenController.editSave()', 'PUT', 1, 'admin', NULL, '/tool/gen', '127.0.0.1', '内网IP', '{\"sub\":false,\"functionAuthor\":\"yj\",\"columns\":[{\"capJavaField\":\"Id\",\"usableColumn\":false,\"columnId\":25,\"isIncrement\":\"1\",\"increment\":true,\"insert\":false,\"dictType\":\"\",\"required\":false,\"superColumn\":false,\"updateBy\":\"\",\"javaField\":\"id\",\"htmlType\":\"input\",\"edit\":false,\"query\":false,\"columnComment\":\"id\",\"sort\":1,\"list\":false,\"params\":{},\"javaType\":\"Integer\",\"queryType\":\"EQ\",\"columnType\":\"int\",\"createBy\":\"admin\",\"isPk\":\"1\",\"createTime\":1642952330000,\"tableId\":6,\"pk\":true,\"columnName\":\"id\"},{\"capJavaField\":\"Name\",\"usableColumn\":false,\"columnId\":26,\"isIncrement\":\"0\",\"increment\":false,\"insert\":true,\"isList\":\"1\",\"dictType\":\"\",\"required\":true,\"superColumn\":false,\"updateBy\":\"\",\"isInsert\":\"1\",\"isRequired\":\"1\",\"javaField\":\"name\",\"htmlType\":\"input\",\"edit\":true,\"query\":true,\"columnComment\":\"奖品名称\",\"isQuery\":\"1\",\"sort\":2,\"list\":true,\"params\":{},\"javaType\":\"String\",\"queryType\":\"LIKE\",\"columnType\":\"varchar(20)\",\"createBy\":\"admin\",\"isPk\":\"0\",\"createTime\":1642952330000,\"isEdit\":\"1\",\"tableId\":6,\"pk\":false,\"columnName\":\"name\"},{\"capJavaField\":\"Info\",\"usableColumn\":false,\"columnId\":27,\"isIncrement\":\"0\",\"increment\":false,\"insert\":true,\"isList\":\"1\",\"dictType\":\"\",\"required\":false,\"superColumn\":false,\"updateBy\":\"\",\"isInsert\":\"1\",\"javaField\":\"info\",\"htmlType\":\"input\",\"edit\":true,\"query\":true,\"columnComment\":\"奖品信息\",\"isQuery\":\"1\",\"sort\":3,\"list\":true,\"params\":{},\"javaType\":\"String\",\"queryType\":\"LIKE\",\"columnType\":\"varchar(40)\",\"createBy\":\"admin\",\"isPk\":\"0\",\"createTime\":1642952330000,\"isEdit\":\"1\",\"tableId\":6,\"pk\":false,\"columnName\":\"info\"},{\"capJavaField\":\"BackImg\",\"usableColumn\":false,\"columnId\":28,\"isIncrement\":\"0\",\"increment\":false,\"insert\":true,\"isList\":\"1\",\"dictType\":\"\",\"required\":false,\"superColumn\":false,\"updateBy\":\"\",\"isInsert\":\"1\",\"javaField\":\"backImg\",\"htmlType\":\"input\",\"edit\":true,\"query\":false,\"columnComment\":\"背景图片\",\"sort\":4,\"list\":true,\"params\":{},\"javaType\":\"String\",\"queryType\":\"EQ\",\"columnType\":\"varchar(255)\",\"createBy\":\"admin\",\"isPk\":\"0\",\"createTime\":1642952330000,\"isEdit\":\"1\",\"tab', '{\"msg\":\"操作成功\",\"code\":200}', 0, NULL, '2022-01-23 23:41:13');
INSERT INTO `sys_oper_log` VALUES (117, '代码生成', 8, 'com.ruoyi.generator.controller.GenController.batchGenCode()', 'GET', 1, 'admin', NULL, '/tool/gen/batchGenCode', '127.0.0.1', '内网IP', '{}', NULL, 0, NULL, '2022-01-23 23:41:19');
INSERT INTO `sys_oper_log` VALUES (118, '代码生成', 2, 'com.ruoyi.generator.controller.GenController.editSave()', 'PUT', 1, 'admin', NULL, '/tool/gen', '127.0.0.1', '内网IP', '{\"sub\":false,\"functionAuthor\":\"yj\",\"columns\":[{\"capJavaField\":\"Id\",\"usableColumn\":false,\"columnId\":25,\"isIncrement\":\"1\",\"increment\":true,\"insert\":false,\"dictType\":\"\",\"required\":false,\"superColumn\":false,\"updateBy\":\"\",\"javaField\":\"id\",\"htmlType\":\"input\",\"edit\":false,\"query\":false,\"columnComment\":\"id\",\"updateTime\":1642952473000,\"sort\":1,\"list\":false,\"params\":{},\"javaType\":\"Integer\",\"queryType\":\"EQ\",\"columnType\":\"int\",\"createBy\":\"admin\",\"isPk\":\"1\",\"createTime\":1642952330000,\"tableId\":6,\"pk\":true,\"columnName\":\"id\"},{\"capJavaField\":\"Name\",\"usableColumn\":false,\"columnId\":26,\"isIncrement\":\"0\",\"increment\":false,\"insert\":true,\"isList\":\"1\",\"dictType\":\"\",\"required\":true,\"superColumn\":false,\"updateBy\":\"\",\"isInsert\":\"1\",\"isRequired\":\"1\",\"javaField\":\"name\",\"htmlType\":\"input\",\"edit\":true,\"query\":true,\"columnComment\":\"奖品名称\",\"isQuery\":\"1\",\"updateTime\":1642952473000,\"sort\":2,\"list\":true,\"params\":{},\"javaType\":\"String\",\"queryType\":\"LIKE\",\"columnType\":\"varchar(20)\",\"createBy\":\"admin\",\"isPk\":\"0\",\"createTime\":1642952330000,\"isEdit\":\"1\",\"tableId\":6,\"pk\":false,\"columnName\":\"name\"},{\"capJavaField\":\"Info\",\"usableColumn\":false,\"columnId\":27,\"isIncrement\":\"0\",\"increment\":false,\"insert\":true,\"isList\":\"1\",\"dictType\":\"\",\"required\":false,\"superColumn\":false,\"updateBy\":\"\",\"isInsert\":\"1\",\"javaField\":\"info\",\"htmlType\":\"input\",\"edit\":true,\"query\":true,\"columnComment\":\"奖品信息\",\"isQuery\":\"1\",\"updateTime\":1642952473000,\"sort\":3,\"list\":true,\"params\":{},\"javaType\":\"String\",\"queryType\":\"LIKE\",\"columnType\":\"varchar(40)\",\"createBy\":\"admin\",\"isPk\":\"0\",\"createTime\":1642952330000,\"isEdit\":\"1\",\"tableId\":6,\"pk\":false,\"columnName\":\"info\"},{\"capJavaField\":\"BackImg\",\"usableColumn\":false,\"columnId\":28,\"isIncrement\":\"0\",\"increment\":false,\"insert\":true,\"isList\":\"1\",\"dictType\":\"\",\"required\":false,\"superColumn\":false,\"updateBy\":\"\",\"isInsert\":\"1\",\"javaField\":\"backImg\",\"htmlType\":\"input\",\"edit\":true,\"query\":false,\"columnComment\":\"背景图片\",\"updateTime\":1642952473000,\"sort\":4,\"list\":true,\"params\":{},\"javaType\":\"String\",\"queryType\"', '{\"msg\":\"操作成功\",\"code\":200}', 0, NULL, '2022-01-23 23:42:30');
INSERT INTO `sys_oper_log` VALUES (119, '代码生成', 8, 'com.ruoyi.generator.controller.GenController.batchGenCode()', 'GET', 1, 'admin', NULL, '/tool/gen/batchGenCode', '127.0.0.1', '内网IP', '{}', NULL, 0, NULL, '2022-01-23 23:43:13');
INSERT INTO `sys_oper_log` VALUES (120, '代码生成', 8, 'com.ruoyi.generator.controller.GenController.batchGenCode()', 'GET', 1, 'admin', NULL, '/tool/gen/batchGenCode', '127.0.0.1', '内网IP', '{}', NULL, 0, NULL, '2022-01-23 23:43:20');
INSERT INTO `sys_oper_log` VALUES (121, '代码生成', 8, 'com.ruoyi.generator.controller.GenController.batchGenCode()', 'GET', 1, 'admin', NULL, '/tool/gen/batchGenCode', '127.0.0.1', '内网IP', '{}', NULL, 0, NULL, '2022-01-23 23:43:27');
INSERT INTO `sys_oper_log` VALUES (122, '代码生成', 2, 'com.ruoyi.generator.controller.GenController.editSave()', 'PUT', 1, 'admin', NULL, '/tool/gen', '127.0.0.1', '内网IP', '{\"sub\":false,\"functionAuthor\":\"yj\",\"columns\":[{\"capJavaField\":\"Id\",\"usableColumn\":false,\"columnId\":6,\"isIncrement\":\"0\",\"increment\":false,\"insert\":false,\"dictType\":\"\",\"required\":false,\"superColumn\":false,\"updateBy\":\"\",\"javaField\":\"id\",\"htmlType\":\"input\",\"edit\":false,\"query\":false,\"columnComment\":\"id\",\"updateTime\":1642952151000,\"sort\":1,\"list\":false,\"params\":{},\"javaType\":\"Integer\",\"queryType\":\"EQ\",\"columnType\":\"int\",\"createBy\":\"admin\",\"isPk\":\"1\",\"createTime\":1642951338000,\"tableId\":2,\"pk\":true,\"columnName\":\"id\"},{\"capJavaField\":\"EmpId\",\"usableColumn\":false,\"columnId\":7,\"isIncrement\":\"0\",\"increment\":false,\"insert\":true,\"isList\":\"1\",\"dictType\":\"\",\"required\":true,\"superColumn\":false,\"updateBy\":\"\",\"isInsert\":\"1\",\"isRequired\":\"1\",\"javaField\":\"empId\",\"htmlType\":\"input\",\"edit\":true,\"query\":true,\"columnComment\":\"员工id\",\"isQuery\":\"1\",\"updateTime\":1642952151000,\"sort\":2,\"list\":true,\"params\":{},\"javaType\":\"Integer\",\"queryType\":\"EQ\",\"columnType\":\"int\",\"createBy\":\"admin\",\"isPk\":\"0\",\"createTime\":1642951338000,\"isEdit\":\"1\",\"tableId\":2,\"pk\":false,\"columnName\":\"emp_id\"},{\"capJavaField\":\"PrizeId\",\"usableColumn\":false,\"columnId\":8,\"isIncrement\":\"0\",\"increment\":false,\"insert\":true,\"isList\":\"1\",\"dictType\":\"\",\"required\":true,\"superColumn\":false,\"updateBy\":\"\",\"isInsert\":\"1\",\"isRequired\":\"1\",\"javaField\":\"prizeId\",\"htmlType\":\"input\",\"edit\":true,\"query\":true,\"columnComment\":\"奖品id\",\"isQuery\":\"1\",\"updateTime\":1642952151000,\"sort\":3,\"list\":true,\"params\":{},\"javaType\":\"Integer\",\"queryType\":\"EQ\",\"columnType\":\"int\",\"createBy\":\"admin\",\"isPk\":\"0\",\"createTime\":1642951338000,\"isEdit\":\"1\",\"tableId\":2,\"pk\":false,\"columnName\":\"prize_id\"}],\"businessName\":\"empprize\",\"moduleName\":\"cj\",\"className\":\"EmpPrize\",\"tableName\":\"cj_emp_prize\",\"crud\":true,\"options\":\"{\\\"parentMenuId\\\":\\\"2000\\\"}\",\"genType\":\"0\",\"packageName\":\"com.ruoyi.cj\",\"functionName\":\"员工中奖中间\",\"tree\":false,\"tableComment\":\"员工中奖中间表\",\"params\":{\"parentMenuId\":\"2000\"},\"tplCategory\":\"crud\",\"parentMenuId\":\"2000\",\"tableId\":2,\"genPath\":\"/\"}', '{\"msg\":\"操作成功\",\"code\":200}', 0, NULL, '2022-01-23 23:45:33');
INSERT INTO `sys_oper_log` VALUES (123, '代码生成', 8, 'com.ruoyi.generator.controller.GenController.batchGenCode()', 'GET', 1, 'admin', NULL, '/tool/gen/batchGenCode', '127.0.0.1', '内网IP', '{}', NULL, 0, NULL, '2022-01-23 23:45:39');
INSERT INTO `sys_oper_log` VALUES (124, '代码生成', 8, 'com.ruoyi.generator.controller.GenController.batchGenCode()', 'GET', 1, 'admin', NULL, '/tool/gen/batchGenCode', '127.0.0.1', '内网IP', '{}', NULL, 0, NULL, '2022-01-23 23:46:05');
INSERT INTO `sys_oper_log` VALUES (125, '员工', 1, 'com.ruoyi.cj.controller.EmpController.add()', 'POST', 1, 'admin', NULL, '/cj/emp', '127.0.0.1', '内网IP', '{\"phone\":\"13784847583\",\"name\":\"张三\",\"empNo\":\"001\",\"params\":{},\"weighting\":0}', '{\"msg\":\"操作成功\",\"code\":200}', 0, NULL, '2022-01-23 23:50:23');
INSERT INTO `sys_oper_log` VALUES (126, '员工', 5, 'com.ruoyi.cj.controller.EmpController.export()', 'POST', 1, 'admin', NULL, '/cj/emp/export', '127.0.0.1', '内网IP', '{\"params\":{}}', NULL, 0, NULL, '2022-01-23 23:50:42');
INSERT INTO `sys_oper_log` VALUES (127, '奖品', 1, 'com.ruoyi.cj.controller.PrizeController.add()', 'POST', 1, 'admin', NULL, '/cj/prize', '127.0.0.1', '内网IP', '{\"name\":\"一等奖\",\"id\":1,\"params\":{},\"stock\":3,\"info\":\"iPhone13 pro max\"}', '{\"msg\":\"操作成功\",\"code\":200}', 0, NULL, '2022-01-23 23:53:27');
INSERT INTO `sys_oper_log` VALUES (128, '用户头像', 2, 'com.ruoyi.web.controller.system.SysProfileController.avatar()', 'POST', 1, 'admin', NULL, '/system/user/profile/avatar', '127.0.0.1', '内网IP', '', '{\"msg\":\"操作成功\",\"imgUrl\":\"/profile/avatar/2022/01/23/d747d95e-cb51-437f-9c3a-5bd637e583d4.jpeg\",\"code\":200}', 0, NULL, '2022-01-23 23:57:44');
INSERT INTO `sys_oper_log` VALUES (129, '用户头像', 2, 'com.ruoyi.web.controller.system.SysProfileController.avatar()', 'POST', 1, 'admin', NULL, '/system/user/profile/avatar', '127.0.0.1', '内网IP', '', '{\"msg\":\"操作成功\",\"imgUrl\":\"/profile/avatar/2022/01/23/0a61857a-ee1e-444b-958f-b3739020e3d9.jpeg\",\"code\":200}', 0, NULL, '2022-01-23 23:58:17');
INSERT INTO `sys_oper_log` VALUES (130, '用户头像', 2, 'com.ruoyi.web.controller.system.SysProfileController.avatar()', 'POST', 1, 'admin', NULL, '/system/user/profile/avatar', '127.0.0.1', '内网IP', '', '{\"msg\":\"操作成功\",\"imgUrl\":\"/profile/avatar/2022/01/23/022cdf28-1499-4bba-afd4-d1f6be256984.jpeg\",\"code\":200}', 0, NULL, '2022-01-23 23:59:26');
INSERT INTO `sys_oper_log` VALUES (131, '奖品', 2, 'com.ruoyi.cj.controller.PrizeController.edit()', 'PUT', 1, 'admin', NULL, '/cj/prize', '127.0.0.1', '内网IP', '{\"backImg\":\"data:image/png;base64,iVBORw0KGgoAAAANSUhEUgAABSgAAAKvCAYAAABpgyFmAAAAAXNSR0IArs4c6QAAAARnQU1BAACxjwv8YQUAAAAJcEhZcwAAEnQAABJ0Ad5mH3gAAP+lSURBVHhe7P2Ff1TX+r+Nf/+E5/d6vs9Hz6lR3Cl13N1Jgru2tEAp7hISIhAIcSPEE4gRXOPu7u7JWDLxvH/3WiOZyUwgbamds+++rrNkr732nskAmevca6//k5iahcESn5xBpCMmIRVRcUkIj4rHy/AYPH0ZgYdPXyL4wRP4B4bC0ycAru5esHdyg2/QY0y+kq3mc+McHb64msv5kvjaWJdvrubp8K1JrhZTTPMGZOq13AF5V8wwz9dhujld3zwH0yxyMNciD0stijD/ajYmHXmND7f54T/WOOD/nWeC/5pxEf+cfgEfzDiPD2ZewIezLuKDWZfwz9mXcPzGQ+UV9MfzmHx8ONeY89G8qzp8SPM7BMQpR+sPx4B4fLTABB8tonnmX6ZzLuGU1duvG5lSgn/Ou4IhS8wwZPE1fLTwKj5YcJnP8fHiqzB3f432zi7laP0xZLEp59Ml19Scuf1EeVQ3quolynGmGLr0mg4P3mQrR+pGdFqpetxZugZr91HGiWL11GLEpZcgNq2Y+koQlV6KuKwK5Jc3o17UDpm8G9UNLcgoqEEMHR8o8krrkJhViZSCRmSUSZFV1YKcajlyq9t4mVXdikwiq4b6aqhPg2w6zrgbXY/dd0qw16MMe++WY497KXbdKcaeu6VEmZq9HuWc4FSx8ur6I71Sju+8ytV8712h5oBPOfJq25Qj9YdvYjN+pHEHvUtxyKdMi8O+5fjJr0LNEeKYfxWO+1XhZzp2JKASh+9V4KB/OV2rFAe8SnDIl42rxE9U32sbj7mH3DF+/TWMNjTGuPWmmLDBFGONrmDE6vMYveYixqy9gLGGlzBu3RWCxigZv/6qDhM2mGDiRjaHCZ9j5Bo6l0rW9/lWC3y90wpT9lhT3RKjDOhzvOYyRq0zwTh+njEmbbiEzzZexuebjDF5swnNeQVj11N9uyXm/OSKTeZPYHAlGMvP+nE2mj2m1xCJ7x1jsccmHEZXQ/HlbitM2mZB492w61YUTvoW4XJoLYwfNuDywzpcDKvGlUfVMH5cgyusThg/rNHL1Ue1HJNHdTAdgGuP67V5UqOF2dNavZgTlk/r9HL9Wb0WN57VEbVqrJ7XDcjNF7UDcutl3YBYv6ofEJvXA2P7pkGNHWH/WhuHN416cQxvUOMU0aiDc2QTx5GwoT+TDlHUH0Vjo+rgGl4D76gmROS1olTUieCEZrhF0zHCJboRrjTWLbpJL3dimjl3qe5BY/vjGdOkg0cs9cdRnfCKb+ao2qo+7wQRfAhvqnvEKcb4xDdSXwM8E5twN1EE/6R6ROY3oLmtC6/ypAhIonNonC/dvx8d14c/EZAk1su9ZEk/WJ9Izf0U8YAEJzchMJXGEIFUD0lp5H+X3U+TUp8UT9PqUdkoR1dPr/Jvor9+dHV3o6hWjtc5UoTltuJxrgjPcyR4kd1CZQue5VE9V4qX2TK8oDEvc2X0c2hRw9oqWPt1fite58nwms5R8YbaAxGe3zIgEQWteEPzRRXKUVjfge7uv8f72tsD9ND/dPZ2Q9rZi0J6fzPK5Egta0VKuUQB1VPL2pFW3kbI1aRXtHEyKtu1qaI++jeZkUl1FVmVfWQTOaxe1ar+t1mF6t/s3Np2Dvs3tKC2le6tBXl17cip6+BleVMbOrp66DXQ70S9nejt7QL77ejv84kWQgghhBBCCCGE+GuFICjfEfoE5QyLfEyzKsBMqyLMsSzGbJN8zhdnEjDs+4f473Wu+H9mG+N/Zl3Gx3NN8L+zr+Ifc03xjzkmBNWp/TymUHkF3WgQtajl5ICCcv41fLTADNlFdcqzdCM5uwofLzTFJ4uu4KP5dC/Ei9h85VHdkMk7MH', NULL, 1, '\r\n### Error updating database.  Cause: com.mysql.cj.jdbc.exceptions.MysqlDataTruncation: Data truncation: Data too long for column \'back_img\' at row 1\r\n### The error may exist in file [D:\\project\\RuoYi-Vue\\ruoyi-admin\\target\\classes\\mapper\\cj\\PrizeMapper.xml]\r\n### The error may involve com.ruoyi.cj.mapper.PrizeMapper.updatePrize-Inline\r\n### The error occurred while setting parameters\r\n### SQL: update cj_prize          SET name = ?,             info = ?,             back_img = ?,             stock = ?          where id = ?\r\n### Cause: com.mysql.cj.jdbc.exceptions.MysqlDataTruncation: Data truncation: Data too long for column \'back_img\' at row 1\n; Data truncation: Data too long for column \'back_img\' at row 1; nested exception is com.mysql.cj.jdbc.exceptions.MysqlDataTruncation: Data truncation: Data too long for column \'back_img\' at row 1', '2022-01-24 00:44:23');
INSERT INTO `sys_oper_log` VALUES (132, '奖品', 2, 'com.ruoyi.cj.controller.PrizeController.edit()', 'PUT', 1, 'admin', NULL, '/cj/prize', '127.0.0.1', '内网IP', '{\"backImg\":\"data:image/png;base64,iVBORw0KGgoAAAANSUhEUgAABSgAAAKvCAYAAABpgyFmAAAAAXNSR0IArs4c6QAAAARnQU1BAACxjwv8YQUAAAAJcEhZcwAAEnQAABJ0Ad5mH3gAAP+lSURBVHhe7P2Ff1TX+r+Nf/+E5/d6vs9Hz6lR3Cl13N1Jgru2tEAp7hISIhAIcSPEE4gRXOPu7u7JWDLxvH/3WiOZyUwgbamds+++rrNkr732nskAmevca6//k5iahcESn5xBpCMmIRVRcUkIj4rHy/AYPH0ZgYdPXyL4wRP4B4bC0ycAru5esHdyg2/QY0y+kq3mc+McHb64msv5kvjaWJdvrubp8K1JrhZTTPMGZOq13AF5V8wwz9dhujld3zwH0yxyMNciD0stijD/ajYmHXmND7f54T/WOOD/nWeC/5pxEf+cfgEfzDiPD2ZewIezLuKDWZfwz9mXcPzGQ+UV9MfzmHx8ONeY89G8qzp8SPM7BMQpR+sPx4B4fLTABB8tonnmX6ZzLuGU1duvG5lSgn/Ou4IhS8wwZPE1fLTwKj5YcJnP8fHiqzB3f432zi7laP0xZLEp59Ml19Scuf1EeVQ3quolynGmGLr0mg4P3mQrR+pGdFqpetxZugZr91HGiWL11GLEpZcgNq2Y+koQlV6KuKwK5Jc3o17UDpm8G9UNLcgoqEEMHR8o8krrkJhViZSCRmSUSZFV1YKcajlyq9t4mVXdikwiq4b6aqhPg2w6zrgbXY/dd0qw16MMe++WY497KXbdKcaeu6VEmZq9HuWc4FSx8ur6I71Sju+8ytV8712h5oBPOfJq25Qj9YdvYjN+pHEHvUtxyKdMi8O+5fjJr0LNEeKYfxWO+1XhZzp2JKASh+9V4KB/OV2rFAe8SnDIl42rxE9U32sbj7mH3DF+/TWMNjTGuPWmmLDBFGONrmDE6vMYveYixqy9gLGGlzBu3RWCxigZv/6qDhM2mGDiRjaHCZ9j5Bo6l0rW9/lWC3y90wpT9lhT3RKjDOhzvOYyRq0zwTh+njEmbbiEzzZexuebjDF5swnNeQVj11N9uyXm/OSKTeZPYHAlGMvP+nE2mj2m1xCJ7x1jsccmHEZXQ/HlbitM2mZB492w61YUTvoW4XJoLYwfNuDywzpcDKvGlUfVMH5cgyusThg/rNHL1Ue1HJNHdTAdgGuP67V5UqOF2dNavZgTlk/r9HL9Wb0WN57VEbVqrJ7XDcjNF7UDcutl3YBYv6ofEJvXA2P7pkGNHWH/WhuHN416cQxvUOMU0aiDc2QTx5GwoT+TDlHUH0Vjo+rgGl4D76gmROS1olTUieCEZrhF0zHCJboRrjTWLbpJL3dimjl3qe5BY/vjGdOkg0cs9cdRnfCKb+ao2qo+7wQRfAhvqnvEKcb4xDdSXwM8E5twN1EE/6R6ROY3oLmtC6/ypAhIonNonC/dvx8d14c/EZAk1su9ZEk/WJ9Izf0U8YAEJzchMJXGEIFUD0lp5H+X3U+TUp8UT9PqUdkoR1dPr/Jvor9+dHV3o6hWjtc5UoTltuJxrgjPcyR4kd1CZQue5VE9V4qX2TK8oDEvc2X0c2hRw9oqWPt1fite58nwms5R8YbaAxGe3zIgEQWteEPzRRXKUVjfge7uv8f72tsD9ND/dPZ2Q9rZi0J6fzPK5Egta0VKuUQB1VPL2pFW3kbI1aRXtHEyKtu1qaI++jeZkUl1FVmVfWQTOaxe1ar+t1mF6t/s3Np2Dvs3tKC2le6tBXl17cip6+BleVMbOrp66DXQ70S9nejt7QL77ejv84kWQgghhBBCCCGE+GuFICjfEfoE5QyLfEyzKsBMqyLMsSzGbJN8zhdnEjDs+4f473Wu+H9mG+N/Zl3Gx3NN8L+zr+Ifc03xjzkmBNWp/TymUHkF3WgQtajl5ICCcv41fLTADNlFdcqzdCM5uwofLzTFJ4uu4KP5dC/Ei9h85VHdkMk7MH', NULL, 1, '\r\n### Error updating database.  Cause: com.mysql.cj.jdbc.exceptions.MysqlDataTruncation: Data truncation: Data too long for column \'back_img\' at row 1\r\n### The error may exist in file [D:\\project\\RuoYi-Vue\\ruoyi-admin\\target\\classes\\mapper\\cj\\PrizeMapper.xml]\r\n### The error may involve com.ruoyi.cj.mapper.PrizeMapper.updatePrize-Inline\r\n### The error occurred while setting parameters\r\n### SQL: update cj_prize          SET name = ?,             info = ?,             back_img = ?,             stock = ?          where id = ?\r\n### Cause: com.mysql.cj.jdbc.exceptions.MysqlDataTruncation: Data truncation: Data too long for column \'back_img\' at row 1\n; Data truncation: Data too long for column \'back_img\' at row 1; nested exception is com.mysql.cj.jdbc.exceptions.MysqlDataTruncation: Data truncation: Data too long for column \'back_img\' at row 1', '2022-01-24 00:45:49');
INSERT INTO `sys_oper_log` VALUES (133, '奖品', 2, 'com.ruoyi.cj.controller.PrizeController.edit()', 'PUT', 1, 'admin', NULL, '/cj/prize', '127.0.0.1', '内网IP', '{\"backImg\":\"data:image/png;base64,iVBORw0KGgoAAAANSUhEUgAABSgAAAKvCAYAAABpgyFmAAAAAXNSR0IArs4c6QAAAARnQU1BAACxjwv8YQUAAAAJcEhZcwAAEnQAABJ0Ad5mH3gAAP+lSURBVHhe7P2Ff1TX+r+Nf/+E5/d6vs9Hz6lR3Cl13N1Jgru2tEAp7hISIhAIcSPEE4gRXOPu7u7JWDLxvH/3WiOZyUwgbamds+++rrNkr732nskAmevca6//k5iahcESn5xBpCMmIRVRcUkIj4rHy/AYPH0ZgYdPXyL4wRP4B4bC0ycAru5esHdyg2/QY0y+kq3mc+McHb64msv5kvjaWJdvrubp8K1JrhZTTPMGZOq13AF5V8wwz9dhujld3zwH0yxyMNciD0stijD/ajYmHXmND7f54T/WOOD/nWeC/5pxEf+cfgEfzDiPD2ZewIezLuKDWZfwz9mXcPzGQ+UV9MfzmHx8ONeY89G8qzp8SPM7BMQpR+sPx4B4fLTABB8tonnmX6ZzLuGU1duvG5lSgn/Ou4IhS8wwZPE1fLTwKj5YcJnP8fHiqzB3f432zi7laP0xZLEp59Ml19Scuf1EeVQ3quolynGmGLr0mg4P3mQrR+pGdFqpetxZugZr91HGiWL11GLEpZcgNq2Y+koQlV6KuKwK5Jc3o17UDpm8G9UNLcgoqEEMHR8o8krrkJhViZSCRmSUSZFV1YKcajlyq9t4mVXdikwiq4b6aqhPg2w6zrgbXY/dd0qw16MMe++WY497KXbdKcaeu6VEmZq9HuWc4FSx8ur6I71Sju+8ytV8712h5oBPOfJq25Qj9YdvYjN+pHEHvUtxyKdMi8O+5fjJr0LNEeKYfxWO+1XhZzp2JKASh+9V4KB/OV2rFAe8SnDIl42rxE9U32sbj7mH3DF+/TWMNjTGuPWmmLDBFGONrmDE6vMYveYixqy9gLGGlzBu3RWCxigZv/6qDhM2mGDiRjaHCZ9j5Bo6l0rW9/lWC3y90wpT9lhT3RKjDOhzvOYyRq0zwTh+njEmbbiEzzZexuebjDF5swnNeQVj11N9uyXm/OSKTeZPYHAlGMvP+nE2mj2m1xCJ7x1jsccmHEZXQ/HlbitM2mZB492w61YUTvoW4XJoLYwfNuDywzpcDKvGlUfVMH5cgyusThg/rNHL1Ue1HJNHdTAdgGuP67V5UqOF2dNavZgTlk/r9HL9Wb0WN57VEbVqrJ7XDcjNF7UDcutl3YBYv6ofEJvXA2P7pkGNHWH/WhuHN416cQxvUOMU0aiDc2QTx5GwoT+TDlHUH0Vjo+rgGl4D76gmROS1olTUieCEZrhF0zHCJboRrjTWLbpJL3dimjl3qe5BY/vjGdOkg0cs9cdRnfCKb+ao2qo+7wQRfAhvqnvEKcb4xDdSXwM8E5twN1EE/6R6ROY3oLmtC6/ypAhIonNonC/dvx8d14c/EZAk1su9ZEk/WJ9Izf0U8YAEJzchMJXGEIFUD0lp5H+X3U+TUp8UT9PqUdkoR1dPr/Jvor9+dHV3o6hWjtc5UoTltuJxrgjPcyR4kd1CZQue5VE9V4qX2TK8oDEvc2X0c2hRw9oqWPt1fite58nwms5R8YbaAxGe3zIgEQWteEPzRRXKUVjfge7uv8f72tsD9ND/dPZ2Q9rZi0J6fzPK5Egta0VKuUQB1VPL2pFW3kbI1aRXtHEyKtu1qaI++jeZkUl1FVmVfWQTOaxe1ar+t1mF6t/s3Np2Dvs3tKC2le6tBXl17cip6+BleVMbOrp66DXQ70S9nejt7QL77ejv84kWQgghhBBCCCGE+GuFICjfEfoE5QyLfEyzKsBMqyLMsSzGbJN8zhdnEjDs+4f473Wu+H9mG+N/Zl3Gx3NN8L+zr+Ifc03xjzkmBNWp/TymUHkF3WgQtajl5ICCcv41fLTADNlFdcqzdCM5uwofLzTFJ4uu4KP5dC/Ei9h85VHdkMk7MH', NULL, 1, '\r\n### Error updating database.  Cause: com.mysql.cj.jdbc.exceptions.MysqlDataTruncation: Data truncation: Data too long for column \'back_img\' at row 1\r\n### The error may exist in file [D:\\project\\RuoYi-Vue\\ruoyi-admin\\target\\classes\\mapper\\cj\\PrizeMapper.xml]\r\n### The error may involve com.ruoyi.cj.mapper.PrizeMapper.updatePrize-Inline\r\n### The error occurred while setting parameters\r\n### SQL: update cj_prize          SET name = ?,             info = ?,             back_img = ?,             stock = ?          where id = ?\r\n### Cause: com.mysql.cj.jdbc.exceptions.MysqlDataTruncation: Data truncation: Data too long for column \'back_img\' at row 1\n; Data truncation: Data too long for column \'back_img\' at row 1; nested exception is com.mysql.cj.jdbc.exceptions.MysqlDataTruncation: Data truncation: Data too long for column \'back_img\' at row 1', '2022-01-24 00:47:28');
INSERT INTO `sys_oper_log` VALUES (134, '奖品', 2, 'com.ruoyi.cj.controller.PrizeController.edit()', 'PUT', 1, 'admin', NULL, '/cj/prize', '127.0.0.1', '内网IP', '{\"backImg\":\"data:image/jpeg;base64,iVBORw0KGgoAAAANSUhEUgAAAY8AAAElCAYAAAAcHW5vAAAAAXNSR0IArs4c6QAAAARnQU1BAACxjwv8YQUAAAAJcEhZcwAADsMAAA7DAcdvqGQAAFQESURBVHhe7d1drCTpedj3PmdmSZEMkFwkd4mlSzkXcgD5agFLQIAgBpwEkHJjQJJvFGwAI4ks60piYFsSSYncr9mvmdnZnZ3ZmdmlKJkWoAALOVEMA5ZjCRDiQBAhJ6sPShb4IX7uktrv3crzVPfb/dRT/3qr3nqrqqvPvAR+OOdUVVd3nzn7/Fld/bE5u/vdag7nPc7ufGfVNre/G3X24l9F0WVSnM1sc0vu44qdv5Bn87z8O96Uv7Wbb1aXbr1RXXrhLVku/zbPv1Gv0+X6c9fXTR/Z957sr7b7ub5euZ7z596qLt+Q6zVfg82zb1RnN96shWWXnn+7unzzHbmt71Rnt96R63l766Zsr/R7WX52+93q0ovvVefi8p33q8t3P6g9cK+qPvRSVX34pQ+qj332g+qjL79bfc+9d6sP3Xmzunxb75f8Tp5Tr8n1q2/tv55df606M1+36w7qdeL8etPZtW/Wzq9uXbr2rdrZ1W8PtrnW/Npl84zcloHOemye/ub0nvrG3tmT89g88fVBzq5Ma/P419po8J+CjQ74CApCFghEkwwCYx8Bt50NRAwN/CQyMD0cgl1goC/Jx2A8CcKIr2c3X88gv3+Jh9KI2K9T2NyU/UnkNi9IEOTr2S2Jz+23a5delPiIB156X7yLXy/f0zDp5eXfWfZVR+85+f651yUU8vu/IUG5LsNQw3FDBrfEpg6OfF8vvyZDTOn3gqJyfu21hjpKhoZi77r7KigeMfXlrsrtDTQQOSgOCc6faqMYdBkaofMn5CsM+6mVeORwEWhbdzxacegDA31J20F+PByFBDD0U9RHLqCxjR4lCT2qsgFRZy/KUYo4u/OOHOnLkco9OUrRgLz8QfWhz8oRinzdhkSOYGQbvXwdkufl3/45+RvUgGg8nHMJiApHIlaIiYaF4hHC0DJFPGw4SjwmV+KRw0WgrcRjSjTQl4RBSOEGfSoKh2ptZwJiI7K5JX+D6rYsk4hckoBoKLZHIO9XH/lcVX3Pr4iXtw9zPXD3vfqIJcRHH+rTozB9mKt+aEsHu369IUcnqn64q30kEX6uo0FDfjecG8t2sRgTjaAx+HX/A/nL7UEQUpR4rBgFw8IA5HARaCvxmBIN9CnhwJ8SDPoUFA5F26oQke3DUfI3qEcSGo6OryEkH7q3pQGxPvry+/X5kg9LeC6/oNctf1MaEhsPe6SgwXj29dqlG/L7lYHu42GHs10+Bbvvev8D+cvtQRBSlHisGAXDwgDkcBFoK/GYEg38KeHAnxIM+BQUDkXbWvZIpD4K2QVF1+nDUvVXfWhqF5j6KEPPkciRR4iIHo189KWDj9yTZXclMi/K0cst2V73Ha5Tz5XckL9ZVZ8v+a4ERP7+YMArDcoQ4UT8UJurMmwNDcOlp7v1RgSCkKLEY8UoGBYGIIeLQFuJx5Ro4C8Jg5AiDNeRKByKtiXbE+DyN+eWh7jU2+g5jl1EQkj2Mbn9Th0LjYYG5GO7oISQqA/fkeDIdpclJnrb9gG5Lvf/uvwOw8NXHsTCo0DENMPxDQyGVeKRpsQjh4tA27TxyOVjQgN6zWigLwmDkMIM7KPQcOzY+Fwy8QghUeHhroPt04TPd08LfuDuB3JkoudHtudJtiGR7+/KsjsfSGzekyOSd2S/25CE6750Q65fj0TqmMi/7TX53Vztkx4PDYalgbj8VNvgiEAQsu2CkIKCYZV4jEDBsDAAOVwE2ko8pkQDfUkYhCTye9chOpMw9GmdeuD5N2s2HDYodtt6P7ujj3AEQq8x0ZDo60o0JBoNpQEJEQkhUeH2heu1RyUbOfrQiJDRAXHxoHCoEo9xLlQ8+tALEy0MRIyLQ', '{\"msg\":\"操作成功\",\"code\":200}', 0, NULL, '2022-01-24 00:49:20');
INSERT INTO `sys_oper_log` VALUES (135, '奖品', 2, 'com.ruoyi.cj.controller.PrizeController.edit()', 'PUT', 1, 'admin', NULL, '/cj/prize', '127.0.0.1', '内网IP', '{\"backImg\":\"data:image/jpeg;base64,iVBORw0KGgoAAAANSUhEUgAAAY8AAAElCAYAAAAcHW5vAAAAAXNSR0IArs4c6QAAAARnQU1BAACxjwv8YQUAAAAJcEhZcwAADsMAAA7DAcdvqGQAAFQESURBVHhe7d1drCTpedj3PmdmSZEMkFwkd4mlSzkXcgD5agFLQIAgBpwEkHJjQJJvFGwAI4ks60piYFsSSYncr9mvmdnZnZ3ZmdmlKJkWoAALOVEMA5ZjCRDiQBAhJ6sPShb4IX7uktrv3crzVPfb/dRT/3qr3nqrqqvPvAR+OOdUVVd3nzn7/Fld/bE5u/vdag7nPc7ufGfVNre/G3X24l9F0WVSnM1sc0vu44qdv5Bn87z8O96Uv7Wbb1aXbr1RXXrhLVku/zbPv1Gv0+X6c9fXTR/Z957sr7b7ub5euZ7z596qLt+Q6zVfg82zb1RnN96shWWXnn+7unzzHbmt71Rnt96R63l766Zsr/R7WX52+93q0ovvVefi8p33q8t3P6g9cK+qPvRSVX34pQ+qj332g+qjL79bfc+9d6sP3Xmzunxb75f8Tp5Tr8n1q2/tv55df606M1+36w7qdeL8etPZtW/Wzq9uXbr2rdrZ1W8PtrnW/Npl84zcloHOemye/ub0nvrG3tmT89g88fVBzq5Ma/P419po8J+CjQ74CApCFghEkwwCYx8Bt50NRAwN/CQyMD0cgl1goC/Jx2A8CcKIr2c3X88gv3+Jh9KI2K9T2NyU/UnkNi9IEOTr2S2Jz+23a5delPiIB156X7yLXy/f0zDp5eXfWfZVR+85+f651yUU8vu/IUG5LsNQw3FDBrfEpg6OfF8vvyZDTOn3gqJyfu21hjpKhoZi77r7KigeMfXlrsrtDTQQOSgOCc6faqMYdBkaofMn5CsM+6mVeORwEWhbdzxacegDA31J20F+PByFBDD0U9RHLqCxjR4lCT2qsgFRZy/KUYo4u/OOHOnLkco9OUrRgLz8QfWhz8oRinzdhkSOYGQbvXwdkufl3/45+RvUgGg8nHMJiApHIlaIiYaF4hHC0DJFPGw4SjwmV+KRw0WgrcRjSjTQl4RBSOEGfSoKh2ptZwJiI7K5JX+D6rYsk4hckoBoKLZHIO9XH/lcVX3Pr4iXtw9zPXD3vfqIJcRHH+rTozB9mKt+aEsHu369IUcnqn64q30kEX6uo0FDfjecG8t2sRgTjaAx+HX/A/nL7UEQUpR4rBgFw8IA5HARaCvxmBIN9CnhwJ8SDPoUFA5F26oQke3DUfI3qEcSGo6OryEkH7q3pQGxPvry+/X5kg9LeC6/oNctf1MaEhsPe6SgwXj29dqlG/L7lYHu42GHs10+Bbvvev8D+cvtQRBSlHisGAXDwgDkcBFoK/GYEg38KeHAnxIM+BQUDkXbWvZIpD4K2QVF1+nDUvVXfWhqF5j6KEPPkciRR4iIHo189KWDj9yTZXclMi/K0cst2V73Ha5Tz5XckL9ZVZ8v+a4ERP7+YMArDcoQ4UT8UJurMmwNDcOlp7v1RgSCkKLEY8UoGBYGIIeLQFuJx5Ro4C8Jg5AiDNeRKByKtiXbE+DyN+eWh7jU2+g5jl1EQkj2Mbn9Th0LjYYG5GO7oISQqA/fkeDIdpclJnrb9gG5Lvf/uvwOw8NXHsTCo0DENMPxDQyGVeKRpsQjh4tA27TxyOVjQgN6zWigLwmDkMIM7KPQcOzY+Fwy8QghUeHhroPt04TPd08LfuDuB3JkoudHtudJtiGR7+/KsjsfSGzekyOSd2S/25CE6750Q65fj0TqmMi/7TX53Vztkx4PDYalgbj8VNvgiEAQsu2CkIKCYZV4jEDBsDAAOVwE2ko8pkQDfUkYhCTye9chOpMw9GmdeuD5N2s2HDYodtt6P7ujj3AEQq8x0ZDo60o0JBoNpQEJEQkhUeH2heu1RyUbOfrQiJDRAXHxoHCoEo9xLlQ8+tALEy0MRIyLQ', '{\"msg\":\"操作成功\",\"code\":200}', 0, NULL, '2022-01-24 00:57:30');
INSERT INTO `sys_oper_log` VALUES (136, '奖品', 1, 'com.ruoyi.cj.controller.PrizeController.add()', 'POST', 1, 'admin', NULL, '/cj/prize', '127.0.0.1', '内网IP', '{\"backImg\":\"data:image/jpeg;base64,iVBORw0KGgoAAAANSUhEUgAAAY8AAAElCAYAAAAcHW5vAAAAAXNSR0IArs4c6QAAAARnQU1BAACxjwv8YQUAAAAJcEhZcwAADsMAAA7DAcdvqGQAAFQESURBVHhe7d1drCTpedj3PmdmSZEMkFwkd4mlSzkXcgD5agFLQIAgBpwEkHJjQJJvFGwAI4ks60piYFsSSYncr9mvmdnZnZ3ZmdmlKJkWoAALOVEMA5ZjCRDiQBAhJ6sPShb4IX7uktrv3crzVPfb/dRT/3qr3nqrqqvPvAR+OOdUVVd3nzn7/Fld/bE5u/vdag7nPc7ufGfVNre/G3X24l9F0WVSnM1sc0vu44qdv5Bn87z8O96Uv7Wbb1aXbr1RXXrhLVku/zbPv1Gv0+X6c9fXTR/Z957sr7b7ub5euZ7z596qLt+Q6zVfg82zb1RnN96shWWXnn+7unzzHbmt71Rnt96R63l766Zsr/R7WX52+93q0ovvVefi8p33q8t3P6g9cK+qPvRSVX34pQ+qj332g+qjL79bfc+9d6sP3Xmzunxb75f8Tp5Tr8n1q2/tv55df606M1+36w7qdeL8etPZtW/Wzq9uXbr2rdrZ1W8PtrnW/Npl84zcloHOemye/ub0nvrG3tmT89g88fVBzq5Ma/P419po8J+CjQ74CApCFghEkwwCYx8Bt50NRAwN/CQyMD0cgl1goC/Jx2A8CcKIr2c3X88gv3+Jh9KI2K9T2NyU/UnkNi9IEOTr2S2Jz+23a5delPiIB156X7yLXy/f0zDp5eXfWfZVR+85+f651yUU8vu/IUG5LsNQw3FDBrfEpg6OfF8vvyZDTOn3gqJyfu21hjpKhoZi77r7KigeMfXlrsrtDTQQOSgOCc6faqMYdBkaofMn5CsM+6mVeORwEWhbdzxacegDA31J20F+PByFBDD0U9RHLqCxjR4lCT2qsgFRZy/KUYo4u/OOHOnLkco9OUrRgLz8QfWhz8oRinzdhkSOYGQbvXwdkufl3/45+RvUgGg8nHMJiApHIlaIiYaF4hHC0DJFPGw4SjwmV+KRw0WgrcRjSjTQl4RBSOEGfSoKh2ptZwJiI7K5JX+D6rYsk4hckoBoKLZHIO9XH/lcVX3Pr4iXtw9zPXD3vfqIJcRHH+rTozB9mKt+aEsHu369IUcnqn64q30kEX6uo0FDfjecG8t2sRgTjaAx+HX/A/nL7UEQUpR4rBgFw8IA5HARaCvxmBIN9CnhwJ8SDPoUFA5F26oQke3DUfI3qEcSGo6OryEkH7q3pQGxPvry+/X5kg9LeC6/oNctf1MaEhsPe6SgwXj29dqlG/L7lYHu42GHs10+Bbvvev8D+cvtQRBSlHisGAXDwgDkcBFoK/GYEg38KeHAnxIM+BQUDkXbWvZIpD4K2QVF1+nDUvVXfWhqF5j6KEPPkciRR4iIHo189KWDj9yTZXclMi/K0cst2V73Ha5Tz5XckL9ZVZ8v+a4ERP7+YMArDcoQ4UT8UJurMmwNDcOlp7v1RgSCkKLEY8UoGBYGIIeLQFuJx5Ro4C8Jg5AiDNeRKByKtiXbE+DyN+eWh7jU2+g5jl1EQkj2Mbn9Th0LjYYG5GO7oISQqA/fkeDIdpclJnrb9gG5Lvf/uvwOw8NXHsTCo0DENMPxDQyGVeKRpsQjh4tA27TxyOVjQgN6zWigLwmDkMIM7KPQcOzY+Fwy8QghUeHhroPt04TPd08LfuDuB3JkoudHtudJtiGR7+/KsjsfSGzekyOSd2S/25CE6750Q65fj0TqmMi/7TX53Vztkx4PDYalgbj8VNvgiEAQsu2CkIKCYZV4jEDBsDAAOVwE2ko8pkQDfUkYhCTye9chOpMw9GmdeuD5N2s2HDYodtt6P7ujj3AEQq8x0ZDo60o0JBoNpQEJEQkhUeH2heu1RyUbOfrQiJDRAXHxoHCoEo9xLlQ8+tALEy0MRIyLQ', '{\"msg\":\"操作成功\",\"code\":200}', 0, NULL, '2022-01-24 13:29:56');
INSERT INTO `sys_oper_log` VALUES (137, '奖品', 1, 'com.ruoyi.cj.controller.PrizeController.add()', 'POST', 1, 'admin', NULL, '/cj/prize', '127.0.0.1', '内网IP', '{\"backImg\":\"data:image/jpeg;base64,iVBORw0KGgoAAAANSUhEUgAAAF0AAAB4CAYAAACQEP5GAAAAAXNSR0IArs4c6QAAAARnQU1BAACxjwv8YQUAAAAJcEhZcwAADsMAAA7DAcdvqGQAAA+QSURBVHhe7Zt5kBTVHcd7zX8xf2ilSKXUKgkaEqOJpIwmbkWJsYxGEI0Gr6gIkklECV6AF4qIhiArw33JJbBcu9zMurCw3K6Icsi5swd7scAWyKUcu/DN7/e6e6en9zfb072zs1c39amZef369Xuf9+tfv54dNG3eeSSF+WfjZ8G5CNJ+K9a6zRGpz6KgRCKd1A3SQFoQKQvP18GX3hSIohKBJFDxvQ2pjgWp0y0dUVgikAQq2ph0aUyiMFdUG9jK65zMLtvEXs+GNJCWhDSmOrJc40t3TR1ZrvEq/Yzxaq9nQ+p0S6eOLNf40uujkZaMpvQY8ms7wAIlojvZJqgjyTW+dNfUkeQaX7pr6khyjS/dNXUkJYqYN0KrcGl/G0AUlgh86bERhSUCX3psRGGJwJceG13QhQi10myfY2E91op0Mh+dOuLsMs3PsbAea0U6mY9OHXF2mebnWEiN+tSPEudLTy5KnC89uShxvvTkosQ1hXSzfWlfa0eJMwVYJds/x0JqNB7M9qV9rR2x0KdRiPwRQ9jp0zhEpJuP67EQDvbxhi+9CfClNwG+9CYgIl3Y6dM4+NKbgGYjvbYjwr5kpzezL27QvCCdPJmojgvlCl9646A6LpQrfOmNg+q4UN4Uqye70HgQpTohndwt7Qctwg2vTEsov3hpKn7wRFrCuOxfM8W+W5GkOiFKdUI6uVuUpNfT0fGNeQnjx31JUs9JCSHl2QlKvNR3K5JUJ0SpTkgndwtLZ1HZVfDOUeCzIzohYn45MI9ILyNKgdkGs4iZJcRBYDoxjZhaTBQBUwqBycQkYiIxoQAYH4YS36qlTyEhriFxk4mJxARiBMkash8YvA94dy8wiHh7D/AW8cZu4PVvgAG7gNeIV3cCr+wAXtoO9CP6fg28SPT5Cnh+my9dxiZ8HEXt0AP1C781vQI/n1Ick+uJ386uwL+/BMbmR6QnTFpDkSS6xUn6zNJLyKu6gCOnvsOZM2dq4c9fVZ3H7LJLtcLTKMqdIpzFLiu/iNWHKS1VUkoyyCJCRGbpRSU+sBUY0xalZ1XW4Pjp7xA+fAKjt1Sg97KDSviFXU/i3ME0fPdtvtqfXVmNcZSX36e0Yhf+uxmHcf2YMsV1RIeJRUq4PYdjsKYIHYKS3rstSmfhLHjejsP447QD+P20fNw5q0CV1eR2RM0mYtstOFsxV5UtLa8WI5xlv/z1xdoczpG+hKLZHuEsm1lYokc6Sx9FqarNSOeUwhHMwm+euA+3T8/Hn+cU4f4FeqTXZJHw1cQ6YktHnC2fi6qTpzHiwMU6KYWlW2+at8yJzuks2E4nyum9vgCCbUk65/B8Sim3f7Iff6AIvzu9CA9klKD7snJd+lKSvYL4jFjTEdUbbsDp42VYW3GuTg7nlOK0SuGbJudwjm6GhT+bB4ykdNVmpPNNcuSmctwyZT86U0rpsrAEjy2vwLOrDuvSM0n2YmIZsZKkL/khvt8zDGXHz0QJ5whn6VbhZqRLEa6YXIybZ1Wgx+fAx3RTbjPSWWyPRUUqrdwztxgPLylDD1pq9FlfpfZdWPMkLqwlcpnuOJ99B85u7YNTp05FCecI70DSrRHOwnmFYubwFRUR6ELC/OKLuI7EP72FVkNtTXqvJcW4Y2ZY5XGO8t45R/Dy5uNqn5XTp08r2SZW4X23XUSH0WVRKYWjmWVrb+QqeIXC8E2Tc/hSEs/Sn7JJFwU0NqYn4/OtA6c1rvTnlhar1NKVUsvjFIb/XHMUL20+hgF5J9Bv0zE8R5PwCIXmrz4J4+pRe3DvrANKOqcTtTRkSHinqYejcjhLz6QVij3CGRY+14j0f5D0j5qZ9AVvvtu4OX3Yh', '{\"msg\":\"操作成功\",\"code\":200}', 0, NULL, '2022-01-24 13:31:32');
INSERT INTO `sys_oper_log` VALUES (138, '奖品', 2, 'com.ruoyi.cj.controller.PrizeController.edit()', 'PUT', 1, 'admin', NULL, '/cj/prize', '127.0.0.1', '内网IP', '{\"backImg\":\"data:image/jpeg;base64,iVBORw0KGgoAAAANSUhEUgAAAD4AAABHCAYAAABf7PRNAAAAAXNSR0IArs4c6QAAAARnQU1BAACxjwv8YQUAAAAJcEhZcwAADsMAAA7DAcdvqGQAAAxSSURBVHhe7Zl7cFTVHcc3Y6fT0jrVTp3pY6ZaW3zQIlZBcJUEeSeEgICCLdJaaAZUQCR9oKAoBKIiLhJECsEXAWPCW5YkkJCERxIIz4QoXMmDhwYipvjA9q9vf9+ze5aT5ewmMQksY6/zmb353XPPns/v/M65d9HlWnEeYUn/ukV0XH0OgzbV44fvfmW9HjFYZU1sN4VhxvPJWLVmAw4eqUbK9trITYI12Ap6x8Zj6JyVeGB8Ep6b80LkJsEabAW9YwcjNheI2wIMW30KI1JW4cEJEZgEa7AV9BHxeJFOyAOGCEP5uRUYvuYUhksSHhg/FTOTIyAJ1mAr6BM3WMkOywce2OZjuJzfL7EESQCTMiTrJIbMTsewxCl4Njnl8iTBGmwFfeMSlOiDIjyqwIeWZ0IoP0jkuRz658hnxgnEPfc2hoydjGdmz710SbAGWwFnfIRIjhTZh0SaMAmMDWPZC4NFnHvAQJHvJ/J9soFem+Vz5XH0m/Em4h+ZiBmz5rRvEqzBVqDF9YyPNMT1rA82Zn2AiPcV8d5CjMj39ALu94Hod2rQ66k0xI55DNPb4xFpDbYCbm4UZHlTmDMfmHG/uFrrgpp1Edezfp+IR4v4vZtEXuixEegmdH+zGu6//wv9R0/A08/NbpskWIOtgI8zLW5iinOX1+J6ratZF3GWPGf9HhG/W2a+u4h33QDcsR64fZ2wrAqdJy1CzIPj8NSzs1QSKj6qxZzCKut4QmINtoLeA+OVIOVHaGktLtJavFG5G2udsx6jZ13Eewh3ifwdIn/TauCGTB+/Ejq+5qDzxFTcP2o03slabx1PSKzBVnCfiPPRRXm9rgn/Nmec4ny0meKcdSXuL3nOOsV/txb4dRZwo8jeKJ88J7/xExniAwYFxPXMa3HG9RrX4np3V+UucJNjuXPW75RZ7hgkyb87yswTVgCJCPFeIk45SqoEGDA+VITVjIuwEhdpiqvd3V/unOVb1lyQ1II3G9xCpM2tQmSI949TYqa8Rpd5oxk3xLmp3SYbmCmpBbUk6WTwW1kGESEe0z9WiWn5RvjjSlykublRnOubu3awoClJQQ3XPOnsJyLEo/sZ4kFo6QR/mXNjY1k3V7CzVAMrgnQxiBDxgWo2tbwJhckgEebjijKmoCmpBU1J9Rzn81z4vR9WSkSI9+w7UM2mktdQ2g8fVxx4k4IkSFBzJ5Edny82JCLE7+7VFwOeXoqEjBq1gREK83HFQZuC5ixqQVNSC5qS3Qz4YkMuj3jQv811WHAYv3zUgy5xDyFm+J/Qb9oS9EhzQpZpQFJEmhLk66uG7/GEr7XhxKNW/sdKm4ub8Q6eCpWEzrEj0W3QKHSdnIo7lzqNBE1JLWhKakFugpQkfJXV3CNEnLgZ15Wgk9DtiVTctcy5eBZFRAuakhTkKyzhxkh6+olocZPgJHSXJNy93Lkg6JcMFiR8hyd8pdVExBpvMh6EmYS7JAk9pqTiXklCtEWylwGfDoQ/Za9IcXLHugZFlyX70WfKXAxIGKaS4JYkRL/hBAQ1ffzw1xy5Ykr9Z+99gZHZp/FWyTHsOvBBI4r3HkLJ7r3IWrsRYx+bjF7yM7e7JOGeJ1Nx31sO+omopj+Rx2TYGV8lkjasjVtCC8T/UnjOKmtyoNLBoYoPsGfvASxNz8SszHyMeKsEnSbOV8uhe/wo9Jyair5vO+qfrWIvm7hwdcZ5dNt4TvGLzC+tbcgri17Hrj378WH1Sas02VN+BJVONY7VnMC7G7KRvm4zdu47jB37KjG7oAr3L9+FTo/7ktBDkhAtSdDijUpZf69NmpgDawmUHZrzGVLLPkHViTp8fOYzODWncNipweqDJ', '{\"msg\":\"操作成功\",\"code\":200}', 0, NULL, '2022-01-24 13:31:38');
INSERT INTO `sys_oper_log` VALUES (139, '奖品', 2, 'com.ruoyi.cj.controller.PrizeController.edit()', 'PUT', 1, 'admin', NULL, '/cj/prize', '127.0.0.1', '内网IP', '{\"backImg\":\"data:image/jpeg;base64,/9j/4AAQSkZJRgABAQAAAQABAAD/2wBDAAIBAQEBAQIBAQECAgICAgQDAgICAgUEBAMEBgUGBgYFBgYGBwkIBgcJBwYGCAsICQoKCgoKBggLDAsKDAkKCgr/2wBDAQICAgICAgUDAwUKBwYHCgoKCgoKCgoKCgoKCgoKCgoKCgoKCgoKCgoKCgoKCgoKCgoKCgoKCgoKCgoKCgoKCgr/wAARCAC+AUwDASIAAhEBAxEB/8QAHwAAAQUBAQEBAQEAAAAAAAAAAAECAwQFBgcICQoL/8QAtRAAAgEDAwIEAwUFBAQAAAF9AQIDAAQRBRIhMUEGE1FhByJxFDKBkaEII0KxwRVS0fAkM2JyggkKFhcYGRolJicoKSo0NTY3ODk6Q0RFRkdISUpTVFVWV1hZWmNkZWZnaGlqc3R1dnd4eXqDhIWGh4iJipKTlJWWl5iZmqKjpKWmp6ipqrKztLW2t7i5usLDxMXGx8jJytLT1NXW19jZ2uHi4+Tl5ufo6erx8vP09fb3+Pn6/8QAHwEAAwEBAQEBAQEBAQAAAAAAAAECAwQFBgcICQoL/8QAtREAAgECBAQDBAcFBAQAAQJ3AAECAxEEBSExBhJBUQdhcRMiMoEIFEKRobHBCSMzUvAVYnLRChYkNOEl8RcYGRomJygpKjU2Nzg5OkNERUZHSElKU1RVVldYWVpjZGVmZ2hpanN0dXZ3eHl6goOEhYaHiImKkpOUlZaXmJmaoqOkpaanqKmqsrO0tba3uLm6wsPExcbHyMnK0tPU1dbX2Nna4uPk5ebn6Onq8vP09fb3+Pn6/9oADAMBAAIRAxEAPwD9/KKQyIBndRvX1oAWoppggLdcdqJJ1AOTVaebYcucKenvSbUdxXOY+IHx6+Ffwv1Sx0nxz4zstMl1HP2RryXYrkds1teFPH3grxtaLc+GfFunaoj8q1ncK/H4Gvjz9r7/AIJ6/Gv4p+Nrn4k/D34vwX3mSF4NB10tFDEP7m9d25fQbRj1rrv2A/2PvFvwSFz4/wDinbQ23iO5gNoNOsZ90Flb795CkEgszYJPoMcVv7On7JT5t/L/AIJ6VPB4aphnVVXVdLde2/4n1eFUDAUY9hUTXtovDyAfWsOz8c+HdV1G58N2V+PtVuPmBr4x/bZu/jT+0f8AEXxt+yn8M/Ek3h7WNPsNO1LQCd4jvLczbbmR5FACKgx3OTgcZryv7Rw9Sg6tCSmk2tH1W6LyvLP7RxXsqlRU47uT2Sulfptc+4dP8ReH9VP/ABKvENrc+1vdI/8AI1U1Lxz4W0nUP7N1LV4Le4I43+lfK3wC/Yh+M3w1vPBXjnW/i9BLq+hB08Q3MNoc6xbNGQIZSXGSrYcPg8qOOao/tH/sv/tQfGK9l0uDWbBLWd42hvxf+WtuBKpJkUZZgU3KAM8mt8PiFiI3tY58bhqGGq8lKpzrva36s+wtP1nS9aQNY3cFyvrG4J/KrZwoGBgdhXkf7JX7M0P7NXgt9GfxddazdXmyS9uZ8qnmhdpKLk7Qe/rXqGqakumWT6nqA2wwctjrXQcZcoqj4c8TaH4v0iDxB4c1GK7srqJZbW6gbKSxsMqwPuOavlSBkigB9FJvX1oLKvU0ALRQCCMiigAooooAKKKKACiiigAooooAKKKKACjpRSFlIxmgADAnApcgdTTUAHOapatqH2aPeD8uOtAF8jPBpNi1n6dqouEB9OtaCPu6jFAC0UUUAFFFFABRRRQAUUUUAcfpmr6p42+HYvgx027u7Unn/ljJXF/Avwt8V/gp8K5tH+MXxaPifUjezy/21eRmNY4mkLIjMeyggfhXqGkyaffQC906UyoccZwPyrgP2mLfxPffDO80Pw3ohv7nUUMGwdgf/wBVa0qaq1FBu1zy8TmGJynI5zaVSUI3emsmuy1tf5lDTf2h9Au/Ftt4N0/UIdTu3VWupLKbdFArZ2/Nj5s4Ndn4g', '{\"msg\":\"操作成功\",\"code\":200}', 0, NULL, '2022-01-24 15:11:07');
INSERT INTO `sys_oper_log` VALUES (140, '奖品', 1, 'com.ruoyi.cj.controller.PrizeController.add()', 'POST', 1, 'admin', NULL, '/cj/prize', '127.0.0.1', '内网IP', '{\"backImg\":\"data:image/jpeg;base64,/9j/4AAQSkZJRgABAQAAAQABAAD/2wBDAAIBAQEBAQIBAQECAgICAgQDAgICAgUEBAMEBgUGBgYFBgYGBwkIBgcJBwYGCAsICQoKCgoKBggLDAsKDAkKCgr/2wBDAQICAgICAgUDAwUKBwYHCgoKCgoKCgoKCgoKCgoKCgoKCgoKCgoKCgoKCgoKCgoKCgoKCgoKCgoKCgoKCgoKCgr/wAARCAC+AUwDASIAAhEBAxEB/8QAHwAAAQUBAQEBAQEAAAAAAAAAAAECAwQFBgcICQoL/8QAtRAAAgEDAwIEAwUFBAQAAAF9AQIDAAQRBRIhMUEGE1FhByJxFDKBkaEII0KxwRVS0fAkM2JyggkKFhcYGRolJicoKSo0NTY3ODk6Q0RFRkdISUpTVFVWV1hZWmNkZWZnaGlqc3R1dnd4eXqDhIWGh4iJipKTlJWWl5iZmqKjpKWmp6ipqrKztLW2t7i5usLDxMXGx8jJytLT1NXW19jZ2uHi4+Tl5ufo6erx8vP09fb3+Pn6/8QAHwEAAwEBAQEBAQEBAQAAAAAAAAECAwQFBgcICQoL/8QAtREAAgECBAQDBAcFBAQAAQJ3AAECAxEEBSExBhJBUQdhcRMiMoEIFEKRobHBCSMzUvAVYnLRChYkNOEl8RcYGRomJygpKjU2Nzg5OkNERUZHSElKU1RVVldYWVpjZGVmZ2hpanN0dXZ3eHl6goOEhYaHiImKkpOUlZaXmJmaoqOkpaanqKmqsrO0tba3uLm6wsPExcbHyMnK0tPU1dbX2Nna4uPk5ebn6Onq8vP09fb3+Pn6/9oADAMBAAIRAxEAPwD9/KKQyIBndRvX1oAWoppggLdcdqJJ1AOTVaebYcucKenvSbUdxXOY+IHx6+Ffwv1Sx0nxz4zstMl1HP2RryXYrkds1teFPH3grxtaLc+GfFunaoj8q1ncK/H4Gvjz9r7/AIJ6/Gv4p+Nrn4k/D34vwX3mSF4NB10tFDEP7m9d25fQbRj1rrv2A/2PvFvwSFz4/wDinbQ23iO5gNoNOsZ90Flb795CkEgszYJPoMcVv7On7JT5t/L/AIJ6VPB4aphnVVXVdLde2/4n1eFUDAUY9hUTXtovDyAfWsOz8c+HdV1G58N2V+PtVuPmBr4x/bZu/jT+0f8AEXxt+yn8M/Ek3h7WNPsNO1LQCd4jvLczbbmR5FACKgx3OTgcZryv7Rw9Sg6tCSmk2tH1W6LyvLP7RxXsqlRU47uT2Sulfptc+4dP8ReH9VP/ABKvENrc+1vdI/8AI1U1Lxz4W0nUP7N1LV4Le4I43+lfK3wC/Yh+M3w1vPBXjnW/i9BLq+hB08Q3MNoc6xbNGQIZSXGSrYcPg8qOOao/tH/sv/tQfGK9l0uDWbBLWd42hvxf+WtuBKpJkUZZgU3KAM8mt8PiFiI3tY58bhqGGq8lKpzrva36s+wtP1nS9aQNY3cFyvrG4J/KrZwoGBgdhXkf7JX7M0P7NXgt9GfxddazdXmyS9uZ8qnmhdpKLk7Qe/rXqGqakumWT6nqA2wwctjrXQcZcoqj4c8TaH4v0iDxB4c1GK7srqJZbW6gbKSxsMqwPuOavlSBkigB9FJvX1oLKvU0ALRQCCMiigAooooAKKKKACiiigAooooAKKKKACjpRSFlIxmgADAnApcgdTTUAHOapatqH2aPeD8uOtAF8jPBpNi1n6dqouEB9OtaCPu6jFAC0UUUAFFFFABRRRQAUUUUAcfpmr6p42+HYvgx027u7Unn/ljJXF/Avwt8V/gp8K5tH+MXxaPifUjezy/21eRmNY4mkLIjMeyggfhXqGkyaffQC906UyoccZwPyrgP2mLfxPffDO80Pw3ohv7nUUMGwdgf/wBVa0qaq1FBu1zy8TmGJynI5zaVSUI3emsmuy1tf5lDTf2h9Au/Ftt4N0/UIdTu3VWupLKbdFArZ2/Nj5s4Ndn4g', '{\"msg\":\"操作成功\",\"code\":200}', 0, NULL, '2022-01-24 15:14:21');
INSERT INTO `sys_oper_log` VALUES (141, '奖品', 3, 'com.ruoyi.cj.controller.PrizeController.remove()', 'DELETE', 1, 'admin', NULL, '/cj/prize/4', '127.0.0.1', '内网IP', '{ids=4}', '{\"msg\":\"操作成功\",\"code\":200}', 0, NULL, '2022-01-24 15:14:28');
INSERT INTO `sys_oper_log` VALUES (142, '奖品', 2, 'com.ruoyi.cj.controller.PrizeController.edit()', 'PUT', 1, 'admin', NULL, '/cj/prize', '127.0.0.1', '内网IP', '{\"backImg\":\"data:image/jpeg;base64,iVBORw0KGgoAAAANSUhEUgAAAGQAAAA/CAYAAAAWq21gAAAAAXNSR0IArs4c6QAAAARnQU1BAACxjwv8YQUAAAAJcEhZcwAADsQAAA7EAZUrDhsAADRjSURBVHhetX0JvF1Vee//zOOd59zc3MwhhEAIg4BBiKCgxVQErSZQC1ortYqKYCutRDu952t92tb2WaFaASlPGWRSSxGkgcgQUmLIcDPdmzvP5w5nnvr/f+ucmwTpz/7ek3Wyz1577bW+9a1v/tbe58bzWHd7Gf/fpYxy2QOv14OirjyAl20oe8EqSl6eeehG2cMePg/8JR/g8fCe+vk4ln3KJV6rzcNxJQTKQetb9hB+iYB8HMMKvwndxz6c08cbZS3Bx3Gci3cE0hXNrgv28/hd1StALOqs4i2gRDwNY85T0hBdEVfODKHp5X2tyUaWCwTBuXTlQLuzCuvlEnElHI2ullKpxKU6AGWtUXWusSy82b+ks3DweInFr7n4CFsLse/KJD5Rk02azOch8fmxhbNBLFN/T7nIriScjefBfmVe6J7avF6OI+J+tnsEk305yObxkNgay07wC6IWxkNEUF2HrZm9SS738ZB1PISfxlEmOB9haH4HljiqQgKSCR4C8PI64CM89vVROLwBjhXD2Kb+mkO0FgwjtionF96TYPqEF2mi9UisJMhliTJpIBr9GkoFi5OKFg0tWMw4+baQqTYIaeOMO7hkEqVCSH6EnIhS4G1bqArPBsquVaNWco68GFqhiEnjwgAVtolmRrfKp9JFdZPWyjgvDx9xMMky6SJOrTVIh0MIERHKOsoBaY6T+upHGi7COgEQHAkB+1M7VMSg6kcc1+oMT06lcT5aAuHHf29GEYo6CRnWJH4mbRXEeBgyZip01mG3ra6xPrWpjy1OLb9cDIar2IxmjbReXVeOym13rU+1btfupkTBLniIODKTIrCPFMplM2j42Idx3t3fhPfdlyFfE4E/n0MYeWoKRciY4A5R1Myt1QVasE/crx66qe8Kb8zMWZvu/3p8CIGSyFqEJinypAklDd4yzQn5XhLyOgsD3vTRBDm7KQZJSJ0psJsmKjwbnIokCZ76cY7qXAtz6h4PjySS8KptrvCOBILwSly4lz5McAymVRxuRTcFTZ60xeHlz5cxtrwW1/zzfSgG2xHg/ZnJMbzynW9g+pkfIzo+jyBbvd6Q+RRClkugWlN7ZBx0XWRda3ldKRfVV/p2gl5asG9rfXy71X8NZYFwPJnUqcKzh06gLNuvj2ww+wlZXQv/6jjZV7WWzJFLYoiiM+4GSkzjbde3OkawbB5XzH9UpNRporWaZTQfoRmNatbMf7xHsAKh+EAOXIP4jflCHo0f/hCWbng7+UNYJGAoFsfyizZj8ZVbkGpsQWp8nMcoBaxA/yZY5sVsDufLVK3Mx1LFW2g4GmhuIaD+xObN0RCBJFqiApvkDEt0vELUBTd0ZuxrjttI4saLWVJ53rCFeKhdZkJshINfjVhO1hC3SB68dhGaKwsMscWzEL63wgx9V8cVqSEmAGyUoxU7fPRJv6j34mOP/Ss8/ka2cC5zB4oEpetuFjUNvPIU9n/r/yL3i90IpgoI+J0lkKAU1V/McRhUcCIdKr5FWl2ktWAL235tTv2Xi5MoLtDN64qtgY0ON0NYF0YYtz4bp2Ind5vEqgzghZdMNIdZAaIFql1dK6y1turCJfoGinX5aFbs0LUdbFLRFLKYaqGCYiKfQveWy0hcMcO1L4zlx83vTM6SjZfhin/4Js77l2+j5rotmPH5kZvJUCPzhMnIz+aqCs6JYpfWJFiahX3eLB/iJE03eMEQUbG3nLMFVbynsNEYor782HhKsC3TzJoQ9ltYaAxhXy3INKIyn4ot0ubjF/uZaeIta9cwg8j7FU06ZZwKLwvihHAiZLUWee9QHLj23vvQ2LLSYFiQIXjUfuU6FTYbgApEI75KJ', '{\"msg\":\"操作成功\",\"code\":200}', 0, NULL, '2022-01-24 15:27:26');
INSERT INTO `sys_oper_log` VALUES (143, '奖品', 2, 'com.ruoyi.cj.controller.PrizeController.edit()', 'PUT', 1, 'admin', NULL, '/cj/prize', '127.0.0.1', '内网IP', '{\"backImg\":\"data:image/jpeg;base64,iVBORw0KGgoAAAANSUhEUgAAAFAAAABQCAYAAACOEfKtAAAAAXNSR0IArs4c6QAAAARnQU1BAACxjwv8YQUAAAAJcEhZcwAADsQAAA7EAZUrDhsAAES5SURBVHheZb0HlGzZdZ73162cq7o6x/f65fzmTc6DGcwgEMSAIBgAMMgUJZqW7GVbNiXTslbL0hKxaJsKFkmQpklZEmiSGAMkQWRgMHkwCfPm5dw5d1fOdavK37794GUv97zqrrp177nn7P3vf//73HPv+F7+naf6teq28oUttVpVlRt9nV/q69rtrsq1niK9nrK+oOJtKV7rKNMNSOqr4O9pNdhXkY/+bFD9gKNyvaV2l8+OT/xTJBxQv9uT2+8rnuhreDClh44d1qOHR5VOJxWMBBT0Owqwc8Dvl+M48vl8vDgDx/j8e+9pzWvPvnPYzgZ60FOv1+fv///HjrWdvHbYp9ejU/z12f4+3ttRXR/ve7ztqNeqqV3b4W/dWmXXBt+7qlfXVCv3Val2dWHR0dVV2nJpx+uLNBIL0B+3rWaroW6v5XWq0uppfaertYqrGsarR33aSvl0M93Txai0LFdlv1SM+7Qbk9w4Aw/RP+sUxgxiNPkC6jIIx/HLh1Fa7Z52d/paWWlpYWldC7tbKnZrDKTHMG1AHM1gzBy9Pn/7XUxm3/ENPfV5DnHEadVz2Me+4JPfvrOR8L1tst/2nzmCf3xng9079sff9dne55ev7zXCd3sGsaPltz7z8va3TRyBwflI/3jPieke2x21m9J9P/EhOfVaQc1GmQG7cruOqhiu26Hz5mh67Ach1sEOn7f5vBKRWqAv4foUN0cGfGrwZb3ZMTuAPhDFfgE7Kz9dnGC2tRNXqx1dnl/XN9+/oSs3ltQoVzFGj326anda3l/78VBgo9rziWfMvhkapwQYvGODseY5l3c+OmqOslH/GMHWiq+LMTjSkGfG5gPt+TiGbaCbf7RlW4gUGtxDX88zqvptzwZsoh1ebpe3GNbz4p4jQr51OY12iZ2tcwF1OGGXt36MQtQSegKdGK/pl9uis2zrDoKZGJ8J31CIVuhMvdkFZfZZOjIVUW6QcwRBHp1uMABr564lVKr4NX+rros3trVawYCEUKtTV61aULtd3jMUPe/aO/7aofYyxPTtsxmJLd7LM9jey/FQam/sGDvCO8gzgoU93+zt6DX2YyfcdYSh/24EeLt5vznGjIfBsLGHejNTD5D5g11NTDO+ldtyEvERJZJDCgai8JcDEkNmdKMMdeA9F8P0MGwo2NHocFjJVFjLSfgv0VMDNHpDMTti9LGJlO49NKFz+6Z1aDSm2eGIBqKEuHXCesV+xoeNRld3tvK6tralQr6sZq2oZj2vTqfqcVbXeLNDRLQ7cvE8JOaNysLIhtg3Y/5/XnztWdZ2MtSxv22z0Xvb98ZjP14ogjKLDJ8h3hDjjdi1b60h749j7d41oFFUn/H14MVwmJwAQNJJvwr9tJx4IgOZxzxCbnVIHHVXDYxm7XAMhuXl7yqT8SsC5jvsU3fpQJRuhkAi57VBO/BHqQiy1orq4NmPnTuiD53ar9HBtGIkCz8dcqyfdLZDR/LbLV27fkM3r95WtZCHNlqeo3yQu4WLfXZ59buEEiOy9n2WaDz03H0Rtj9+WQgbf/lou4/xPeNgJOPTniHXowCiy/Ok2dQMZ/ayTnFOONUH5PbCms+GSGuPfvONh+JI2FF2yK9EOqwUSXCUv06n21KzWVO93lC12dYO6HDhwKkBaSIn5TJ9DQx04R4QV25pZxOuoyNxkOUHWi5p1/rqJ+Z3SD4XLu9odWNHiWxcIxgvEXOUiQRFwsIBfQUhFKIbw/S1u+vTRpXzM+Aucd5ttdVBCXQ7HfVdDOrWAQYGsRMyDIs279fdl5dt7St+7A9+440ht+4Z3jOa/TaHeMa8i0zvGHOLJSRrDAfdRa4lnr0fr7G9n', '{\"msg\":\"操作成功\",\"code\":200}', 0, NULL, '2022-01-24 15:28:28');
INSERT INTO `sys_oper_log` VALUES (144, '奖品', 2, 'com.ruoyi.cj.controller.PrizeController.edit()', 'PUT', 1, 'admin', NULL, '/cj/prize', '127.0.0.1', '内网IP', '{\"backImg\":\"data:image/jpeg;base64,iVBORw0KGgoAAAANSUhEUgAAAFAAAABQCAYAAACOEfKtAAAAAXNSR0IArs4c6QAAAARnQU1BAACxjwv8YQUAAAAJcEhZcwAADsQAAA7EAZUrDhsAAES5SURBVHheZb0HlGzZdZ73162cq7o6x/f65fzmTc6DGcwgEMSAIBgAMMgUJZqW7GVbNiXTslbL0hKxaJsKFkmQpklZEmiSGAMkQWRgMHkwCfPm5dw5d1fOdavK37794GUv97zqrrp177nn7P3vf//73HPv+F7+naf6teq28oUttVpVlRt9nV/q69rtrsq1niK9nrK+oOJtKV7rKNMNSOqr4O9pNdhXkY/+bFD9gKNyvaV2l8+OT/xTJBxQv9uT2+8rnuhreDClh44d1qOHR5VOJxWMBBT0Owqwc8Dvl+M48vl8vDgDx/j8e+9pzWvPvnPYzgZ60FOv1+fv///HjrWdvHbYp9ejU/z12f4+3ttRXR/ve7ztqNeqqV3b4W/dWmXXBt+7qlfXVCv3Val2dWHR0dVV2nJpx+uLNBIL0B+3rWaroW6v5XWq0uppfaertYqrGsarR33aSvl0M93Txai0LFdlv1SM+7Qbk9w4Aw/RP+sUxgxiNPkC6jIIx/HLh1Fa7Z52d/paWWlpYWldC7tbKnZrDKTHMG1AHM1gzBy9Pn/7XUxm3/ENPfV5DnHEadVz2Me+4JPfvrOR8L1tst/2nzmCf3xng9079sff9dne55ev7zXCd3sGsaPltz7z8va3TRyBwflI/3jPieke2x21m9J9P/EhOfVaQc1GmQG7cruOqhiu26Hz5mh67Ach1sEOn7f5vBKRWqAv4foUN0cGfGrwZb3ZMTuAPhDFfgE7Kz9dnGC2tRNXqx1dnl/XN9+/oSs3ltQoVzFGj326anda3l/78VBgo9rziWfMvhkapwQYvGODseY5l3c+OmqOslH/GMHWiq+LMTjSkGfG5gPt+TiGbaCbf7RlW4gUGtxDX88zqvptzwZsoh1ebpe3GNbz4p4jQr51OY12iZ2tcwF1OGGXt36MQtQSegKdGK/pl9uis2zrDoKZGJ8J31CIVuhMvdkFZfZZOjIVUW6QcwRBHp1uMABr564lVKr4NX+rros3trVawYCEUKtTV61aULtd3jMUPe/aO/7aofYyxPTtsxmJLd7LM9jey/FQam/sGDvCO8gzgoU93+zt6DX2YyfcdYSh/24EeLt5vznGjIfBsLGHejNTD5D5g11NTDO+ldtyEvERJZJDCgai8JcDEkNmdKMMdeA9F8P0MGwo2NHocFjJVFjLSfgv0VMDNHpDMTti9LGJlO49NKFz+6Z1aDSm2eGIBqKEuHXCesV+xoeNRld3tvK6tralQr6sZq2oZj2vTqfqcVbXeLNDRLQ7cvE8JOaNysLIhtg3Y/5/XnztWdZ2MtSxv22z0Xvb98ZjP14ogjKLDJ8h3hDjjdi1b60h749j7d41oFFUn/H14MVwmJwAQNJJvwr9tJx4IgOZxzxCbnVIHHVXDYxm7XAMhuXl7yqT8SsC5jvsU3fpQJRuhkAi57VBO/BHqQiy1orq4NmPnTuiD53ar9HBtGIkCz8dcqyfdLZDR/LbLV27fkM3r95WtZCHNlqeo3yQu4WLfXZ59buEEiOy9n2WaDz03H0Rtj9+WQgbf/lou4/xPeNgJOPTniHXowCiy/Ok2dQMZ/ayTnFOONUH5PbCms+GSGuPfvONh+JI2FF2yK9EOqwUSXCUv06n21KzWVO93lC12dYO6HDhwKkBaSIn5TJ9DQx04R4QV25pZxOuoyNxkOUHWi5p1/rqJ+Z3SD4XLu9odWNHiWxcIxgvEXOUiQRFwsIBfQUhFKIbw/S1u+vTRpXzM+Aucd5ttdVBCXQ7HfVdDOrWAQYGsRMyDIs279fdl5dt7St+7A9+440ht+4Z3jOa/TaHeMa8i0zvGHOLJSRrDAfdRa4lnr0fr7G9n', '{\"msg\":\"操作成功\",\"code\":200}', 0, NULL, '2022-01-24 15:48:40');
INSERT INTO `sys_oper_log` VALUES (145, '代码生成', 3, 'com.ruoyi.generator.controller.GenController.remove()', 'DELETE', 1, 'admin', NULL, '/tool/gen/6', '127.0.0.1', '内网IP', '{tableIds=6}', '{\"msg\":\"操作成功\",\"code\":200}', 0, NULL, '2022-01-24 16:16:21');
INSERT INTO `sys_oper_log` VALUES (146, '代码生成', 6, 'com.ruoyi.generator.controller.GenController.importTableSave()', 'POST', 1, 'admin', NULL, '/tool/gen/importTable', '127.0.0.1', '内网IP', 'cj_prize', '{\"msg\":\"操作成功\",\"code\":200}', 0, NULL, '2022-01-24 16:16:26');
INSERT INTO `sys_oper_log` VALUES (147, '代码生成', 2, 'com.ruoyi.generator.controller.GenController.editSave()', 'PUT', 1, 'admin', NULL, '/tool/gen', '127.0.0.1', '内网IP', '{\"sub\":false,\"functionAuthor\":\"ruoyi\",\"columns\":[{\"capJavaField\":\"Id\",\"usableColumn\":false,\"columnId\":31,\"isIncrement\":\"1\",\"increment\":true,\"insert\":true,\"dictType\":\"\",\"required\":false,\"superColumn\":false,\"updateBy\":\"\",\"isInsert\":\"1\",\"javaField\":\"id\",\"htmlType\":\"input\",\"edit\":false,\"query\":false,\"columnComment\":\"id\",\"sort\":1,\"list\":false,\"params\":{},\"javaType\":\"Integer\",\"queryType\":\"EQ\",\"columnType\":\"int\",\"createBy\":\"admin\",\"isPk\":\"1\",\"createTime\":1643012186000,\"tableId\":7,\"pk\":true,\"columnName\":\"id\"},{\"capJavaField\":\"Name\",\"usableColumn\":false,\"columnId\":32,\"isIncrement\":\"0\",\"increment\":false,\"insert\":true,\"isList\":\"1\",\"dictType\":\"\",\"required\":true,\"superColumn\":false,\"updateBy\":\"\",\"isInsert\":\"1\",\"isRequired\":\"1\",\"javaField\":\"name\",\"htmlType\":\"input\",\"edit\":true,\"query\":true,\"columnComment\":\"奖品名称\",\"isQuery\":\"1\",\"sort\":2,\"list\":true,\"params\":{},\"javaType\":\"String\",\"queryType\":\"LIKE\",\"columnType\":\"varchar(20)\",\"createBy\":\"admin\",\"isPk\":\"0\",\"createTime\":1643012186000,\"isEdit\":\"1\",\"tableId\":7,\"pk\":false,\"columnName\":\"name\"},{\"capJavaField\":\"Info\",\"usableColumn\":false,\"columnId\":33,\"isIncrement\":\"0\",\"increment\":false,\"insert\":true,\"isList\":\"1\",\"dictType\":\"\",\"required\":false,\"superColumn\":false,\"updateBy\":\"\",\"isInsert\":\"1\",\"javaField\":\"info\",\"htmlType\":\"input\",\"edit\":true,\"query\":true,\"columnComment\":\"奖品信息\",\"isQuery\":\"1\",\"sort\":3,\"list\":true,\"params\":{},\"javaType\":\"String\",\"queryType\":\"EQ\",\"columnType\":\"varchar(40)\",\"createBy\":\"admin\",\"isPk\":\"0\",\"createTime\":1643012186000,\"isEdit\":\"1\",\"tableId\":7,\"pk\":false,\"columnName\":\"info\"},{\"capJavaField\":\"BackImg\",\"usableColumn\":false,\"columnId\":34,\"isIncrement\":\"0\",\"increment\":false,\"insert\":true,\"isList\":\"1\",\"dictType\":\"\",\"required\":false,\"superColumn\":false,\"updateBy\":\"\",\"isInsert\":\"1\",\"javaField\":\"backImg\",\"edit\":true,\"query\":true,\"columnComment\":\"背景图片\",\"isQuery\":\"1\",\"sort\":4,\"list\":true,\"params\":{},\"javaType\":\"String\",\"queryType\":\"EQ\",\"columnType\":\"blob\",\"createBy\":\"admin\",\"isPk\":\"0\",\"createTime\":1643012186000,\"isEdit\":\"1\",\"ta', '{\"msg\":\"操作成功\",\"code\":200}', 0, NULL, '2022-01-24 16:17:10');
INSERT INTO `sys_oper_log` VALUES (148, '代码生成', 8, 'com.ruoyi.generator.controller.GenController.batchGenCode()', 'GET', 1, 'admin', NULL, '/tool/gen/batchGenCode', '127.0.0.1', '内网IP', '{}', NULL, 0, NULL, '2022-01-24 16:17:14');
INSERT INTO `sys_oper_log` VALUES (149, '代码生成', 8, 'com.ruoyi.generator.controller.GenController.batchGenCode()', 'GET', 1, 'admin', NULL, '/tool/gen/batchGenCode', '127.0.0.1', '内网IP', '{}', NULL, 0, NULL, '2022-01-24 16:17:23');
INSERT INTO `sys_oper_log` VALUES (150, '代码生成', 2, 'com.ruoyi.generator.controller.GenController.editSave()', 'PUT', 1, 'admin', NULL, '/tool/gen', '127.0.0.1', '内网IP', '{\"sub\":false,\"functionAuthor\":\"ruoyi\",\"columns\":[{\"capJavaField\":\"Id\",\"usableColumn\":false,\"columnId\":31,\"isIncrement\":\"1\",\"increment\":true,\"insert\":true,\"dictType\":\"\",\"required\":false,\"superColumn\":false,\"updateBy\":\"\",\"isInsert\":\"1\",\"javaField\":\"id\",\"htmlType\":\"input\",\"edit\":false,\"query\":false,\"columnComment\":\"id\",\"updateTime\":1643012230000,\"sort\":1,\"list\":false,\"params\":{},\"javaType\":\"Integer\",\"queryType\":\"EQ\",\"columnType\":\"int\",\"createBy\":\"admin\",\"isPk\":\"1\",\"createTime\":1643012186000,\"tableId\":7,\"pk\":true,\"columnName\":\"id\"},{\"capJavaField\":\"Name\",\"usableColumn\":false,\"columnId\":32,\"isIncrement\":\"0\",\"increment\":false,\"insert\":true,\"isList\":\"1\",\"dictType\":\"\",\"required\":true,\"superColumn\":false,\"updateBy\":\"\",\"isInsert\":\"1\",\"isRequired\":\"1\",\"javaField\":\"name\",\"htmlType\":\"input\",\"edit\":true,\"query\":true,\"columnComment\":\"奖品名称\",\"isQuery\":\"1\",\"updateTime\":1643012230000,\"sort\":2,\"list\":true,\"params\":{},\"javaType\":\"String\",\"queryType\":\"LIKE\",\"columnType\":\"varchar(20)\",\"createBy\":\"admin\",\"isPk\":\"0\",\"createTime\":1643012186000,\"isEdit\":\"1\",\"tableId\":7,\"pk\":false,\"columnName\":\"name\"},{\"capJavaField\":\"Info\",\"usableColumn\":false,\"columnId\":33,\"isIncrement\":\"0\",\"increment\":false,\"insert\":true,\"isList\":\"1\",\"dictType\":\"\",\"required\":false,\"superColumn\":false,\"updateBy\":\"\",\"isInsert\":\"1\",\"javaField\":\"info\",\"htmlType\":\"input\",\"edit\":true,\"query\":true,\"columnComment\":\"奖品信息\",\"isQuery\":\"1\",\"updateTime\":1643012230000,\"sort\":3,\"list\":true,\"params\":{},\"javaType\":\"String\",\"queryType\":\"EQ\",\"columnType\":\"varchar(40)\",\"createBy\":\"admin\",\"isPk\":\"0\",\"createTime\":1643012186000,\"isEdit\":\"1\",\"tableId\":7,\"pk\":false,\"columnName\":\"info\"},{\"capJavaField\":\"BackImg\",\"usableColumn\":false,\"columnId\":34,\"isIncrement\":\"0\",\"increment\":false,\"insert\":true,\"isList\":\"1\",\"dictType\":\"\",\"required\":false,\"superColumn\":false,\"updateBy\":\"\",\"isInsert\":\"1\",\"javaField\":\"backImg\",\"edit\":true,\"query\":true,\"columnComment\":\"背景图片\",\"isQuery\":\"1\",\"updateTime\":1643012230000,\"sort\":4,\"list\":true,\"params\":{},\"javaType\":\"String\",\"q', '{\"msg\":\"操作成功\",\"code\":200}', 0, NULL, '2022-01-24 16:18:29');
INSERT INTO `sys_oper_log` VALUES (151, '代码生成', 8, 'com.ruoyi.generator.controller.GenController.batchGenCode()', 'GET', 1, 'admin', NULL, '/tool/gen/batchGenCode', '127.0.0.1', '内网IP', '{}', NULL, 0, NULL, '2022-01-24 16:18:35');
INSERT INTO `sys_oper_log` VALUES (152, '字典类型', 1, 'com.ruoyi.web.controller.system.SysDictTypeController.add()', 'POST', 1, 'admin', NULL, '/system/dict/type', '127.0.0.1', '内网IP', '{\"createBy\":\"admin\",\"dictName\":\"是否中奖\",\"params\":{},\"dictType\":\"cj_win\",\"status\":\"0\"}', '{\"msg\":\"操作成功\",\"code\":200}', 0, NULL, '2022-01-24 16:19:41');
INSERT INTO `sys_oper_log` VALUES (153, '字典类型', 2, 'com.ruoyi.web.controller.system.SysDictTypeController.edit()', 'PUT', 1, 'admin', NULL, '/system/dict/type', '127.0.0.1', '内网IP', '{\"createBy\":\"admin\",\"createTime\":1643012381000,\"updateBy\":\"admin\",\"dictName\":\"是否中奖\",\"remark\":\"是否中奖\",\"dictId\":100,\"params\":{},\"dictType\":\"cj_win\",\"status\":\"0\"}', '{\"msg\":\"操作成功\",\"code\":200}', 0, NULL, '2022-01-24 16:20:30');
INSERT INTO `sys_oper_log` VALUES (154, '字典数据', 1, 'com.ruoyi.web.controller.system.SysDictDataController.add()', 'POST', 1, 'admin', NULL, '/system/dict/data', '127.0.0.1', '内网IP', '{\"dictValue\":\"Y\",\"listClass\":\"default\",\"dictSort\":0,\"params\":{},\"dictType\":\"cj_win\",\"dictLabel\":\"中奖产品\",\"createBy\":\"admin\",\"default\":false,\"status\":\"0\"}', '{\"msg\":\"操作成功\",\"code\":200}', 0, NULL, '2022-01-24 16:21:14');
INSERT INTO `sys_oper_log` VALUES (155, '字典数据', 1, 'com.ruoyi.web.controller.system.SysDictDataController.add()', 'POST', 1, 'admin', NULL, '/system/dict/data', '127.0.0.1', '内网IP', '{\"dictValue\":\"N\",\"listClass\":\"default\",\"dictSort\":0,\"params\":{},\"dictType\":\"cj_win\",\"dictLabel\":\"未中奖产品\",\"createBy\":\"admin\",\"default\":false,\"status\":\"0\"}', '{\"msg\":\"操作成功\",\"code\":200}', 0, NULL, '2022-01-24 16:21:24');
INSERT INTO `sys_oper_log` VALUES (156, '代码生成', 2, 'com.ruoyi.generator.controller.GenController.editSave()', 'PUT', 1, 'admin', NULL, '/tool/gen', '127.0.0.1', '内网IP', '{\"sub\":false,\"functionAuthor\":\"ruoyi\",\"columns\":[{\"capJavaField\":\"Id\",\"usableColumn\":false,\"columnId\":31,\"isIncrement\":\"1\",\"increment\":true,\"insert\":true,\"dictType\":\"\",\"required\":false,\"superColumn\":false,\"updateBy\":\"\",\"isInsert\":\"1\",\"javaField\":\"id\",\"htmlType\":\"input\",\"edit\":false,\"query\":false,\"columnComment\":\"id\",\"updateTime\":1643012309000,\"sort\":1,\"list\":false,\"params\":{},\"javaType\":\"Integer\",\"queryType\":\"EQ\",\"columnType\":\"int\",\"createBy\":\"admin\",\"isPk\":\"1\",\"createTime\":1643012186000,\"tableId\":7,\"pk\":true,\"columnName\":\"id\"},{\"capJavaField\":\"Name\",\"usableColumn\":false,\"columnId\":32,\"isIncrement\":\"0\",\"increment\":false,\"insert\":true,\"isList\":\"1\",\"dictType\":\"\",\"required\":true,\"superColumn\":false,\"updateBy\":\"\",\"isInsert\":\"1\",\"isRequired\":\"1\",\"javaField\":\"name\",\"htmlType\":\"input\",\"edit\":true,\"query\":true,\"columnComment\":\"奖品名称\",\"isQuery\":\"1\",\"updateTime\":1643012309000,\"sort\":2,\"list\":true,\"params\":{},\"javaType\":\"String\",\"queryType\":\"LIKE\",\"columnType\":\"varchar(20)\",\"createBy\":\"admin\",\"isPk\":\"0\",\"createTime\":1643012186000,\"isEdit\":\"1\",\"tableId\":7,\"pk\":false,\"columnName\":\"name\"},{\"capJavaField\":\"Info\",\"usableColumn\":false,\"columnId\":33,\"isIncrement\":\"0\",\"increment\":false,\"insert\":true,\"isList\":\"1\",\"dictType\":\"\",\"required\":false,\"superColumn\":false,\"updateBy\":\"\",\"isInsert\":\"1\",\"javaField\":\"info\",\"htmlType\":\"input\",\"edit\":true,\"query\":true,\"columnComment\":\"奖品信息\",\"isQuery\":\"1\",\"updateTime\":1643012309000,\"sort\":3,\"list\":true,\"params\":{},\"javaType\":\"String\",\"queryType\":\"EQ\",\"columnType\":\"varchar(40)\",\"createBy\":\"admin\",\"isPk\":\"0\",\"createTime\":1643012186000,\"isEdit\":\"1\",\"tableId\":7,\"pk\":false,\"columnName\":\"info\"},{\"capJavaField\":\"BackImg\",\"usableColumn\":false,\"columnId\":34,\"isIncrement\":\"0\",\"increment\":false,\"insert\":true,\"isList\":\"1\",\"dictType\":\"\",\"required\":false,\"superColumn\":false,\"updateBy\":\"\",\"isInsert\":\"1\",\"javaField\":\"backImg\",\"edit\":true,\"query\":true,\"columnComment\":\"背景图片\",\"isQuery\":\"1\",\"updateTime\":1643012309000,\"sort\":4,\"list\":true,\"params\":{},\"javaType\":\"String\",\"q', '{\"msg\":\"操作成功\",\"code\":200}', 0, NULL, '2022-01-24 16:21:54');
INSERT INTO `sys_oper_log` VALUES (157, '代码生成', 2, 'com.ruoyi.generator.controller.GenController.editSave()', 'PUT', 1, 'admin', NULL, '/tool/gen', '127.0.0.1', '内网IP', '{\"sub\":false,\"functionAuthor\":\"ruoyi\",\"columns\":[{\"capJavaField\":\"Id\",\"usableColumn\":false,\"columnId\":31,\"isIncrement\":\"1\",\"increment\":true,\"insert\":true,\"dictType\":\"\",\"required\":false,\"superColumn\":false,\"updateBy\":\"\",\"isInsert\":\"1\",\"javaField\":\"id\",\"htmlType\":\"input\",\"edit\":false,\"query\":false,\"columnComment\":\"id\",\"updateTime\":1643012514000,\"sort\":1,\"list\":false,\"params\":{},\"javaType\":\"Integer\",\"queryType\":\"EQ\",\"columnType\":\"int\",\"createBy\":\"admin\",\"isPk\":\"1\",\"createTime\":1643012186000,\"tableId\":7,\"pk\":true,\"columnName\":\"id\"},{\"capJavaField\":\"Name\",\"usableColumn\":false,\"columnId\":32,\"isIncrement\":\"0\",\"increment\":false,\"insert\":true,\"isList\":\"1\",\"dictType\":\"\",\"required\":true,\"superColumn\":false,\"updateBy\":\"\",\"isInsert\":\"1\",\"isRequired\":\"1\",\"javaField\":\"name\",\"htmlType\":\"input\",\"edit\":true,\"query\":true,\"columnComment\":\"奖品名称\",\"isQuery\":\"1\",\"updateTime\":1643012514000,\"sort\":2,\"list\":true,\"params\":{},\"javaType\":\"String\",\"queryType\":\"LIKE\",\"columnType\":\"varchar(20)\",\"createBy\":\"admin\",\"isPk\":\"0\",\"createTime\":1643012186000,\"isEdit\":\"1\",\"tableId\":7,\"pk\":false,\"columnName\":\"name\"},{\"capJavaField\":\"Info\",\"usableColumn\":false,\"columnId\":33,\"isIncrement\":\"0\",\"increment\":false,\"insert\":true,\"isList\":\"1\",\"dictType\":\"\",\"required\":false,\"superColumn\":false,\"updateBy\":\"\",\"isInsert\":\"1\",\"javaField\":\"info\",\"htmlType\":\"input\",\"edit\":true,\"query\":true,\"columnComment\":\"奖品信息\",\"isQuery\":\"1\",\"updateTime\":1643012514000,\"sort\":3,\"list\":true,\"params\":{},\"javaType\":\"String\",\"queryType\":\"EQ\",\"columnType\":\"varchar(40)\",\"createBy\":\"admin\",\"isPk\":\"0\",\"createTime\":1643012186000,\"isEdit\":\"1\",\"tableId\":7,\"pk\":false,\"columnName\":\"info\"},{\"capJavaField\":\"BackImg\",\"usableColumn\":false,\"columnId\":34,\"isIncrement\":\"0\",\"increment\":false,\"insert\":true,\"isList\":\"1\",\"dictType\":\"\",\"required\":false,\"superColumn\":false,\"updateBy\":\"\",\"isInsert\":\"1\",\"javaField\":\"backImg\",\"edit\":true,\"query\":true,\"columnComment\":\"背景图片\",\"isQuery\":\"1\",\"updateTime\":1643012514000,\"sort\":4,\"list\":true,\"params\":{},\"javaType\":\"String\",\"q', '{\"msg\":\"操作成功\",\"code\":200}', 0, NULL, '2022-01-24 16:22:07');
INSERT INTO `sys_oper_log` VALUES (158, '代码生成', 8, 'com.ruoyi.generator.controller.GenController.batchGenCode()', 'GET', 1, 'admin', NULL, '/tool/gen/batchGenCode', '127.0.0.1', '内网IP', '{}', NULL, 0, NULL, '2022-01-24 16:22:11');
INSERT INTO `sys_oper_log` VALUES (159, '代码生成', 8, 'com.ruoyi.generator.controller.GenController.batchGenCode()', 'GET', 1, 'admin', NULL, '/tool/gen/batchGenCode', '127.0.0.1', '内网IP', '{}', NULL, 0, NULL, '2022-01-24 16:22:33');
INSERT INTO `sys_oper_log` VALUES (160, '奖品', 2, 'com.ruoyi.cj.controller.PrizeController.edit()', 'PUT', 1, 'admin', NULL, '/cj/prize', '127.0.0.1', '内网IP', '{\"params\":{},\"backImg\":\"data:image/jpeg;base64,iVBORw0KGgoAAAANSUhEUgAAAFAAAABQCAYAAACOEfKtAAAAAXNSR0IArs4c6QAAAARnQU1BAACxjwv8YQUAAAAJcEhZcwAADsQAAA7EAZUrDhsAAES5SURBVHheZb0HlGzZdZ73162cq7o6x/f65fzmTc6DGcwgEMSAIBgAMMgUJZqW7GVbNiXTslbL0hKxaJsKFkmQpklZEmiSGAMkQWRgMHkwCfPm5dw5d1fOdavK37794GUv97zqrrp177nn7P3vf//73HPv+F7+naf6teq28oUttVpVlRt9nV/q69rtrsq1niK9nrK+oOJtKV7rKNMNSOqr4O9pNdhXkY/+bFD9gKNyvaV2l8+OT/xTJBxQv9uT2+8rnuhreDClh44d1qOHR5VOJxWMBBT0Owqwc8Dvl+M48vl8vDgDx/j8e+9pzWvPvnPYzgZ60FOv1+fv///HjrWdvHbYp9ejU/z12f4+3ttRXR/ve7ztqNeqqV3b4W/dWmXXBt+7qlfXVCv3Val2dWHR0dVV2nJpx+uLNBIL0B+3rWaroW6v5XWq0uppfaertYqrGsarR33aSvl0M93Txai0LFdlv1SM+7Qbk9w4Aw/RP+sUxgxiNPkC6jIIx/HLh1Fa7Z52d/paWWlpYWldC7tbKnZrDKTHMG1AHM1gzBy9Pn/7XUxm3/ENPfV5DnHEadVz2Me+4JPfvrOR8L1tst/2nzmCf3xng9079sff9dne55ev7zXCd3sGsaPltz7z8va3TRyBwflI/3jPieke2x21m9J9P/EhOfVaQc1GmQG7cruOqhiu26Hz5mh67Ach1sEOn7f5vBKRWqAv4foUN0cGfGrwZb3ZMTuAPhDFfgE7Kz9dnGC2tRNXqx1dnl/XN9+/oSs3ltQoVzFGj326anda3l/78VBgo9rziWfMvhkapwQYvGODseY5l3c+OmqOslH/GMHWiq+LMTjSkGfG5gPt+TiGbaCbf7RlW4gUGtxDX88zqvptzwZsoh1ebpe3GNbz4p4jQr51OY12iZ2tcwF1OGGXt36MQtQSegKdGK/pl9uis2zrDoKZGJ8J31CIVuhMvdkFZfZZOjIVUW6QcwRBHp1uMABr564lVKr4NX+rros3trVawYCEUKtTV61aULtd3jMUPe/aO/7aofYyxPTtsxmJLd7LM9jey/FQam/sGDvCO8gzgoU93+zt6DX2YyfcdYSh/24EeLt5vznGjIfBsLGHejNTD5D5g11NTDO+ldtyEvERJZJDCgai8JcDEkNmdKMMdeA9F8P0MGwo2NHocFjJVFjLSfgv0VMDNHpDMTti9LGJlO49NKFz+6Z1aDSm2eGIBqKEuHXCesV+xoeNRld3tvK6tralQr6sZq2oZj2vTqfqcVbXeLNDRLQ7cvE8JOaNysLIhtg3Y/5/XnztWdZ2MtSxv22z0Xvb98ZjP14ogjKLDJ8h3hDjjdi1b60h749j7d41oFFUn/H14MVwmJwAQNJJvwr9tJx4IgOZxzxCbnVIHHVXDYxm7XAMhuXl7yqT8SsC5jvsU3fpQJRuhkAi57VBO/BHqQiy1orq4NmPnTuiD53ar9HBtGIkCz8dcqyfdLZDR/LbLV27fkM3r95WtZCHNlqeo3yQu4WLfXZ59buEEiOy9n2WaDz03H0Rtj9+WQgbf/lou4/xPeNgJOPTniHXowCiy/Ok2dQMZ/ayTnFOONUH5PbCms+GSGuPfvONh+JI2FF2yK9EOqwUSXCUv06n21KzWVO93lC12dYO6HDhwKkBaSIn5TJ9DQx04R4QV25pZxOuoyNxkOUHWi5p1/rqJ+Z3SD4XLu9odWNHiWxcIxgvEXOUiQRFwsIBfQUhFKIbw/S1u+vTRpXzM+Aucd5ttdVBCXQ7HfVdDOrWAQYGsRMyDIs279fdl5dt7St+7A9+440ht+4Z3jOa/TaHeMa8i0zvGHOLJSRrDAfdR', '{\"msg\":\"操作成功\",\"code\":200}', 0, NULL, '2022-01-24 16:27:13');
INSERT INTO `sys_oper_log` VALUES (161, '奖品', 2, 'com.ruoyi.cj.controller.PrizeController.edit()', 'PUT', 1, 'admin', NULL, '/cj/prize', '127.0.0.1', '内网IP', '{\"remark\":\"N\",\"params\":{},\"backImg\":\"data:image/jpeg;base64,iVBORw0KGgoAAAANSUhEUgAAAFAAAABQCAYAAACOEfKtAAAAAXNSR0IArs4c6QAAAARnQU1BAACxjwv8YQUAAAAJcEhZcwAADsQAAA7EAZUrDhsAAES5SURBVHheZb0HlGzZdZ73162cq7o6x/f65fzmTc6DGcwgEMSAIBgAMMgUJZqW7GVbNiXTslbL0hKxaJsKFkmQpklZEmiSGAMkQWRgMHkwCfPm5dw5d1fOdavK37794GUv97zqrrp177nn7P3vf//73HPv+F7+naf6teq28oUttVpVlRt9nV/q69rtrsq1niK9nrK+oOJtKV7rKNMNSOqr4O9pNdhXkY/+bFD9gKNyvaV2l8+OT/xTJBxQv9uT2+8rnuhreDClh44d1qOHR5VOJxWMBBT0Owqwc8Dvl+M48vl8vDgDx/j8e+9pzWvPvnPYzgZ60FOv1+fv///HjrWdvHbYp9ejU/z12f4+3ttRXR/ve7ztqNeqqV3b4W/dWmXXBt+7qlfXVCv3Val2dWHR0dVV2nJpx+uLNBIL0B+3rWaroW6v5XWq0uppfaertYqrGsarR33aSvl0M93Txai0LFdlv1SM+7Qbk9w4Aw/RP+sUxgxiNPkC6jIIx/HLh1Fa7Z52d/paWWlpYWldC7tbKnZrDKTHMG1AHM1gzBy9Pn/7XUxm3/ENPfV5DnHEadVz2Me+4JPfvrOR8L1tst/2nzmCf3xng9079sff9dne55ev7zXCd3sGsaPltz7z8va3TRyBwflI/3jPieke2x21m9J9P/EhOfVaQc1GmQG7cruOqhiu26Hz5mh67Ach1sEOn7f5vBKRWqAv4foUN0cGfGrwZb3ZMTuAPhDFfgE7Kz9dnGC2tRNXqx1dnl/XN9+/oSs3ltQoVzFGj326anda3l/78VBgo9rziWfMvhkapwQYvGODseY5l3c+OmqOslH/GMHWiq+LMTjSkGfG5gPt+TiGbaCbf7RlW4gUGtxDX88zqvptzwZsoh1ebpe3GNbz4p4jQr51OY12iZ2tcwF1OGGXt36MQtQSegKdGK/pl9uis2zrDoKZGJ8J31CIVuhMvdkFZfZZOjIVUW6QcwRBHp1uMABr564lVKr4NX+rros3trVawYCEUKtTV61aULtd3jMUPe/aO/7aofYyxPTtsxmJLd7LM9jey/FQam/sGDvCO8gzgoU93+zt6DX2YyfcdYSh/24EeLt5vznGjIfBsLGHejNTD5D5g11NTDO+ldtyEvERJZJDCgai8JcDEkNmdKMMdeA9F8P0MGwo2NHocFjJVFjLSfgv0VMDNHpDMTti9LGJlO49NKFz+6Z1aDSm2eGIBqKEuHXCesV+xoeNRld3tvK6tralQr6sZq2oZj2vTqfqcVbXeLNDRLQ7cvE8JOaNysLIhtg3Y/5/XnztWdZ2MtSxv22z0Xvb98ZjP14ogjKLDJ8h3hDjjdi1b60h749j7d41oFFUn/H14MVwmJwAQNJJvwr9tJx4IgOZxzxCbnVIHHVXDYxm7XAMhuXl7yqT8SsC5jvsU3fpQJRuhkAi57VBO/BHqQiy1orq4NmPnTuiD53ar9HBtGIkCz8dcqyfdLZDR/LbLV27fkM3r95WtZCHNlqeo3yQu4WLfXZ59buEEiOy9n2WaDz03H0Rtj9+WQgbf/lou4/xPeNgJOPTniHXowCiy/Ok2dQMZ/ayTnFOONUH5PbCms+GSGuPfvONh+JI2FF2yK9EOqwUSXCUv06n21KzWVO93lC12dYO6HDhwKkBaSIn5TJ9DQx04R4QV25pZxOuoyNxkOUHWi5p1/rqJ+Z3SD4XLu9odWNHiWxcIxgvEXOUiQRFwsIBfQUhFKIbw/S1u+vTRpXzM+Aucd5ttdVBCXQ7HfVdDOrWAQYGsRMyDIs279fdl5dt7St+7A9+440ht+4Z3jOa/TaHeMa8i0zv', '{\"msg\":\"操作成功\",\"code\":200}', 0, NULL, '2022-01-24 16:27:19');
INSERT INTO `sys_oper_log` VALUES (162, '奖品', 2, 'com.ruoyi.cj.controller.PrizeController.edit()', 'PUT', 1, 'admin', NULL, '/cj/prize', '127.0.0.1', '内网IP', '{\"params\":{},\"backImg\":\"data:image/jpeg;base64,/9j/4AAQSkZJRgABAQAAAQABAAD/2wBDAAIBAQEBAQIBAQECAgICAgQDAgICAgUEBAMEBgUGBgYFBgYGBwkIBgcJBwYGCAsICQoKCgoKBggLDAsKDAkKCgr/2wBDAQICAgICAgUDAwUKBwYHCgoKCgoKCgoKCgoKCgoKCgoKCgoKCgoKCgoKCgoKCgoKCgoKCgoKCgoKCgoKCgoKCgr/wAARCAC+AUwDASIAAhEBAxEB/8QAHwAAAQUBAQEBAQEAAAAAAAAAAAECAwQFBgcICQoL/8QAtRAAAgEDAwIEAwUFBAQAAAF9AQIDAAQRBRIhMUEGE1FhByJxFDKBkaEII0KxwRVS0fAkM2JyggkKFhcYGRolJicoKSo0NTY3ODk6Q0RFRkdISUpTVFVWV1hZWmNkZWZnaGlqc3R1dnd4eXqDhIWGh4iJipKTlJWWl5iZmqKjpKWmp6ipqrKztLW2t7i5usLDxMXGx8jJytLT1NXW19jZ2uHi4+Tl5ufo6erx8vP09fb3+Pn6/8QAHwEAAwEBAQEBAQEBAQAAAAAAAAECAwQFBgcICQoL/8QAtREAAgECBAQDBAcFBAQAAQJ3AAECAxEEBSExBhJBUQdhcRMiMoEIFEKRobHBCSMzUvAVYnLRChYkNOEl8RcYGRomJygpKjU2Nzg5OkNERUZHSElKU1RVVldYWVpjZGVmZ2hpanN0dXZ3eHl6goOEhYaHiImKkpOUlZaXmJmaoqOkpaanqKmqsrO0tba3uLm6wsPExcbHyMnK0tPU1dbX2Nna4uPk5ebn6Onq8vP09fb3+Pn6/9oADAMBAAIRAxEAPwD9/KKQyIBndRvX1oAWoppggLdcdqJJ1AOTVaebYcucKenvSbUdxXOY+IHx6+Ffwv1Sx0nxz4zstMl1HP2RryXYrkds1teFPH3grxtaLc+GfFunaoj8q1ncK/H4Gvjz9r7/AIJ6/Gv4p+Nrn4k/D34vwX3mSF4NB10tFDEP7m9d25fQbRj1rrv2A/2PvFvwSFz4/wDinbQ23iO5gNoNOsZ90Flb795CkEgszYJPoMcVv7On7JT5t/L/AIJ6VPB4aphnVVXVdLde2/4n1eFUDAUY9hUTXtovDyAfWsOz8c+HdV1G58N2V+PtVuPmBr4x/bZu/jT+0f8AEXxt+yn8M/Ek3h7WNPsNO1LQCd4jvLczbbmR5FACKgx3OTgcZryv7Rw9Sg6tCSmk2tH1W6LyvLP7RxXsqlRU47uT2Sulfptc+4dP8ReH9VP/ABKvENrc+1vdI/8AI1U1Lxz4W0nUP7N1LV4Le4I43+lfK3wC/Yh+M3w1vPBXjnW/i9BLq+hB08Q3MNoc6xbNGQIZSXGSrYcPg8qOOao/tH/sv/tQfGK9l0uDWbBLWd42hvxf+WtuBKpJkUZZgU3KAM8mt8PiFiI3tY58bhqGGq8lKpzrva36s+wtP1nS9aQNY3cFyvrG4J/KrZwoGBgdhXkf7JX7M0P7NXgt9GfxddazdXmyS9uZ8qnmhdpKLk7Qe/rXqGqakumWT6nqA2wwctjrXQcZcoqj4c8TaH4v0iDxB4c1GK7srqJZbW6gbKSxsMqwPuOavlSBkigB9FJvX1oLKvU0ALRQCCMiigAooooAKKKKACiiigAooooAKKKKACjpRSFlIxmgADAnApcgdTTUAHOapatqH2aPeD8uOtAF8jPBpNi1n6dqouEB9OtaCPu6jFAC0UUUAFFFFABRRRQAUUUUAcfpmr6p42+HYvgx027u7Unn/ljJXF/Avwt8V/gp8K5tH+MXxaPifUjezy/21eRmNY4mkLIjMeyggfhXqGkyaffQC906UyoccZwPyrgP2mLfxPffDO80Pw3ohv7nUUMGwdgf/wBVa0qaq1FBu1zy8TmGJynI5zaVSUI3emsmuy1tf5lDTf2h9Au/Ftt4N0/UIdTu3VWupLKbdFArZ', '{\"msg\":\"操作成功\",\"code\":200}', 0, NULL, '2022-01-24 16:27:27');
INSERT INTO `sys_oper_log` VALUES (163, '奖品', 2, 'com.ruoyi.cj.controller.PrizeController.edit()', 'PUT', 1, 'admin', NULL, '/cj/prize', '127.0.0.1', '内网IP', '{\"params\":{},\"backImg\":\"data:image/jpeg;base64,iVBORw0KGgoAAAANSUhEUgAAAGQAAAA/CAYAAAAWq21gAAAAAXNSR0IArs4c6QAAAARnQU1BAACxjwv8YQUAAAAJcEhZcwAADsQAAA7EAZUrDhsAADRjSURBVHhetX0JvF1Vee//zOOd59zc3MwhhEAIg4BBiKCgxVQErSZQC1ortYqKYCutRDu952t92tb2WaFaASlPGWRSSxGkgcgQUmLIcDPdmzvP5w5nnvr/f+ucmwTpz/7ek3Wyz1577bW+9a1v/tbe58bzWHd7Gf/fpYxy2QOv14OirjyAl20oe8EqSl6eeehG2cMePg/8JR/g8fCe+vk4ln3KJV6rzcNxJQTKQetb9hB+iYB8HMMKvwndxz6c08cbZS3Bx3Gci3cE0hXNrgv28/hd1StALOqs4i2gRDwNY85T0hBdEVfODKHp5X2tyUaWCwTBuXTlQLuzCuvlEnElHI2ullKpxKU6AGWtUXWusSy82b+ks3DweInFr7n4CFsLse/KJD5Rk02azOch8fmxhbNBLFN/T7nIriScjefBfmVe6J7avF6OI+J+tnsEk305yObxkNgay07wC6IWxkNEUF2HrZm9SS738ZB1PISfxlEmOB9haH4HljiqQgKSCR4C8PI64CM89vVROLwBjhXD2Kb+mkO0FgwjtionF96TYPqEF2mi9UisJMhliTJpIBr9GkoFi5OKFg0tWMw4+baQqTYIaeOMO7hkEqVCSH6EnIhS4G1bqArPBsquVaNWco68GFqhiEnjwgAVtolmRrfKp9JFdZPWyjgvDx9xMMky6SJOrTVIh0MIERHKOsoBaY6T+upHGi7COgEQHAkB+1M7VMSg6kcc1+oMT06lcT5aAuHHf29GEYo6CRnWJH4mbRXEeBgyZip01mG3ra6xPrWpjy1OLb9cDIar2IxmjbReXVeOym13rU+1btfupkTBLniIODKTIrCPFMplM2j42Idx3t3fhPfdlyFfE4E/n0MYeWoKRciY4A5R1Myt1QVasE/crx66qe8Kb8zMWZvu/3p8CIGSyFqEJinypAklDd4yzQn5XhLyOgsD3vTRBDm7KQZJSJ0psJsmKjwbnIokCZ76cY7qXAtz6h4PjySS8KptrvCOBILwSly4lz5McAymVRxuRTcFTZ60xeHlz5cxtrwW1/zzfSgG2xHg/ZnJMbzynW9g+pkfIzo+jyBbvd6Q+RRClkugWlN7ZBx0XWRda3ldKRfVV/p2gl5asG9rfXy71X8NZYFwPJnUqcKzh06gLNuvj2ww+wlZXQv/6jjZV7WWzJFLYoiiM+4GSkzjbde3OkawbB5XzH9UpNRporWaZTQfoRmNatbMf7xHsAKh+EAOXIP4jflCHo0f/hCWbng7+UNYJGAoFsfyizZj8ZVbkGpsQWp8nMcoBaxA/yZY5sVsDufLVK3Mx1LFW2g4GmhuIaD+xObN0RCBJFqiApvkDEt0vELUBTd0ZuxrjttI4saLWVJ53rCFeKhdZkJshINfjVhO1hC3SB68dhGaKwsMscWzEL63wgx9V8cVqSEmAGyUoxU7fPRJv6j34mOP/Ss8/ka2cC5zB4oEpetuFjUNvPIU9n/r/yL3i90IpgoI+J0lkKAU1V/McRhUcCIdKr5FWl2ktWAL235tTv2Xi5MoLtDN64qtgY0ON0NYF0YYtz4bp2Ind5vEqgzghZdMNIdZAaIFql1dK6y1turCJfoGinX5aFbs0LUdbFLRFLKYaqGCYiKfQveWy0hcMcO1L4zlx83vTM6SjZfhin/4Js77l2+j5rotmPH5kZvJUCPzhMnIz+aqCs6JYpfWJFiahX3eLB/iJE03eMEQUbG3nLMFVbynsNEYor782HhKsC3TzJoQ9ltYaAxhXy3INKIyn4ot0ubjF/uZaeIta9cwg8j7FU06ZZwKLwvihHAiZLUWee9QHLj23vvQ2LLSYFiQIXjUfuU6F', '{\"msg\":\"操作成功\",\"code\":200}', 0, NULL, '2022-01-24 16:27:36');
INSERT INTO `sys_oper_log` VALUES (164, '奖品', 2, 'com.ruoyi.cj.controller.PrizeController.edit()', 'PUT', 1, 'admin', NULL, '/cj/prize', '127.0.0.1', '内网IP', '{\"remark\":\"N\",\"params\":{},\"backImg\":\"data:image/jpeg;base64,/9j/4AAQSkZJRgABAQAAAQABAAD/2wBDAAIBAQEBAQIBAQECAgICAgQDAgICAgUEBAMEBgUGBgYFBgYGBwkIBgcJBwYGCAsICQoKCgoKBggLDAsKDAkKCgr/2wBDAQICAgICAgUDAwUKBwYHCgoKCgoKCgoKCgoKCgoKCgoKCgoKCgoKCgoKCgoKCgoKCgoKCgoKCgoKCgoKCgoKCgr/wAARCAC+AUwDASIAAhEBAxEB/8QAHwAAAQUBAQEBAQEAAAAAAAAAAAECAwQFBgcICQoL/8QAtRAAAgEDAwIEAwUFBAQAAAF9AQIDAAQRBRIhMUEGE1FhByJxFDKBkaEII0KxwRVS0fAkM2JyggkKFhcYGRolJicoKSo0NTY3ODk6Q0RFRkdISUpTVFVWV1hZWmNkZWZnaGlqc3R1dnd4eXqDhIWGh4iJipKTlJWWl5iZmqKjpKWmp6ipqrKztLW2t7i5usLDxMXGx8jJytLT1NXW19jZ2uHi4+Tl5ufo6erx8vP09fb3+Pn6/8QAHwEAAwEBAQEBAQEBAQAAAAAAAAECAwQFBgcICQoL/8QAtREAAgECBAQDBAcFBAQAAQJ3AAECAxEEBSExBhJBUQdhcRMiMoEIFEKRobHBCSMzUvAVYnLRChYkNOEl8RcYGRomJygpKjU2Nzg5OkNERUZHSElKU1RVVldYWVpjZGVmZ2hpanN0dXZ3eHl6goOEhYaHiImKkpOUlZaXmJmaoqOkpaanqKmqsrO0tba3uLm6wsPExcbHyMnK0tPU1dbX2Nna4uPk5ebn6Onq8vP09fb3+Pn6/9oADAMBAAIRAxEAPwD9/KKQyIBndRvX1oAWoppggLdcdqJJ1AOTVaebYcucKenvSbUdxXOY+IHx6+Ffwv1Sx0nxz4zstMl1HP2RryXYrkds1teFPH3grxtaLc+GfFunaoj8q1ncK/H4Gvjz9r7/AIJ6/Gv4p+Nrn4k/D34vwX3mSF4NB10tFDEP7m9d25fQbRj1rrv2A/2PvFvwSFz4/wDinbQ23iO5gNoNOsZ90Flb795CkEgszYJPoMcVv7On7JT5t/L/AIJ6VPB4aphnVVXVdLde2/4n1eFUDAUY9hUTXtovDyAfWsOz8c+HdV1G58N2V+PtVuPmBr4x/bZu/jT+0f8AEXxt+yn8M/Ek3h7WNPsNO1LQCd4jvLczbbmR5FACKgx3OTgcZryv7Rw9Sg6tCSmk2tH1W6LyvLP7RxXsqlRU47uT2Sulfptc+4dP8ReH9VP/ABKvENrc+1vdI/8AI1U1Lxz4W0nUP7N1LV4Le4I43+lfK3wC/Yh+M3w1vPBXjnW/i9BLq+hB08Q3MNoc6xbNGQIZSXGSrYcPg8qOOao/tH/sv/tQfGK9l0uDWbBLWd42hvxf+WtuBKpJkUZZgU3KAM8mt8PiFiI3tY58bhqGGq8lKpzrva36s+wtP1nS9aQNY3cFyvrG4J/KrZwoGBgdhXkf7JX7M0P7NXgt9GfxddazdXmyS9uZ8qnmhdpKLk7Qe/rXqGqakumWT6nqA2wwctjrXQcZcoqj4c8TaH4v0iDxB4c1GK7srqJZbW6gbKSxsMqwPuOavlSBkigB9FJvX1oLKvU0ALRQCCMiigAooooAKKKKACiiigAooooAKKKKACjpRSFlIxmgADAnApcgdTTUAHOapatqH2aPeD8uOtAF8jPBpNi1n6dqouEB9OtaCPu6jFAC0UUUAFFFFABRRRQAUUUUAcfpmr6p42+HYvgx027u7Unn/ljJXF/Avwt8V/gp8K5tH+MXxaPifUjezy/21eRmNY4mkLIjMeyggfhXqGkyaffQC906UyoccZwPyrgP2mLfxPffDO80Pw3ohv7nUUMGwdgf/wBVa0qaq1FBu1zy8TmGJynI5zaVSUI3emsmuy1tf5lDTf2h9Au/Ftt4N0/UIdTu', '{\"msg\":\"操作成功\",\"code\":200}', 0, NULL, '2022-01-24 16:27:40');
INSERT INTO `sys_oper_log` VALUES (165, '奖品', 2, 'com.ruoyi.cj.controller.PrizeController.edit()', 'PUT', 1, 'admin', NULL, '/cj/prize', '127.0.0.1', '内网IP', '{\"remark\":\"N\",\"params\":{},\"backImg\":\"data:image/jpeg;base64,/9j/4AAQSkZJRgABAQAAAQABAAD/2wBDAAIBAQEBAQIBAQECAgICAgQDAgICAgUEBAMEBgUGBgYFBgYGBwkIBgcJBwYGCAsICQoKCgoKBggLDAsKDAkKCgr/2wBDAQICAgICAgUDAwUKBwYHCgoKCgoKCgoKCgoKCgoKCgoKCgoKCgoKCgoKCgoKCgoKCgoKCgoKCgoKCgoKCgoKCgr/wAARCAC+AUwDASIAAhEBAxEB/8QAHwAAAQUBAQEBAQEAAAAAAAAAAAECAwQFBgcICQoL/8QAtRAAAgEDAwIEAwUFBAQAAAF9AQIDAAQRBRIhMUEGE1FhByJxFDKBkaEII0KxwRVS0fAkM2JyggkKFhcYGRolJicoKSo0NTY3ODk6Q0RFRkdISUpTVFVWV1hZWmNkZWZnaGlqc3R1dnd4eXqDhIWGh4iJipKTlJWWl5iZmqKjpKWmp6ipqrKztLW2t7i5usLDxMXGx8jJytLT1NXW19jZ2uHi4+Tl5ufo6erx8vP09fb3+Pn6/8QAHwEAAwEBAQEBAQEBAQAAAAAAAAECAwQFBgcICQoL/8QAtREAAgECBAQDBAcFBAQAAQJ3AAECAxEEBSExBhJBUQdhcRMiMoEIFEKRobHBCSMzUvAVYnLRChYkNOEl8RcYGRomJygpKjU2Nzg5OkNERUZHSElKU1RVVldYWVpjZGVmZ2hpanN0dXZ3eHl6goOEhYaHiImKkpOUlZaXmJmaoqOkpaanqKmqsrO0tba3uLm6wsPExcbHyMnK0tPU1dbX2Nna4uPk5ebn6Onq8vP09fb3+Pn6/9oADAMBAAIRAxEAPwD9/KKQyIBndRvX1oAWoppggLdcdqJJ1AOTVaebYcucKenvSbUdxXOY+IHx6+Ffwv1Sx0nxz4zstMl1HP2RryXYrkds1teFPH3grxtaLc+GfFunaoj8q1ncK/H4Gvjz9r7/AIJ6/Gv4p+Nrn4k/D34vwX3mSF4NB10tFDEP7m9d25fQbRj1rrv2A/2PvFvwSFz4/wDinbQ23iO5gNoNOsZ90Flb795CkEgszYJPoMcVv7On7JT5t/L/AIJ6VPB4aphnVVXVdLde2/4n1eFUDAUY9hUTXtovDyAfWsOz8c+HdV1G58N2V+PtVuPmBr4x/bZu/jT+0f8AEXxt+yn8M/Ek3h7WNPsNO1LQCd4jvLczbbmR5FACKgx3OTgcZryv7Rw9Sg6tCSmk2tH1W6LyvLP7RxXsqlRU47uT2Sulfptc+4dP8ReH9VP/ABKvENrc+1vdI/8AI1U1Lxz4W0nUP7N1LV4Le4I43+lfK3wC/Yh+M3w1vPBXjnW/i9BLq+hB08Q3MNoc6xbNGQIZSXGSrYcPg8qOOao/tH/sv/tQfGK9l0uDWbBLWd42hvxf+WtuBKpJkUZZgU3KAM8mt8PiFiI3tY58bhqGGq8lKpzrva36s+wtP1nS9aQNY3cFyvrG4J/KrZwoGBgdhXkf7JX7M0P7NXgt9GfxddazdXmyS9uZ8qnmhdpKLk7Qe/rXqGqakumWT6nqA2wwctjrXQcZcoqj4c8TaH4v0iDxB4c1GK7srqJZbW6gbKSxsMqwPuOavlSBkigB9FJvX1oLKvU0ALRQCCMiigAooooAKKKKACiiigAooooAKKKKACjpRSFlIxmgADAnApcgdTTUAHOapatqH2aPeD8uOtAF8jPBpNi1n6dqouEB9OtaCPu6jFAC0UUUAFFFFABRRRQAUUUUAcfpmr6p42+HYvgx027u7Unn/ljJXF/Avwt8V/gp8K5tH+MXxaPifUjezy/21eRmNY4mkLIjMeyggfhXqGkyaffQC906UyoccZwPyrgP2mLfxPffDO80Pw3ohv7nUUMGwdgf/wBVa0qaq1FBu1zy8TmGJynI5zaVSUI3emsmuy1tf5lDTf2h9Au/Ftt4N0/UIdTu', '{\"msg\":\"操作成功\",\"code\":200}', 0, NULL, '2022-01-24 16:28:44');
INSERT INTO `sys_oper_log` VALUES (166, '奖品', 2, 'com.ruoyi.cj.controller.PrizeController.edit()', 'PUT', 1, 'admin', NULL, '/cj/prize', '127.0.0.1', '内网IP', '{\"remark\":\"\",\"params\":{},\"backImg\":\"data:image/jpeg;base64,iVBORw0KGgoAAAANSUhEUgAAAGQAAAA/CAYAAAAWq21gAAAAAXNSR0IArs4c6QAAAARnQU1BAACxjwv8YQUAAAAJcEhZcwAADsQAAA7EAZUrDhsAADRjSURBVHhetX0JvF1Vee//zOOd59zc3MwhhEAIg4BBiKCgxVQErSZQC1ortYqKYCutRDu952t92tb2WaFaASlPGWRSSxGkgcgQUmLIcDPdmzvP5w5nnvr/f+ucmwTpz/7ek3Wyz1577bW+9a1v/tbe58bzWHd7Gf/fpYxy2QOv14OirjyAl20oe8EqSl6eeehG2cMePg/8JR/g8fCe+vk4ln3KJV6rzcNxJQTKQetb9hB+iYB8HMMKvwndxz6c08cbZS3Bx3Gci3cE0hXNrgv28/hd1StALOqs4i2gRDwNY85T0hBdEVfODKHp5X2tyUaWCwTBuXTlQLuzCuvlEnElHI2ullKpxKU6AGWtUXWusSy82b+ks3DweInFr7n4CFsLse/KJD5Rk02azOch8fmxhbNBLFN/T7nIriScjefBfmVe6J7avF6OI+J+tnsEk305yObxkNgay07wC6IWxkNEUF2HrZm9SS738ZB1PISfxlEmOB9haH4HljiqQgKSCR4C8PI64CM89vVROLwBjhXD2Kb+mkO0FgwjtionF96TYPqEF2mi9UisJMhliTJpIBr9GkoFi5OKFg0tWMw4+baQqTYIaeOMO7hkEqVCSH6EnIhS4G1bqArPBsquVaNWco68GFqhiEnjwgAVtolmRrfKp9JFdZPWyjgvDx9xMMky6SJOrTVIh0MIERHKOsoBaY6T+upHGi7COgEQHAkB+1M7VMSg6kcc1+oMT06lcT5aAuHHf29GEYo6CRnWJH4mbRXEeBgyZip01mG3ra6xPrWpjy1OLb9cDIar2IxmjbReXVeOym13rU+1btfupkTBLniIODKTIrCPFMplM2j42Idx3t3fhPfdlyFfE4E/n0MYeWoKRciY4A5R1Myt1QVasE/crx66qe8Kb8zMWZvu/3p8CIGSyFqEJinypAklDd4yzQn5XhLyOgsD3vTRBDm7KQZJSJ0psJsmKjwbnIokCZ76cY7qXAtz6h4PjySS8KptrvCOBILwSly4lz5McAymVRxuRTcFTZ60xeHlz5cxtrwW1/zzfSgG2xHg/ZnJMbzynW9g+pkfIzo+jyBbvd6Q+RRClkugWlN7ZBx0XWRda3ldKRfVV/p2gl5asG9rfXy71X8NZYFwPJnUqcKzh06gLNuvj2ww+wlZXQv/6jjZV7WWzJFLYoiiM+4GSkzjbde3OkawbB5XzH9UpNRporWaZTQfoRmNatbMf7xHsAKh+EAOXIP4jflCHo0f/hCWbng7+UNYJGAoFsfyizZj8ZVbkGpsQWp8nMcoBaxA/yZY5sVsDufLVK3Mx1LFW2g4GmhuIaD+xObN0RCBJFqiApvkDEt0vELUBTd0ZuxrjttI4saLWVJ53rCFeKhdZkJshINfjVhO1hC3SB68dhGaKwsMscWzEL63wgx9V8cVqSEmAGyUoxU7fPRJv6j34mOP/Ss8/ka2cC5zB4oEpetuFjUNvPIU9n/r/yL3i90IpgoI+J0lkKAU1V/McRhUcCIdKr5FWl2ktWAL235tTv2Xi5MoLtDN64qtgY0ON0NYF0YYtz4bp2Ind5vEqgzghZdMNIdZAaIFql1dK6y1turCJfoGinX5aFbs0LUdbFLRFLKYaqGCYiKfQveWy0hcMcO1L4zlx83vTM6SjZfhin/4Js77l2+j5rotmPH5kZvJUCPzhMnIz+aqCs6JYpfWJFiahX3eLB/iJE03eMEQUbG3nLMFVbynsNEYor782HhKsC3TzJoQ9ltYaAxhXy3INKIyn4ot0ubjF/uZaeIta9cwg8j7FU06ZZwKLwvihHAiZLUWee9QHLj23vvQ2LLSY', '{\"msg\":\"操作成功\",\"code\":200}', 0, NULL, '2022-01-24 16:29:38');
INSERT INTO `sys_oper_log` VALUES (167, '奖品', 2, 'com.ruoyi.cj.controller.PrizeController.edit()', 'PUT', 1, 'admin', NULL, '/cj/prize', '127.0.0.1', '内网IP', '{\"remark\":\"\",\"params\":{},\"backImg\":\"data:image/jpeg;base64,iVBORw0KGgoAAAANSUhEUgAAAGQAAAA/CAYAAAAWq21gAAAAAXNSR0IArs4c6QAAAARnQU1BAACxjwv8YQUAAAAJcEhZcwAADsQAAA7EAZUrDhsAADRjSURBVHhetX0JvF1Vee//zOOd59zc3MwhhEAIg4BBiKCgxVQErSZQC1ortYqKYCutRDu952t92tb2WaFaASlPGWRSSxGkgcgQUmLIcDPdmzvP5w5nnvr/f+ucmwTpz/7ek3Wyz1577bW+9a1v/tbe58bzWHd7Gf/fpYxy2QOv14OirjyAl20oe8EqSl6eeehG2cMePg/8JR/g8fCe+vk4ln3KJV6rzcNxJQTKQetb9hB+iYB8HMMKvwndxz6c08cbZS3Bx3Gci3cE0hXNrgv28/hd1StALOqs4i2gRDwNY85T0hBdEVfODKHp5X2tyUaWCwTBuXTlQLuzCuvlEnElHI2ullKpxKU6AGWtUXWusSy82b+ks3DweInFr7n4CFsLse/KJD5Rk02azOch8fmxhbNBLFN/T7nIriScjefBfmVe6J7avF6OI+J+tnsEk305yObxkNgay07wC6IWxkNEUF2HrZm9SS738ZB1PISfxlEmOB9haH4HljiqQgKSCR4C8PI64CM89vVROLwBjhXD2Kb+mkO0FgwjtionF96TYPqEF2mi9UisJMhliTJpIBr9GkoFi5OKFg0tWMw4+baQqTYIaeOMO7hkEqVCSH6EnIhS4G1bqArPBsquVaNWco68GFqhiEnjwgAVtolmRrfKp9JFdZPWyjgvDx9xMMky6SJOrTVIh0MIERHKOsoBaY6T+upHGi7COgEQHAkB+1M7VMSg6kcc1+oMT06lcT5aAuHHf29GEYo6CRnWJH4mbRXEeBgyZip01mG3ra6xPrWpjy1OLb9cDIar2IxmjbReXVeOym13rU+1btfupkTBLniIODKTIrCPFMplM2j42Idx3t3fhPfdlyFfE4E/n0MYeWoKRciY4A5R1Myt1QVasE/crx66qe8Kb8zMWZvu/3p8CIGSyFqEJinypAklDd4yzQn5XhLyOgsD3vTRBDm7KQZJSJ0psJsmKjwbnIokCZ76cY7qXAtz6h4PjySS8KptrvCOBILwSly4lz5McAymVRxuRTcFTZ60xeHlz5cxtrwW1/zzfSgG2xHg/ZnJMbzynW9g+pkfIzo+jyBbvd6Q+RRClkugWlN7ZBx0XWRda3ldKRfVV/p2gl5asG9rfXy71X8NZYFwPJnUqcKzh06gLNuvj2ww+wlZXQv/6jjZV7WWzJFLYoiiM+4GSkzjbde3OkawbB5XzH9UpNRporWaZTQfoRmNatbMf7xHsAKh+EAOXIP4jflCHo0f/hCWbng7+UNYJGAoFsfyizZj8ZVbkGpsQWp8nMcoBaxA/yZY5sVsDufLVK3Mx1LFW2g4GmhuIaD+xObN0RCBJFqiApvkDEt0vELUBTd0ZuxrjttI4saLWVJ53rCFeKhdZkJshINfjVhO1hC3SB68dhGaKwsMscWzEL63wgx9V8cVqSEmAGyUoxU7fPRJv6j34mOP/Ss8/ka2cC5zB4oEpetuFjUNvPIU9n/r/yL3i90IpgoI+J0lkKAU1V/McRhUcCIdKr5FWl2ktWAL235tTv2Xi5MoLtDN64qtgY0ON0NYF0YYtz4bp2Ind5vEqgzghZdMNIdZAaIFql1dK6y1turCJfoGinX5aFbs0LUdbFLRFLKYaqGCYiKfQveWy0hcMcO1L4zlx83vTM6SjZfhin/4Js77l2+j5rotmPH5kZvJUCPzhMnIz+aqCs6JYpfWJFiahX3eLB/iJE03eMEQUbG3nLMFVbynsNEYor782HhKsC3TzJoQ9ltYaAxhXy3INKIyn4ot0ubjF/uZaeIta9cwg8j7FU06ZZwKLwvihHAiZLUWee9QHLj23vvQ2LLSY', '{\"msg\":\"操作成功\",\"code\":200}', 0, NULL, '2022-01-24 16:29:46');
INSERT INTO `sys_oper_log` VALUES (168, '奖品', 2, 'com.ruoyi.cj.controller.PrizeController.edit()', 'PUT', 1, 'admin', NULL, '/cj/prize', '127.0.0.1', '内网IP', '{\"remark\":\"\",\"params\":{},\"backImg\":\"data:image/jpeg;base64,iVBORw0KGgoAAAANSUhEUgAAAGQAAAA/CAYAAAAWq21gAAAAAXNSR0IArs4c6QAAAARnQU1BAACxjwv8YQUAAAAJcEhZcwAADsQAAA7EAZUrDhsAADRjSURBVHhetX0JvF1Vee//zOOd59zc3MwhhEAIg4BBiKCgxVQErSZQC1ortYqKYCutRDu952t92tb2WaFaASlPGWRSSxGkgcgQUmLIcDPdmzvP5w5nnvr/f+ucmwTpz/7ek3Wyz1577bW+9a1v/tbe58bzWHd7Gf/fpYxy2QOv14OirjyAl20oe8EqSl6eeehG2cMePg/8JR/g8fCe+vk4ln3KJV6rzcNxJQTKQetb9hB+iYB8HMMKvwndxz6c08cbZS3Bx3Gci3cE0hXNrgv28/hd1StALOqs4i2gRDwNY85T0hBdEVfODKHp5X2tyUaWCwTBuXTlQLuzCuvlEnElHI2ullKpxKU6AGWtUXWusSy82b+ks3DweInFr7n4CFsLse/KJD5Rk02azOch8fmxhbNBLFN/T7nIriScjefBfmVe6J7avF6OI+J+tnsEk305yObxkNgay07wC6IWxkNEUF2HrZm9SS738ZB1PISfxlEmOB9haH4HljiqQgKSCR4C8PI64CM89vVROLwBjhXD2Kb+mkO0FgwjtionF96TYPqEF2mi9UisJMhliTJpIBr9GkoFi5OKFg0tWMw4+baQqTYIaeOMO7hkEqVCSH6EnIhS4G1bqArPBsquVaNWco68GFqhiEnjwgAVtolmRrfKp9JFdZPWyjgvDx9xMMky6SJOrTVIh0MIERHKOsoBaY6T+upHGi7COgEQHAkB+1M7VMSg6kcc1+oMT06lcT5aAuHHf29GEYo6CRnWJH4mbRXEeBgyZip01mG3ra6xPrWpjy1OLb9cDIar2IxmjbReXVeOym13rU+1btfupkTBLniIODKTIrCPFMplM2j42Idx3t3fhPfdlyFfE4E/n0MYeWoKRciY4A5R1Myt1QVasE/crx66qe8Kb8zMWZvu/3p8CIGSyFqEJinypAklDd4yzQn5XhLyOgsD3vTRBDm7KQZJSJ0psJsmKjwbnIokCZ76cY7qXAtz6h4PjySS8KptrvCOBILwSly4lz5McAymVRxuRTcFTZ60xeHlz5cxtrwW1/zzfSgG2xHg/ZnJMbzynW9g+pkfIzo+jyBbvd6Q+RRClkugWlN7ZBx0XWRda3ldKRfVV/p2gl5asG9rfXy71X8NZYFwPJnUqcKzh06gLNuvj2ww+wlZXQv/6jjZV7WWzJFLYoiiM+4GSkzjbde3OkawbB5XzH9UpNRporWaZTQfoRmNatbMf7xHsAKh+EAOXIP4jflCHo0f/hCWbng7+UNYJGAoFsfyizZj8ZVbkGpsQWp8nMcoBaxA/yZY5sVsDufLVK3Mx1LFW2g4GmhuIaD+xObN0RCBJFqiApvkDEt0vELUBTd0ZuxrjttI4saLWVJ53rCFeKhdZkJshINfjVhO1hC3SB68dhGaKwsMscWzEL63wgx9V8cVqSEmAGyUoxU7fPRJv6j34mOP/Ss8/ka2cC5zB4oEpetuFjUNvPIU9n/r/yL3i90IpgoI+J0lkKAU1V/McRhUcCIdKr5FWl2ktWAL235tTv2Xi5MoLtDN64qtgY0ON0NYF0YYtz4bp2Ind5vEqgzghZdMNIdZAaIFql1dK6y1turCJfoGinX5aFbs0LUdbFLRFLKYaqGCYiKfQveWy0hcMcO1L4zlx83vTM6SjZfhin/4Js77l2+j5rotmPH5kZvJUCPzhMnIz+aqCs6JYpfWJFiahX3eLB/iJE03eMEQUbG3nLMFVbynsNEYor782HhKsC3TzJoQ9ltYaAxhXy3INKIyn4ot0ubjF/uZaeIta9cwg8j7FU06ZZwKLwvihHAiZLUWee9QHLj23vvQ2LLSY', '{\"msg\":\"操作成功\",\"code\":200}', 0, NULL, '2022-01-24 16:30:25');
INSERT INTO `sys_oper_log` VALUES (169, '奖品', 2, 'com.ruoyi.cj.controller.PrizeController.edit()', 'PUT', 1, 'admin', NULL, '/cj/prize', '127.0.0.1', '内网IP', '{\"remark\":\"\",\"params\":{},\"backImg\":\"data:image/jpeg;base64,iVBORw0KGgoAAAANSUhEUgAAAGQAAAA/CAYAAAAWq21gAAAAAXNSR0IArs4c6QAAAARnQU1BAACxjwv8YQUAAAAJcEhZcwAADsQAAA7EAZUrDhsAADRjSURBVHhetX0JvF1Vee//zOOd59zc3MwhhEAIg4BBiKCgxVQErSZQC1ortYqKYCutRDu952t92tb2WaFaASlPGWRSSxGkgcgQUmLIcDPdmzvP5w5nnvr/f+ucmwTpz/7ek3Wyz1577bW+9a1v/tbe58bzWHd7Gf/fpYxy2QOv14OirjyAl20oe8EqSl6eeehG2cMePg/8JR/g8fCe+vk4ln3KJV6rzcNxJQTKQetb9hB+iYB8HMMKvwndxz6c08cbZS3Bx3Gci3cE0hXNrgv28/hd1StALOqs4i2gRDwNY85T0hBdEVfODKHp5X2tyUaWCwTBuXTlQLuzCuvlEnElHI2ullKpxKU6AGWtUXWusSy82b+ks3DweInFr7n4CFsLse/KJD5Rk02azOch8fmxhbNBLFN/T7nIriScjefBfmVe6J7avF6OI+J+tnsEk305yObxkNgay07wC6IWxkNEUF2HrZm9SS738ZB1PISfxlEmOB9haH4HljiqQgKSCR4C8PI64CM89vVROLwBjhXD2Kb+mkO0FgwjtionF96TYPqEF2mi9UisJMhliTJpIBr9GkoFi5OKFg0tWMw4+baQqTYIaeOMO7hkEqVCSH6EnIhS4G1bqArPBsquVaNWco68GFqhiEnjwgAVtolmRrfKp9JFdZPWyjgvDx9xMMky6SJOrTVIh0MIERHKOsoBaY6T+upHGi7COgEQHAkB+1M7VMSg6kcc1+oMT06lcT5aAuHHf29GEYo6CRnWJH4mbRXEeBgyZip01mG3ra6xPrWpjy1OLb9cDIar2IxmjbReXVeOym13rU+1btfupkTBLniIODKTIrCPFMplM2j42Idx3t3fhPfdlyFfE4E/n0MYeWoKRciY4A5R1Myt1QVasE/crx66qe8Kb8zMWZvu/3p8CIGSyFqEJinypAklDd4yzQn5XhLyOgsD3vTRBDm7KQZJSJ0psJsmKjwbnIokCZ76cY7qXAtz6h4PjySS8KptrvCOBILwSly4lz5McAymVRxuRTcFTZ60xeHlz5cxtrwW1/zzfSgG2xHg/ZnJMbzynW9g+pkfIzo+jyBbvd6Q+RRClkugWlN7ZBx0XWRda3ldKRfVV/p2gl5asG9rfXy71X8NZYFwPJnUqcKzh06gLNuvj2ww+wlZXQv/6jjZV7WWzJFLYoiiM+4GSkzjbde3OkawbB5XzH9UpNRporWaZTQfoRmNatbMf7xHsAKh+EAOXIP4jflCHo0f/hCWbng7+UNYJGAoFsfyizZj8ZVbkGpsQWp8nMcoBaxA/yZY5sVsDufLVK3Mx1LFW2g4GmhuIaD+xObN0RCBJFqiApvkDEt0vELUBTd0ZuxrjttI4saLWVJ53rCFeKhdZkJshINfjVhO1hC3SB68dhGaKwsMscWzEL63wgx9V8cVqSEmAGyUoxU7fPRJv6j34mOP/Ss8/ka2cC5zB4oEpetuFjUNvPIU9n/r/yL3i90IpgoI+J0lkKAU1V/McRhUcCIdKr5FWl2ktWAL235tTv2Xi5MoLtDN64qtgY0ON0NYF0YYtz4bp2Ind5vEqgzghZdMNIdZAaIFql1dK6y1turCJfoGinX5aFbs0LUdbFLRFLKYaqGCYiKfQveWy0hcMcO1L4zlx83vTM6SjZfhin/4Js77l2+j5rotmPH5kZvJUCPzhMnIz+aqCs6JYpfWJFiahX3eLB/iJE03eMEQUbG3nLMFVbynsNEYor782HhKsC3TzJoQ9ltYaAxhXy3INKIyn4ot0ubjF/uZaeIta9cwg8j7FU06ZZwKLwvihHAiZLUWee9QHLj23vvQ2LLSY', '{\"msg\":\"操作成功\",\"code\":200}', 0, NULL, '2022-01-24 16:32:20');
INSERT INTO `sys_oper_log` VALUES (170, '奖品', 2, 'com.ruoyi.cj.controller.PrizeController.edit()', 'PUT', 1, 'admin', NULL, '/cj/prize', '127.0.0.1', '内网IP', '{\"remark\":\"\",\"params\":{},\"backImg\":\"data:image/jpeg;base64,iVBORw0KGgoAAAANSUhEUgAAAGQAAAA/CAYAAAAWq21gAAAAAXNSR0IArs4c6QAAAARnQU1BAACxjwv8YQUAAAAJcEhZcwAADsQAAA7EAZUrDhsAADRjSURBVHhetX0JvF1Vee//zOOd59zc3MwhhEAIg4BBiKCgxVQErSZQC1ortYqKYCutRDu952t92tb2WaFaASlPGWRSSxGkgcgQUmLIcDPdmzvP5w5nnvr/f+ucmwTpz/7ek3Wyz1577bW+9a1v/tbe58bzWHd7Gf/fpYxy2QOv14OirjyAl20oe8EqSl6eeehG2cMePg/8JR/g8fCe+vk4ln3KJV6rzcNxJQTKQetb9hB+iYB8HMMKvwndxz6c08cbZS3Bx3Gci3cE0hXNrgv28/hd1StALOqs4i2gRDwNY85T0hBdEVfODKHp5X2tyUaWCwTBuXTlQLuzCuvlEnElHI2ullKpxKU6AGWtUXWusSy82b+ks3DweInFr7n4CFsLse/KJD5Rk02azOch8fmxhbNBLFN/T7nIriScjefBfmVe6J7avF6OI+J+tnsEk305yObxkNgay07wC6IWxkNEUF2HrZm9SS738ZB1PISfxlEmOB9haH4HljiqQgKSCR4C8PI64CM89vVROLwBjhXD2Kb+mkO0FgwjtionF96TYPqEF2mi9UisJMhliTJpIBr9GkoFi5OKFg0tWMw4+baQqTYIaeOMO7hkEqVCSH6EnIhS4G1bqArPBsquVaNWco68GFqhiEnjwgAVtolmRrfKp9JFdZPWyjgvDx9xMMky6SJOrTVIh0MIERHKOsoBaY6T+upHGi7COgEQHAkB+1M7VMSg6kcc1+oMT06lcT5aAuHHf29GEYo6CRnWJH4mbRXEeBgyZip01mG3ra6xPrWpjy1OLb9cDIar2IxmjbReXVeOym13rU+1btfupkTBLniIODKTIrCPFMplM2j42Idx3t3fhPfdlyFfE4E/n0MYeWoKRciY4A5R1Myt1QVasE/crx66qe8Kb8zMWZvu/3p8CIGSyFqEJinypAklDd4yzQn5XhLyOgsD3vTRBDm7KQZJSJ0psJsmKjwbnIokCZ76cY7qXAtz6h4PjySS8KptrvCOBILwSly4lz5McAymVRxuRTcFTZ60xeHlz5cxtrwW1/zzfSgG2xHg/ZnJMbzynW9g+pkfIzo+jyBbvd6Q+RRClkugWlN7ZBx0XWRda3ldKRfVV/p2gl5asG9rfXy71X8NZYFwPJnUqcKzh06gLNuvj2ww+wlZXQv/6jjZV7WWzJFLYoiiM+4GSkzjbde3OkawbB5XzH9UpNRporWaZTQfoRmNatbMf7xHsAKh+EAOXIP4jflCHo0f/hCWbng7+UNYJGAoFsfyizZj8ZVbkGpsQWp8nMcoBaxA/yZY5sVsDufLVK3Mx1LFW2g4GmhuIaD+xObN0RCBJFqiApvkDEt0vELUBTd0ZuxrjttI4saLWVJ53rCFeKhdZkJshINfjVhO1hC3SB68dhGaKwsMscWzEL63wgx9V8cVqSEmAGyUoxU7fPRJv6j34mOP/Ss8/ka2cC5zB4oEpetuFjUNvPIU9n/r/yL3i90IpgoI+J0lkKAU1V/McRhUcCIdKr5FWl2ktWAL235tTv2Xi5MoLtDN64qtgY0ON0NYF0YYtz4bp2Ind5vEqgzghZdMNIdZAaIFql1dK6y1turCJfoGinX5aFbs0LUdbFLRFLKYaqGCYiKfQveWy0hcMcO1L4zlx83vTM6SjZfhin/4Js77l2+j5rotmPH5kZvJUCPzhMnIz+aqCs6JYpfWJFiahX3eLB/iJE03eMEQUbG3nLMFVbynsNEYor782HhKsC3TzJoQ9ltYaAxhXy3INKIyn4ot0ubjF/uZaeIta9cwg8j7FU06ZZwKLwvihHAiZLUWee9QHLj23vvQ2LLSY', '{\"msg\":\"操作成功\",\"code\":200}', 0, NULL, '2022-01-24 16:32:20');
INSERT INTO `sys_oper_log` VALUES (171, '奖品', 2, 'com.ruoyi.cj.controller.PrizeController.edit()', 'PUT', 1, 'admin', NULL, '/cj/prize', '127.0.0.1', '内网IP', '{\"remark\":\"\",\"params\":{},\"backImg\":\"data:image/jpeg;base64,/9j/4AAQSkZJRgABAQAAAQABAAD/2wBDAAIBAQEBAQIBAQECAgICAgQDAgICAgUEBAMEBgUGBgYFBgYGBwkIBgcJBwYGCAsICQoKCgoKBggLDAsKDAkKCgr/2wBDAQICAgICAgUDAwUKBwYHCgoKCgoKCgoKCgoKCgoKCgoKCgoKCgoKCgoKCgoKCgoKCgoKCgoKCgoKCgoKCgoKCgr/wAARCAC+AUwDASIAAhEBAxEB/8QAHwAAAQUBAQEBAQEAAAAAAAAAAAECAwQFBgcICQoL/8QAtRAAAgEDAwIEAwUFBAQAAAF9AQIDAAQRBRIhMUEGE1FhByJxFDKBkaEII0KxwRVS0fAkM2JyggkKFhcYGRolJicoKSo0NTY3ODk6Q0RFRkdISUpTVFVWV1hZWmNkZWZnaGlqc3R1dnd4eXqDhIWGh4iJipKTlJWWl5iZmqKjpKWmp6ipqrKztLW2t7i5usLDxMXGx8jJytLT1NXW19jZ2uHi4+Tl5ufo6erx8vP09fb3+Pn6/8QAHwEAAwEBAQEBAQEBAQAAAAAAAAECAwQFBgcICQoL/8QAtREAAgECBAQDBAcFBAQAAQJ3AAECAxEEBSExBhJBUQdhcRMiMoEIFEKRobHBCSMzUvAVYnLRChYkNOEl8RcYGRomJygpKjU2Nzg5OkNERUZHSElKU1RVVldYWVpjZGVmZ2hpanN0dXZ3eHl6goOEhYaHiImKkpOUlZaXmJmaoqOkpaanqKmqsrO0tba3uLm6wsPExcbHyMnK0tPU1dbX2Nna4uPk5ebn6Onq8vP09fb3+Pn6/9oADAMBAAIRAxEAPwD9/KKQyIBndRvX1oAWoppggLdcdqJJ1AOTVaebYcucKenvSbUdxXOY+IHx6+Ffwv1Sx0nxz4zstMl1HP2RryXYrkds1teFPH3grxtaLc+GfFunaoj8q1ncK/H4Gvjz9r7/AIJ6/Gv4p+Nrn4k/D34vwX3mSF4NB10tFDEP7m9d25fQbRj1rrv2A/2PvFvwSFz4/wDinbQ23iO5gNoNOsZ90Flb795CkEgszYJPoMcVv7On7JT5t/L/AIJ6VPB4aphnVVXVdLde2/4n1eFUDAUY9hUTXtovDyAfWsOz8c+HdV1G58N2V+PtVuPmBr4x/bZu/jT+0f8AEXxt+yn8M/Ek3h7WNPsNO1LQCd4jvLczbbmR5FACKgx3OTgcZryv7Rw9Sg6tCSmk2tH1W6LyvLP7RxXsqlRU47uT2Sulfptc+4dP8ReH9VP/ABKvENrc+1vdI/8AI1U1Lxz4W0nUP7N1LV4Le4I43+lfK3wC/Yh+M3w1vPBXjnW/i9BLq+hB08Q3MNoc6xbNGQIZSXGSrYcPg8qOOao/tH/sv/tQfGK9l0uDWbBLWd42hvxf+WtuBKpJkUZZgU3KAM8mt8PiFiI3tY58bhqGGq8lKpzrva36s+wtP1nS9aQNY3cFyvrG4J/KrZwoGBgdhXkf7JX7M0P7NXgt9GfxddazdXmyS9uZ8qnmhdpKLk7Qe/rXqGqakumWT6nqA2wwctjrXQcZcoqj4c8TaH4v0iDxB4c1GK7srqJZbW6gbKSxsMqwPuOavlSBkigB9FJvX1oLKvU0ALRQCCMiigAooooAKKKKACiiigAooooAKKKKACjpRSFlIxmgADAnApcgdTTUAHOapatqH2aPeD8uOtAF8jPBpNi1n6dqouEB9OtaCPu6jFAC0UUUAFFFFABRRRQAUUUUAcfpmr6p42+HYvgx027u7Unn/ljJXF/Avwt8V/gp8K5tH+MXxaPifUjezy/21eRmNY4mkLIjMeyggfhXqGkyaffQC906UyoccZwPyrgP2mLfxPffDO80Pw3ohv7nUUMGwdgf/wBVa0qaq1FBu1zy8TmGJynI5zaVSUI3emsmuy1tf5lDTf2h9Au/Ftt4N0/UIdTu3', '{\"msg\":\"操作成功\",\"code\":200}', 0, NULL, '2022-01-24 16:32:26');
INSERT INTO `sys_oper_log` VALUES (172, '奖品', 2, 'com.ruoyi.cj.controller.PrizeController.edit()', 'PUT', 1, 'admin', NULL, '/cj/prize', '127.0.0.1', '内网IP', '{\"remark\":\"\",\"params\":{},\"backImg\":\"data:image/jpeg;base64,iVBORw0KGgoAAAANSUhEUgAAAFAAAABQCAYAAACOEfKtAAAAAXNSR0IArs4c6QAAAARnQU1BAACxjwv8YQUAAAAJcEhZcwAADsQAAA7EAZUrDhsAAES5SURBVHheZb0HlGzZdZ73162cq7o6x/f65fzmTc6DGcwgEMSAIBgAMMgUJZqW7GVbNiXTslbL0hKxaJsKFkmQpklZEmiSGAMkQWRgMHkwCfPm5dw5d1fOdavK37794GUv97zqrrp177nn7P3vf//73HPv+F7+naf6teq28oUttVpVlRt9nV/q69rtrsq1niK9nrK+oOJtKV7rKNMNSOqr4O9pNdhXkY/+bFD9gKNyvaV2l8+OT/xTJBxQv9uT2+8rnuhreDClh44d1qOHR5VOJxWMBBT0Owqwc8Dvl+M48vl8vDgDx/j8e+9pzWvPvnPYzgZ60FOv1+fv///HjrWdvHbYp9ejU/z12f4+3ttRXR/ve7ztqNeqqV3b4W/dWmXXBt+7qlfXVCv3Val2dWHR0dVV2nJpx+uLNBIL0B+3rWaroW6v5XWq0uppfaertYqrGsarR33aSvl0M93Txai0LFdlv1SM+7Qbk9w4Aw/RP+sUxgxiNPkC6jIIx/HLh1Fa7Z52d/paWWlpYWldC7tbKnZrDKTHMG1AHM1gzBy9Pn/7XUxm3/ENPfV5DnHEadVz2Me+4JPfvrOR8L1tst/2nzmCf3xng9079sff9dne55ev7zXCd3sGsaPltz7z8va3TRyBwflI/3jPieke2x21m9J9P/EhOfVaQc1GmQG7cruOqhiu26Hz5mh67Ach1sEOn7f5vBKRWqAv4foUN0cGfGrwZb3ZMTuAPhDFfgE7Kz9dnGC2tRNXqx1dnl/XN9+/oSs3ltQoVzFGj326anda3l/78VBgo9rziWfMvhkapwQYvGODseY5l3c+OmqOslH/GMHWiq+LMTjSkGfG5gPt+TiGbaCbf7RlW4gUGtxDX88zqvptzwZsoh1ebpe3GNbz4p4jQr51OY12iZ2tcwF1OGGXt36MQtQSegKdGK/pl9uis2zrDoKZGJ8J31CIVuhMvdkFZfZZOjIVUW6QcwRBHp1uMABr564lVKr4NX+rros3trVawYCEUKtTV61aULtd3jMUPe/aO/7aofYyxPTtsxmJLd7LM9jey/FQam/sGDvCO8gzgoU93+zt6DX2YyfcdYSh/24EeLt5vznGjIfBsLGHejNTD5D5g11NTDO+ldtyEvERJZJDCgai8JcDEkNmdKMMdeA9F8P0MGwo2NHocFjJVFjLSfgv0VMDNHpDMTti9LGJlO49NKFz+6Z1aDSm2eGIBqKEuHXCesV+xoeNRld3tvK6tralQr6sZq2oZj2vTqfqcVbXeLNDRLQ7cvE8JOaNysLIhtg3Y/5/XnztWdZ2MtSxv22z0Xvb98ZjP14ogjKLDJ8h3hDjjdi1b60h749j7d41oFFUn/H14MVwmJwAQNJJvwr9tJx4IgOZxzxCbnVIHHVXDYxm7XAMhuXl7yqT8SsC5jvsU3fpQJRuhkAi57VBO/BHqQiy1orq4NmPnTuiD53ar9HBtGIkCz8dcqyfdLZDR/LbLV27fkM3r95WtZCHNlqeo3yQu4WLfXZ59buEEiOy9n2WaDz03H0Rtj9+WQgbf/lou4/xPeNgJOPTniHXowCiy/Ok2dQMZ/ayTnFOONUH5PbCms+GSGuPfvONh+JI2FF2yK9EOqwUSXCUv06n21KzWVO93lC12dYO6HDhwKkBaSIn5TJ9DQx04R4QV25pZxOuoyNxkOUHWi5p1/rqJ+Z3SD4XLu9odWNHiWxcIxgvEXOUiQRFwsIBfQUhFKIbw/S1u+vTRpXzM+Aucd5ttdVBCXQ7HfVdDOrWAQYGsRMyDIs279fdl5dt7St+7A9+440ht+4Z3jOa/TaHeMa8i0zvG', '{\"msg\":\"操作成功\",\"code\":200}', 0, NULL, '2022-01-24 16:32:32');
INSERT INTO `sys_oper_log` VALUES (173, '奖品', 2, 'com.ruoyi.cj.controller.PrizeController.edit()', 'PUT', 1, 'admin', NULL, '/cj/prize', '127.0.0.1', '内网IP', '{\"remark\":\"\",\"params\":{},\"backImg\":\"data:image/jpeg;base64,/9j/4AAQSkZJRgABAQAAAQABAAD/2wBDAAIBAQEBAQIBAQECAgICAgQDAgICAgUEBAMEBgUGBgYFBgYGBwkIBgcJBwYGCAsICQoKCgoKBggLDAsKDAkKCgr/2wBDAQICAgICAgUDAwUKBwYHCgoKCgoKCgoKCgoKCgoKCgoKCgoKCgoKCgoKCgoKCgoKCgoKCgoKCgoKCgoKCgoKCgr/wAARCAC+AUwDASIAAhEBAxEB/8QAHwAAAQUBAQEBAQEAAAAAAAAAAAECAwQFBgcICQoL/8QAtRAAAgEDAwIEAwUFBAQAAAF9AQIDAAQRBRIhMUEGE1FhByJxFDKBkaEII0KxwRVS0fAkM2JyggkKFhcYGRolJicoKSo0NTY3ODk6Q0RFRkdISUpTVFVWV1hZWmNkZWZnaGlqc3R1dnd4eXqDhIWGh4iJipKTlJWWl5iZmqKjpKWmp6ipqrKztLW2t7i5usLDxMXGx8jJytLT1NXW19jZ2uHi4+Tl5ufo6erx8vP09fb3+Pn6/8QAHwEAAwEBAQEBAQEBAQAAAAAAAAECAwQFBgcICQoL/8QAtREAAgECBAQDBAcFBAQAAQJ3AAECAxEEBSExBhJBUQdhcRMiMoEIFEKRobHBCSMzUvAVYnLRChYkNOEl8RcYGRomJygpKjU2Nzg5OkNERUZHSElKU1RVVldYWVpjZGVmZ2hpanN0dXZ3eHl6goOEhYaHiImKkpOUlZaXmJmaoqOkpaanqKmqsrO0tba3uLm6wsPExcbHyMnK0tPU1dbX2Nna4uPk5ebn6Onq8vP09fb3+Pn6/9oADAMBAAIRAxEAPwD9/KKQyIBndRvX1oAWoppggLdcdqJJ1AOTVaebYcucKenvSbUdxXOY+IHx6+Ffwv1Sx0nxz4zstMl1HP2RryXYrkds1teFPH3grxtaLc+GfFunaoj8q1ncK/H4Gvjz9r7/AIJ6/Gv4p+Nrn4k/D34vwX3mSF4NB10tFDEP7m9d25fQbRj1rrv2A/2PvFvwSFz4/wDinbQ23iO5gNoNOsZ90Flb795CkEgszYJPoMcVv7On7JT5t/L/AIJ6VPB4aphnVVXVdLde2/4n1eFUDAUY9hUTXtovDyAfWsOz8c+HdV1G58N2V+PtVuPmBr4x/bZu/jT+0f8AEXxt+yn8M/Ek3h7WNPsNO1LQCd4jvLczbbmR5FACKgx3OTgcZryv7Rw9Sg6tCSmk2tH1W6LyvLP7RxXsqlRU47uT2Sulfptc+4dP8ReH9VP/ABKvENrc+1vdI/8AI1U1Lxz4W0nUP7N1LV4Le4I43+lfK3wC/Yh+M3w1vPBXjnW/i9BLq+hB08Q3MNoc6xbNGQIZSXGSrYcPg8qOOao/tH/sv/tQfGK9l0uDWbBLWd42hvxf+WtuBKpJkUZZgU3KAM8mt8PiFiI3tY58bhqGGq8lKpzrva36s+wtP1nS9aQNY3cFyvrG4J/KrZwoGBgdhXkf7JX7M0P7NXgt9GfxddazdXmyS9uZ8qnmhdpKLk7Qe/rXqGqakumWT6nqA2wwctjrXQcZcoqj4c8TaH4v0iDxB4c1GK7srqJZbW6gbKSxsMqwPuOavlSBkigB9FJvX1oLKvU0ALRQCCMiigAooooAKKKKACiiigAooooAKKKKACjpRSFlIxmgADAnApcgdTTUAHOapatqH2aPeD8uOtAF8jPBpNi1n6dqouEB9OtaCPu6jFAC0UUUAFFFFABRRRQAUUUUAcfpmr6p42+HYvgx027u7Unn/ljJXF/Avwt8V/gp8K5tH+MXxaPifUjezy/21eRmNY4mkLIjMeyggfhXqGkyaffQC906UyoccZwPyrgP2mLfxPffDO80Pw3ohv7nUUMGwdgf/wBVa0qaq1FBu1zy8TmGJynI5zaVSUI3emsmuy1tf5lDTf2h9Au/Ftt4N0/UIdTu3', '{\"msg\":\"操作成功\",\"code\":200}', 0, NULL, '2022-01-24 16:32:36');
INSERT INTO `sys_oper_log` VALUES (174, '奖品', 2, 'com.ruoyi.cj.controller.PrizeController.edit()', 'PUT', 1, 'admin', NULL, '/cj/prize', '127.0.0.1', '内网IP', '{\"remark\":\"\",\"params\":{},\"backImg\":\"data:image/jpeg;base64,iVBORw0KGgoAAAANSUhEUgAAAGQAAAA/CAYAAAAWq21gAAAAAXNSR0IArs4c6QAAAARnQU1BAACxjwv8YQUAAAAJcEhZcwAADsQAAA7EAZUrDhsAADRjSURBVHhetX0JvF1Vee//zOOd59zc3MwhhEAIg4BBiKCgxVQErSZQC1ortYqKYCutRDu952t92tb2WaFaASlPGWRSSxGkgcgQUmLIcDPdmzvP5w5nnvr/f+ucmwTpz/7ek3Wyz1577bW+9a1v/tbe58bzWHd7Gf/fpYxy2QOv14OirjyAl20oe8EqSl6eeehG2cMePg/8JR/g8fCe+vk4ln3KJV6rzcNxJQTKQetb9hB+iYB8HMMKvwndxz6c08cbZS3Bx3Gci3cE0hXNrgv28/hd1StALOqs4i2gRDwNY85T0hBdEVfODKHp5X2tyUaWCwTBuXTlQLuzCuvlEnElHI2ullKpxKU6AGWtUXWusSy82b+ks3DweInFr7n4CFsLse/KJD5Rk02azOch8fmxhbNBLFN/T7nIriScjefBfmVe6J7avF6OI+J+tnsEk305yObxkNgay07wC6IWxkNEUF2HrZm9SS738ZB1PISfxlEmOB9haH4HljiqQgKSCR4C8PI64CM89vVROLwBjhXD2Kb+mkO0FgwjtionF96TYPqEF2mi9UisJMhliTJpIBr9GkoFi5OKFg0tWMw4+baQqTYIaeOMO7hkEqVCSH6EnIhS4G1bqArPBsquVaNWco68GFqhiEnjwgAVtolmRrfKp9JFdZPWyjgvDx9xMMky6SJOrTVIh0MIERHKOsoBaY6T+upHGi7COgEQHAkB+1M7VMSg6kcc1+oMT06lcT5aAuHHf29GEYo6CRnWJH4mbRXEeBgyZip01mG3ra6xPrWpjy1OLb9cDIar2IxmjbReXVeOym13rU+1btfupkTBLniIODKTIrCPFMplM2j42Idx3t3fhPfdlyFfE4E/n0MYeWoKRciY4A5R1Myt1QVasE/crx66qe8Kb8zMWZvu/3p8CIGSyFqEJinypAklDd4yzQn5XhLyOgsD3vTRBDm7KQZJSJ0psJsmKjwbnIokCZ76cY7qXAtz6h4PjySS8KptrvCOBILwSly4lz5McAymVRxuRTcFTZ60xeHlz5cxtrwW1/zzfSgG2xHg/ZnJMbzynW9g+pkfIzo+jyBbvd6Q+RRClkugWlN7ZBx0XWRda3ldKRfVV/p2gl5asG9rfXy71X8NZYFwPJnUqcKzh06gLNuvj2ww+wlZXQv/6jjZV7WWzJFLYoiiM+4GSkzjbde3OkawbB5XzH9UpNRporWaZTQfoRmNatbMf7xHsAKh+EAOXIP4jflCHo0f/hCWbng7+UNYJGAoFsfyizZj8ZVbkGpsQWp8nMcoBaxA/yZY5sVsDufLVK3Mx1LFW2g4GmhuIaD+xObN0RCBJFqiApvkDEt0vELUBTd0ZuxrjttI4saLWVJ53rCFeKhdZkJshINfjVhO1hC3SB68dhGaKwsMscWzEL63wgx9V8cVqSEmAGyUoxU7fPRJv6j34mOP/Ss8/ka2cC5zB4oEpetuFjUNvPIU9n/r/yL3i90IpgoI+J0lkKAU1V/McRhUcCIdKr5FWl2ktWAL235tTv2Xi5MoLtDN64qtgY0ON0NYF0YYtz4bp2Ind5vEqgzghZdMNIdZAaIFql1dK6y1turCJfoGinX5aFbs0LUdbFLRFLKYaqGCYiKfQveWy0hcMcO1L4zlx83vTM6SjZfhin/4Js77l2+j5rotmPH5kZvJUCPzhMnIz+aqCs6JYpfWJFiahX3eLB/iJE03eMEQUbG3nLMFVbynsNEYor782HhKsC3TzJoQ9ltYaAxhXy3INKIyn4ot0ubjF/uZaeIta9cwg8j7FU06ZZwKLwvihHAiZLUWee9QHLj23vvQ2LLSY', '{\"msg\":\"操作成功\",\"code\":200}', 0, NULL, '2022-01-24 16:32:39');
INSERT INTO `sys_oper_log` VALUES (175, '奖品', 2, 'com.ruoyi.cj.controller.PrizeController.edit()', 'PUT', 1, 'admin', NULL, '/cj/prize', '127.0.0.1', '内网IP', '{\"remark\":\"\",\"params\":{},\"backImg\":\"data:image/jpeg;base64,iVBORw0KGgoAAAANSUhEUgAAAFAAAABQCAYAAACOEfKtAAAAAXNSR0IArs4c6QAAAARnQU1BAACxjwv8YQUAAAAJcEhZcwAADsQAAA7EAZUrDhsAAES5SURBVHheZb0HlGzZdZ73162cq7o6x/f65fzmTc6DGcwgEMSAIBgAMMgUJZqW7GVbNiXTslbL0hKxaJsKFkmQpklZEmiSGAMkQWRgMHkwCfPm5dw5d1fOdavK37794GUv97zqrrp177nn7P3vf//73HPv+F7+naf6teq28oUttVpVlRt9nV/q69rtrsq1niK9nrK+oOJtKV7rKNMNSOqr4O9pNdhXkY/+bFD9gKNyvaV2l8+OT/xTJBxQv9uT2+8rnuhreDClh44d1qOHR5VOJxWMBBT0Owqwc8Dvl+M48vl8vDgDx/j8e+9pzWvPvnPYzgZ60FOv1+fv///HjrWdvHbYp9ejU/z12f4+3ttRXR/ve7ztqNeqqV3b4W/dWmXXBt+7qlfXVCv3Val2dWHR0dVV2nJpx+uLNBIL0B+3rWaroW6v5XWq0uppfaertYqrGsarR33aSvl0M93Txai0LFdlv1SM+7Qbk9w4Aw/RP+sUxgxiNPkC6jIIx/HLh1Fa7Z52d/paWWlpYWldC7tbKnZrDKTHMG1AHM1gzBy9Pn/7XUxm3/ENPfV5DnHEadVz2Me+4JPfvrOR8L1tst/2nzmCf3xng9079sff9dne55ev7zXCd3sGsaPltz7z8va3TRyBwflI/3jPieke2x21m9J9P/EhOfVaQc1GmQG7cruOqhiu26Hz5mh67Ach1sEOn7f5vBKRWqAv4foUN0cGfGrwZb3ZMTuAPhDFfgE7Kz9dnGC2tRNXqx1dnl/XN9+/oSs3ltQoVzFGj326anda3l/78VBgo9rziWfMvhkapwQYvGODseY5l3c+OmqOslH/GMHWiq+LMTjSkGfG5gPt+TiGbaCbf7RlW4gUGtxDX88zqvptzwZsoh1ebpe3GNbz4p4jQr51OY12iZ2tcwF1OGGXt36MQtQSegKdGK/pl9uis2zrDoKZGJ8J31CIVuhMvdkFZfZZOjIVUW6QcwRBHp1uMABr564lVKr4NX+rros3trVawYCEUKtTV61aULtd3jMUPe/aO/7aofYyxPTtsxmJLd7LM9jey/FQam/sGDvCO8gzgoU93+zt6DX2YyfcdYSh/24EeLt5vznGjIfBsLGHejNTD5D5g11NTDO+ldtyEvERJZJDCgai8JcDEkNmdKMMdeA9F8P0MGwo2NHocFjJVFjLSfgv0VMDNHpDMTti9LGJlO49NKFz+6Z1aDSm2eGIBqKEuHXCesV+xoeNRld3tvK6tralQr6sZq2oZj2vTqfqcVbXeLNDRLQ7cvE8JOaNysLIhtg3Y/5/XnztWdZ2MtSxv22z0Xvb98ZjP14ogjKLDJ8h3hDjjdi1b60h749j7d41oFFUn/H14MVwmJwAQNJJvwr9tJx4IgOZxzxCbnVIHHVXDYxm7XAMhuXl7yqT8SsC5jvsU3fpQJRuhkAi57VBO/BHqQiy1orq4NmPnTuiD53ar9HBtGIkCz8dcqyfdLZDR/LbLV27fkM3r95WtZCHNlqeo3yQu4WLfXZ59buEEiOy9n2WaDz03H0Rtj9+WQgbf/lou4/xPeNgJOPTniHXowCiy/Ok2dQMZ/ayTnFOONUH5PbCms+GSGuPfvONh+JI2FF2yK9EOqwUSXCUv06n21KzWVO93lC12dYO6HDhwKkBaSIn5TJ9DQx04R4QV25pZxOuoyNxkOUHWi5p1/rqJ+Z3SD4XLu9odWNHiWxcIxgvEXOUiQRFwsIBfQUhFKIbw/S1u+vTRpXzM+Aucd5ttdVBCXQ7HfVdDOrWAQYGsRMyDIs279fdl5dt7St+7A9+440ht+4Z3jOa/TaHeMa8i0zvG', '{\"msg\":\"操作成功\",\"code\":200}', 0, NULL, '2022-01-24 17:00:39');
INSERT INTO `sys_oper_log` VALUES (176, '员工', 2, 'com.ruoyi.cj.controller.EmpController.edit()', 'PUT', 1, 'admin', NULL, '/cj/emp', '127.0.0.1', '内网IP', '{\"phone\":\"13784847583\",\"name\":\"1\",\"empNo\":\"1\",\"id\":1,\"params\":{},\"weighting\":0}', '{\"msg\":\"操作成功\",\"code\":200}', 0, NULL, '2022-01-24 17:40:23');
INSERT INTO `sys_oper_log` VALUES (177, '菜单管理', 2, 'com.ruoyi.web.controller.system.SysMenuController.edit()', 'PUT', 1, 'admin', NULL, '/system/menu', '127.0.0.1', '内网IP', '{\"visible\":\"0\",\"icon\":\"#\",\"orderNum\":1,\"menuName\":\"员工中奖信息\",\"params\":{},\"parentId\":2000,\"isCache\":\"0\",\"path\":\"empprize\",\"component\":\"cj/empprize/index\",\"children\":[],\"createTime\":1642952846000,\"updateBy\":\"admin\",\"isFrame\":\"1\",\"menuId\":2013,\"menuType\":\"C\",\"perms\":\"cj:empprize:list\",\"status\":\"0\"}', '{\"msg\":\"操作成功\",\"code\":200}', 0, NULL, '2022-01-25 19:34:32');
INSERT INTO `sys_oper_log` VALUES (178, '菜单管理', 2, 'com.ruoyi.web.controller.system.SysMenuController.edit()', 'PUT', 1, 'admin', NULL, '/system/menu', '127.0.0.1', '内网IP', '{\"visible\":\"0\",\"icon\":\"#\",\"orderNum\":1,\"menuName\":\"中奖数据\",\"params\":{},\"parentId\":2000,\"isCache\":\"0\",\"path\":\"empprize\",\"component\":\"cj/empprize/index\",\"children\":[],\"createTime\":1642952846000,\"updateBy\":\"admin\",\"isFrame\":\"1\",\"menuId\":2013,\"menuType\":\"C\",\"perms\":\"cj:empprize:list\",\"status\":\"0\"}', '{\"msg\":\"操作成功\",\"code\":200}', 0, NULL, '2022-01-25 19:35:42');
INSERT INTO `sys_oper_log` VALUES (179, '奖品', 1, 'com.ruoyi.cj.controller.PrizeController.add()', 'POST', 1, 'admin', NULL, '/cj/prize', '127.0.0.1', '内网IP', '{\"remark\":\"1\",\"params\":{},\"backImg\":\"data:image/jpg;base64,iVBORw0KGgoAAAANSUhEUgAAAUwAAAC+CAYAAABeQzb5AAAAAXNSR0IArs4c6QAAAARnQU1BAACxjwv8YQUAAAAJcEhZcwAADsMAAA7DAcdvqGQAAP+lSURBVHhe7L0FgF3ltT0eJCEEb2lpKdACbZHitHjR4q6BAAmaEBIsRIAkxN3d3d0mySST0Yy7+5257u6+/mufm4GUtu+932vfa/+vOWFz7p177rnnfN/ea6/12emGU9s/Zkue2J/aTm2ntv+z278MYCYJOAnZn/Q6wXdif/ZPPvwf3ZQr+C/Yd1ebMuW6xE5tp7ZT2//V7V8CMAV6QrQwLZpIIsY/RAlAEQJQlBbjEbFkAnFagvaPA80ukDvZUlD9H1oyzmuI8XX8B5/J909tp7ZT2//V7Z8OmIJ9Ee5dND/fhGNxROIJRAicYXlPgIwQoKLcxxIpS/DvCnD+3QB1Mth1mYDg3zYFKBMxYmZU2SvG6wOvJ/X9U6B5aju1/V/d/vmASRPA9POFP0ZGGYkjESGbpMVINaNxgmUsRuNrmgBmkuDEI/4fAVOOFUA7eesCuS4jEJLnipHjnjBhkilT+G6SvDdBi/MY2dNSwCmgKaDada5T26nt1PZ/bfunAabIamGXJJIKdwsTm/zeGCKuEKLOEGLuEJJBAlGU4ENLCqGjxQmqybiI9Ci/K4zvh6ApYPr9v+8/FRCTX/p+SyrfP9nknCHFuoBTaRiQvyfCiMf5WYzXFg3wOoLK6wSBMxETAP0haJ7aTm2ntv9r2/8KYKbA8c8tochrcjYiGlU4oiRsQUcMDQXVKNific7Serg6TQhYXYi4A4j5CUJCRcOCsDFCX4Sw9J8DpsCX8MM4/59ICgDKu1Q7aIyyOkawixMMUyApYBlQTAHLBP8mABkJwOezw27XwWLphFbTBLtNR+D0pUDzh4ApzQUn3eup7dR2avu/sf2PA+bJwCEmQImwsMY4dzEExfja647DXKxFzrRDOPDVLuyZcBjbFmRi1cID2LpyP9qyauEuboe7zYig10t+KYApIMVzfQdKwigFJpVuIh7D31BgkPAXCyMSdCEatJC52gCLDr76algqi9FSkIX6nKOw1FUibtYTuT08VYAW5HX6EPZaYDa0oKmxBI0NhWhtKUFrcylUrbXobG9GWXEh2ltbEPT7UoBJ4JT7PPm+T22ntlPb//+3/xXAFPDosnicgBImoERj8FNj+0gtgzYvvAVa1C86huLJGTgyIRNbRh7CMgLn9M+XY8P4jSheQSCduBK756+FWaeDN+KhUpd2RAKm6HoBJgKkcMoUYEZTgEm2FxYAI2AiYEfYWAdXVTo06+bBsGQGrFuXQLtrA4qXL8HuCeNQtHwVIuU1gNtBaupHPOqBz22EXt2Iuup8lJUew7Gj27Fl01Js3rAcWzeuxbo1q7Bn1w5o1Z0ppknQlPvsuudTgHlq+1fdfpjUf/j+1Pbn2/8qYAqIxGIxJCMxMr4ovPEwXB43jKVNaJpxAEUjNmPnp+sxa9BqbBiTjrQpOWScmSicfAD5E7dizWfTkLl6D+wGowKYMQUwCcBxgpL8RlKkusAkZTZN3onsj4VjiLlc8LY3wlJ6BOptU1H89tMoe/5hlA98Bdbl8+Deuw9169Zi/zdjUTFhHiJ1jUiG3PDGPDBRfrc0VKKmshAFx49i/ZrFmDdrEhbMnY7Z0ydj6aIFWLRgHnKzMxENywApQvcpwDy1/Ytu4o1iymiTEz7a5ac/fH9q+/PtnwKYUYKlPx6Bj4DptFpRueMoDnw0D3s/XIglHyzApC/XYvnoAzg4Mh0lX6Whnkzz+JCVODhxLRyVaoTcXgSVtsYIwTJOQkdwosXJWGP8W5RCnJCssM0kwRS+INytrag9QBZ4ZAealn6DY3fdhqKbb8GBB+5AwScDYNm+FbrMg8ieMxsbXnoH7oPZ8', NULL, 1, '\r\n### Error updating database.  Cause: com.mysql.cj.jdbc.exceptions.MysqlDataTruncation: Data truncation: Data too long for column \'back_img\' at row 1\r\n### The error may exist in file [D:\\project\\RuoYi-Vue\\ruoyi-admin\\target\\classes\\mapper\\cj\\PrizeMapper.xml]\r\n### The error may involve com.ruoyi.cj.mapper.PrizeMapper.insertPrize-Inline\r\n### The error occurred while setting parameters\r\n### SQL: insert into cj_prize          ( name,             info,             back_img,             stock,             remark,             win )           values ( ?,             ?,             ?,             ?,             ?,             ? )\r\n### Cause: com.mysql.cj.jdbc.exceptions.MysqlDataTruncation: Data truncation: Data too long for column \'back_img\' at row 1\n; Data truncation: Data too long for column \'back_img\' at row 1; nested exception is com.mysql.cj.jdbc.exceptions.MysqlDataTruncation: Data truncation: Data too long for column \'back_img\' at row 1', '2022-01-25 21:40:13');
INSERT INTO `sys_oper_log` VALUES (180, '奖品', 1, 'com.ruoyi.cj.controller.PrizeController.add()', 'POST', 1, 'admin', NULL, '/cj/prize', '127.0.0.1', '内网IP', '{\"remark\":\"1\",\"params\":{},\"backImg\":\"data:image/jpeg;base64,iVBORw0KGgoAAAANSUhEUgAAAGQAAAA/CAYAAAAWq21gAAAAAXNSR0IArs4c6QAAAARnQU1BAACxjwv8YQUAAAAJcEhZcwAADsQAAA7EAZUrDhsAADRjSURBVHhetX0JvF1Vee//zOOd59zc3MwhhEAIg4BBiKCgxVQErSZQC1ortYqKYCutRDu952t92tb2WaFaASlPGWRSSxGkgcgQUmLIcDPdmzvP5w5nnvr/f+ucmwTpz/7ek3Wyz1577bW+9a1v/tbe58bzWHd7Gf/fpYxy2QOv14OirjyAl20oe8EqSl6eeehG2cMePg/8JR/g8fCe+vk4ln3KJV6rzcNxJQTKQetb9hB+iYB8HMMKvwndxz6c08cbZS3Bx3Gci3cE0hXNrgv28/hd1StALOqs4i2gRDwNY85T0hBdEVfODKHp5X2tyUaWCwTBuXTlQLuzCuvlEnElHI2ullKpxKU6AGWtUXWusSy82b+ks3DweInFr7n4CFsLse/KJD5Rk02azOch8fmxhbNBLFN/T7nIriScjefBfmVe6J7avF6OI+J+tnsEk305yObxkNgay07wC6IWxkNEUF2HrZm9SS738ZB1PISfxlEmOB9haH4HljiqQgKSCR4C8PI64CM89vVROLwBjhXD2Kb+mkO0FgwjtionF96TYPqEF2mi9UisJMhliTJpIBr9GkoFi5OKFg0tWMw4+baQqTYIaeOMO7hkEqVCSH6EnIhS4G1bqArPBsquVaNWco68GFqhiEnjwgAVtolmRrfKp9JFdZPWyjgvDx9xMMky6SJOrTVIh0MIERHKOsoBaY6T+upHGi7COgEQHAkB+1M7VMSg6kcc1+oMT06lcT5aAuHHf29GEYo6CRnWJH4mbRXEeBgyZip01mG3ra6xPrWpjy1OLb9cDIar2IxmjbReXVeOym13rU+1btfupkTBLniIODKTIrCPFMplM2j42Idx3t3fhPfdlyFfE4E/n0MYeWoKRciY4A5R1Myt1QVasE/crx66qe8Kb8zMWZvu/3p8CIGSyFqEJinypAklDd4yzQn5XhLyOgsD3vTRBDm7KQZJSJ0psJsmKjwbnIokCZ76cY7qXAtz6h4PjySS8KptrvCOBILwSly4lz5McAymVRxuRTcFTZ60xeHlz5cxtrwW1/zzfSgG2xHg/ZnJMbzynW9g+pkfIzo+jyBbvd6Q+RRClkugWlN7ZBx0XWRda3ldKRfVV/p2gl5asG9rfXy71X8NZYFwPJnUqcKzh06gLNuvj2ww+wlZXQv/6jjZV7WWzJFLYoiiM+4GSkzjbde3OkawbB5XzH9UpNRporWaZTQfoRmNatbMf7xHsAKh+EAOXIP4jflCHo0f/hCWbng7+UNYJGAoFsfyizZj8ZVbkGpsQWp8nMcoBaxA/yZY5sVsDufLVK3Mx1LFW2g4GmhuIaD+xObN0RCBJFqiApvkDEt0vELUBTd0ZuxrjttI4saLWVJ53rCFeKhdZkJshINfjVhO1hC3SB68dhGaKwsMscWzEL63wgx9V8cVqSEmAGyUoxU7fPRJv6j34mOP/Ss8/ka2cC5zB4oEpetuFjUNvPIU9n/r/yL3i90IpgoI+J0lkKAU1V/McRhUcCIdKr5FWl2ktWAL235tTv2Xi5MoLtDN64qtgY0ON0NYF0YYtz4bp2Ind5vEqgzghZdMNIdZAaIFql1dK6y1turCJfoGinX5aFbs0LUdbFLRFLKYaqGCYiKfQveWy0hcMcO1L4zlx83vTM6SjZfhin/4Js77l2+j5rotmPH5kZvJUCPzhMnIz+aqCs6JYpfWJFiahX3eLB/iJE03eMEQUbG3nLMFVbynsNEYor782HhKsC3TzJoQ9ltYaAxhXy3INKIyn4ot0ubjF/uZaeIta9cwg8j7FU06ZZwKLwvihHAiZLUWee9QHLj23vvQ2LLS', '{\"msg\":\"操作成功\",\"code\":200}', 0, NULL, '2022-01-25 21:45:54');
INSERT INTO `sys_oper_log` VALUES (181, '奖品', 3, 'com.ruoyi.cj.controller.PrizeController.remove()', 'DELETE', 1, 'admin', NULL, '/cj/prize/5', '127.0.0.1', '内网IP', '{ids=5}', '{\"msg\":\"操作成功\",\"code\":200}', 0, NULL, '2022-01-25 21:46:04');
INSERT INTO `sys_oper_log` VALUES (182, '奖品', 1, 'com.ruoyi.cj.controller.PrizeController.add()', 'POST', 1, 'admin', NULL, '/cj/prize', '127.0.0.1', '内网IP', '{\"remark\":\"1\",\"params\":{},\"backImg\":\"data:image/jpeg;base64,iVBORw0KGgoAAAANSUhEUgAAAGQAAAA/CAYAAAAWq21gAAAAAXNSR0IArs4c6QAAAARnQU1BAACxjwv8YQUAAAAJcEhZcwAADsQAAA7EAZUrDhsAADRjSURBVHhetX0JvF1Vee//zOOd59zc3MwhhEAIg4BBiKCgxVQErSZQC1ortYqKYCutRDu952t92tb2WaFaASlPGWRSSxGkgcgQUmLIcDPdmzvP5w5nnvr/f+ucmwTpz/7ek3Wyz1577bW+9a1v/tbe58bzWHd7Gf/fpYxy2QOv14OirjyAl20oe8EqSl6eeehG2cMePg/8JR/g8fCe+vk4ln3KJV6rzcNxJQTKQetb9hB+iYB8HMMKvwndxz6c08cbZS3Bx3Gci3cE0hXNrgv28/hd1StALOqs4i2gRDwNY85T0hBdEVfODKHp5X2tyUaWCwTBuXTlQLuzCuvlEnElHI2ullKpxKU6AGWtUXWusSy82b+ks3DweInFr7n4CFsLse/KJD5Rk02azOch8fmxhbNBLFN/T7nIriScjefBfmVe6J7avF6OI+J+tnsEk305yObxkNgay07wC6IWxkNEUF2HrZm9SS738ZB1PISfxlEmOB9haH4HljiqQgKSCR4C8PI64CM89vVROLwBjhXD2Kb+mkO0FgwjtionF96TYPqEF2mi9UisJMhliTJpIBr9GkoFi5OKFg0tWMw4+baQqTYIaeOMO7hkEqVCSH6EnIhS4G1bqArPBsquVaNWco68GFqhiEnjwgAVtolmRrfKp9JFdZPWyjgvDx9xMMky6SJOrTVIh0MIERHKOsoBaY6T+upHGi7COgEQHAkB+1M7VMSg6kcc1+oMT06lcT5aAuHHf29GEYo6CRnWJH4mbRXEeBgyZip01mG3ra6xPrWpjy1OLb9cDIar2IxmjbReXVeOym13rU+1btfupkTBLniIODKTIrCPFMplM2j42Idx3t3fhPfdlyFfE4E/n0MYeWoKRciY4A5R1Myt1QVasE/crx66qe8Kb8zMWZvu/3p8CIGSyFqEJinypAklDd4yzQn5XhLyOgsD3vTRBDm7KQZJSJ0psJsmKjwbnIokCZ76cY7qXAtz6h4PjySS8KptrvCOBILwSly4lz5McAymVRxuRTcFTZ60xeHlz5cxtrwW1/zzfSgG2xHg/ZnJMbzynW9g+pkfIzo+jyBbvd6Q+RRClkugWlN7ZBx0XWRda3ldKRfVV/p2gl5asG9rfXy71X8NZYFwPJnUqcKzh06gLNuvj2ww+wlZXQv/6jjZV7WWzJFLYoiiM+4GSkzjbde3OkawbB5XzH9UpNRporWaZTQfoRmNatbMf7xHsAKh+EAOXIP4jflCHo0f/hCWbng7+UNYJGAoFsfyizZj8ZVbkGpsQWp8nMcoBaxA/yZY5sVsDufLVK3Mx1LFW2g4GmhuIaD+xObN0RCBJFqiApvkDEt0vELUBTd0ZuxrjttI4saLWVJ53rCFeKhdZkJshINfjVhO1hC3SB68dhGaKwsMscWzEL63wgx9V8cVqSEmAGyUoxU7fPRJv6j34mOP/Ss8/ka2cC5zB4oEpetuFjUNvPIU9n/r/yL3i90IpgoI+J0lkKAU1V/McRhUcCIdKr5FWl2ktWAL235tTv2Xi5MoLtDN64qtgY0ON0NYF0YYtz4bp2Ind5vEqgzghZdMNIdZAaIFql1dK6y1turCJfoGinX5aFbs0LUdbFLRFLKYaqGCYiKfQveWy0hcMcO1L4zlx83vTM6SjZfhin/4Js77l2+j5rotmPH5kZvJUCPzhMnIz+aqCs6JYpfWJFiahX3eLB/iJE03eMEQUbG3nLMFVbynsNEYor782HhKsC3TzJoQ9ltYaAxhXy3INKIyn4ot0ubjF/uZaeIta9cwg8j7FU06ZZwKLwvihHAiZLUWee9QHLj23vvQ2LLS', '{\"msg\":\"操作成功\",\"code\":200}', 0, NULL, '2022-01-25 21:53:00');
INSERT INTO `sys_oper_log` VALUES (183, '奖品', 2, 'com.ruoyi.cj.controller.PrizeController.edit()', 'PUT', 1, 'admin', NULL, '/cj/prize', '127.0.0.1', '内网IP', '{\"remark\":\"\",\"params\":{},\"backImg\":\"data:image/jpeg;base64,iVBORw0KGgoAAAANSUhEUgAAAFAAAABQCAYAAACOEfKtAAAAAXNSR0IArs4c6QAAAARnQU1BAACxjwv8YQUAAAAJcEhZcwAADsQAAA7EAZUrDhsAAES5SURBVHheZb0HlGzZdZ73162cq7o6x/f65fzmTc6DGcwgEMSAIBgAMMgUJZqW7GVbNiXTslbL0hKxaJsKFkmQpklZEmiSGAMkQWRgMHkwCfPm5dw5d1fOdavK37794GUv97zqrrp177nn7P3vf//73HPv+F7+naf6teq28oUttVpVlRt9nV/q69rtrsq1niK9nrK+oOJtKV7rKNMNSOqr4O9pNdhXkY/+bFD9gKNyvaV2l8+OT/xTJBxQv9uT2+8rnuhreDClh44d1qOHR5VOJxWMBBT0Owqwc8Dvl+M48vl8vDgDx/j8e+9pzWvPvnPYzgZ60FOv1+fv///HjrWdvHbYp9ejU/z12f4+3ttRXR/ve7ztqNeqqV3b4W/dWmXXBt+7qlfXVCv3Val2dWHR0dVV2nJpx+uLNBIL0B+3rWaroW6v5XWq0uppfaertYqrGsarR33aSvl0M93Txai0LFdlv1SM+7Qbk9w4Aw/RP+sUxgxiNPkC6jIIx/HLh1Fa7Z52d/paWWlpYWldC7tbKnZrDKTHMG1AHM1gzBy9Pn/7XUxm3/ENPfV5DnHEadVz2Me+4JPfvrOR8L1tst/2nzmCf3xng9079sff9dne55ev7zXCd3sGsaPltz7z8va3TRyBwflI/3jPieke2x21m9J9P/EhOfVaQc1GmQG7cruOqhiu26Hz5mh67Ach1sEOn7f5vBKRWqAv4foUN0cGfGrwZb3ZMTuAPhDFfgE7Kz9dnGC2tRNXqx1dnl/XN9+/oSs3ltQoVzFGj326anda3l/78VBgo9rziWfMvhkapwQYvGODseY5l3c+OmqOslH/GMHWiq+LMTjSkGfG5gPt+TiGbaCbf7RlW4gUGtxDX88zqvptzwZsoh1ebpe3GNbz4p4jQr51OY12iZ2tcwF1OGGXt36MQtQSegKdGK/pl9uis2zrDoKZGJ8J31CIVuhMvdkFZfZZOjIVUW6QcwRBHp1uMABr564lVKr4NX+rros3trVawYCEUKtTV61aULtd3jMUPe/aO/7aofYyxPTtsxmJLd7LM9jey/FQam/sGDvCO8gzgoU93+zt6DX2YyfcdYSh/24EeLt5vznGjIfBsLGHejNTD5D5g11NTDO+ldtyEvERJZJDCgai8JcDEkNmdKMMdeA9F8P0MGwo2NHocFjJVFjLSfgv0VMDNHpDMTti9LGJlO49NKFz+6Z1aDSm2eGIBqKEuHXCesV+xoeNRld3tvK6tralQr6sZq2oZj2vTqfqcVbXeLNDRLQ7cvE8JOaNysLIhtg3Y/5/XnztWdZ2MtSxv22z0Xvb98ZjP14ogjKLDJ8h3hDjjdi1b60h749j7d41oFFUn/H14MVwmJwAQNJJvwr9tJx4IgOZxzxCbnVIHHVXDYxm7XAMhuXl7yqT8SsC5jvsU3fpQJRuhkAi57VBO/BHqQiy1orq4NmPnTuiD53ar9HBtGIkCz8dcqyfdLZDR/LbLV27fkM3r95WtZCHNlqeo3yQu4WLfXZ59buEEiOy9n2WaDz03H0Rtj9+WQgbf/lou4/xPeNgJOPTniHXowCiy/Ok2dQMZ/ayTnFOONUH5PbCms+GSGuPfvONh+JI2FF2yK9EOqwUSXCUv06n21KzWVO93lC12dYO6HDhwKkBaSIn5TJ9DQx04R4QV25pZxOuoyNxkOUHWi5p1/rqJ+Z3SD4XLu9odWNHiWxcIxgvEXOUiQRFwsIBfQUhFKIbw/S1u+vTRpXzM+Aucd5ttdVBCXQ7HfVdDOrWAQYGsRMyDIs279fdl5dt7St+7A9+440ht+4Z3jOa/TaHeMa8i0zvG', '{\"msg\":\"操作成功\",\"code\":200}', 0, NULL, '2022-01-25 22:04:54');
INSERT INTO `sys_oper_log` VALUES (184, '奖品', 2, 'com.ruoyi.cj.controller.PrizeController.edit()', 'PUT', 1, 'admin', NULL, '/cj/prize', '127.0.0.1', '内网IP', '{\"remark\":\"\",\"params\":{},\"backImg\":\"data:image/jpeg;base64,iVBORw0KGgoAAAANSUhEUgAAAFAAAABQCAYAAACOEfKtAAAAAXNSR0IArs4c6QAAAARnQU1BAACxjwv8YQUAAAAJcEhZcwAADsQAAA7EAZUrDhsAAES5SURBVHheZb0HlGzZdZ73162cq7o6x/f65fzmTc6DGcwgEMSAIBgAMMgUJZqW7GVbNiXTslbL0hKxaJsKFkmQpklZEmiSGAMkQWRgMHkwCfPm5dw5d1fOdavK37794GUv97zqrrp177nn7P3vf//73HPv+F7+naf6teq28oUttVpVlRt9nV/q69rtrsq1niK9nrK+oOJtKV7rKNMNSOqr4O9pNdhXkY/+bFD9gKNyvaV2l8+OT/xTJBxQv9uT2+8rnuhreDClh44d1qOHR5VOJxWMBBT0Owqwc8Dvl+M48vl8vDgDx/j8e+9pzWvPvnPYzgZ60FOv1+fv///HjrWdvHbYp9ejU/z12f4+3ttRXR/ve7ztqNeqqV3b4W/dWmXXBt+7qlfXVCv3Val2dWHR0dVV2nJpx+uLNBIL0B+3rWaroW6v5XWq0uppfaertYqrGsarR33aSvl0M93Txai0LFdlv1SM+7Qbk9w4Aw/RP+sUxgxiNPkC6jIIx/HLh1Fa7Z52d/paWWlpYWldC7tbKnZrDKTHMG1AHM1gzBy9Pn/7XUxm3/ENPfV5DnHEadVz2Me+4JPfvrOR8L1tst/2nzmCf3xng9079sff9dne55ev7zXCd3sGsaPltz7z8va3TRyBwflI/3jPieke2x21m9J9P/EhOfVaQc1GmQG7cruOqhiu26Hz5mh67Ach1sEOn7f5vBKRWqAv4foUN0cGfGrwZb3ZMTuAPhDFfgE7Kz9dnGC2tRNXqx1dnl/XN9+/oSs3ltQoVzFGj326anda3l/78VBgo9rziWfMvhkapwQYvGODseY5l3c+OmqOslH/GMHWiq+LMTjSkGfG5gPt+TiGbaCbf7RlW4gUGtxDX88zqvptzwZsoh1ebpe3GNbz4p4jQr51OY12iZ2tcwF1OGGXt36MQtQSegKdGK/pl9uis2zrDoKZGJ8J31CIVuhMvdkFZfZZOjIVUW6QcwRBHp1uMABr564lVKr4NX+rros3trVawYCEUKtTV61aULtd3jMUPe/aO/7aofYyxPTtsxmJLd7LM9jey/FQam/sGDvCO8gzgoU93+zt6DX2YyfcdYSh/24EeLt5vznGjIfBsLGHejNTD5D5g11NTDO+ldtyEvERJZJDCgai8JcDEkNmdKMMdeA9F8P0MGwo2NHocFjJVFjLSfgv0VMDNHpDMTti9LGJlO49NKFz+6Z1aDSm2eGIBqKEuHXCesV+xoeNRld3tvK6tralQr6sZq2oZj2vTqfqcVbXeLNDRLQ7cvE8JOaNysLIhtg3Y/5/XnztWdZ2MtSxv22z0Xvb98ZjP14ogjKLDJ8h3hDjjdi1b60h749j7d41oFFUn/H14MVwmJwAQNJJvwr9tJx4IgOZxzxCbnVIHHVXDYxm7XAMhuXl7yqT8SsC5jvsU3fpQJRuhkAi57VBO/BHqQiy1orq4NmPnTuiD53ar9HBtGIkCz8dcqyfdLZDR/LbLV27fkM3r95WtZCHNlqeo3yQu4WLfXZ59buEEiOy9n2WaDz03H0Rtj9+WQgbf/lou4/xPeNgJOPTniHXowCiy/Ok2dQMZ/ayTnFOONUH5PbCms+GSGuPfvONh+JI2FF2yK9EOqwUSXCUv06n21KzWVO93lC12dYO6HDhwKkBaSIn5TJ9DQx04R4QV25pZxOuoyNxkOUHWi5p1/rqJ+Z3SD4XLu9odWNHiWxcIxgvEXOUiQRFwsIBfQUhFKIbw/S1u+vTRpXzM+Aucd5ttdVBCXQ7HfVdDOrWAQYGsRMyDIs279fdl5dt7St+7A9+440ht+4Z3jOa/TaHeMa8i0zvG', '{\"msg\":\"操作成功\",\"code\":200}', 0, NULL, '2022-01-25 22:09:50');
INSERT INTO `sys_oper_log` VALUES (185, '员工中奖中间', 1, 'com.ruoyi.cj.controller.EmpPrizeController.add()', 'POST', 1, 'admin', NULL, '/cj/empprize', '127.0.0.1', '内网IP', '{\"empId\":1,\"params\":{},\"prizeId\":1}', '{\"msg\":\"操作成功\",\"code\":200}', 0, NULL, '2022-01-25 22:24:54');
INSERT INTO `sys_oper_log` VALUES (186, '员工中奖中间', 3, 'com.ruoyi.cj.controller.EmpPrizeController.remove()', 'DELETE', 1, 'admin', NULL, '/cj/empprize/17', '127.0.0.1', '内网IP', '{ids=17}', '{\"msg\":\"操作成功\",\"code\":200}', 0, NULL, '2022-01-25 22:34:56');
INSERT INTO `sys_oper_log` VALUES (187, '员工中奖中间', 1, 'com.ruoyi.cj.controller.EmpPrizeController.add()', 'POST', 1, 'admin', NULL, '/cj/empprize', '127.0.0.1', '内网IP', '{\"empId\":1,\"params\":{},\"prizeId\":1}', '{\"msg\":\"操作成功\",\"code\":200}', 0, NULL, '2022-01-25 22:35:00');
INSERT INTO `sys_oper_log` VALUES (188, '员工中奖中间', 3, 'com.ruoyi.cj.controller.EmpPrizeController.remove()', 'DELETE', 1, 'admin', NULL, '/cj/empprize/18', '127.0.0.1', '内网IP', '{ids=18}', '{\"msg\":\"操作成功\",\"code\":200}', 0, NULL, '2022-01-25 22:35:04');
INSERT INTO `sys_oper_log` VALUES (189, '员工中奖中间', 1, 'com.ruoyi.cj.controller.EmpPrizeController.add()', 'POST', 1, 'admin', NULL, '/cj/empprize', '127.0.0.1', '内网IP', '{\"empId\":1,\"params\":{},\"prizeId\":1}', '{\"msg\":\"操作成功\",\"code\":200}', 0, NULL, '2022-01-25 22:36:02');
INSERT INTO `sys_oper_log` VALUES (190, '员工中奖中间', 3, 'com.ruoyi.cj.controller.EmpPrizeController.remove()', 'DELETE', 1, 'admin', NULL, '/cj/empprize/19', '127.0.0.1', '内网IP', '{ids=19}', '{\"msg\":\"操作成功\",\"code\":200}', 0, NULL, '2022-01-25 22:36:54');
INSERT INTO `sys_oper_log` VALUES (191, '员工中奖中间', 1, 'com.ruoyi.cj.controller.EmpPrizeController.add()', 'POST', 1, 'admin', NULL, '/cj/empprize', '127.0.0.1', '内网IP', '{\"empId\":1,\"params\":{},\"prizeId\":1}', NULL, 1, '该员工已经中奖，不能再插入中奖信息！', '2022-01-25 22:37:06');
INSERT INTO `sys_oper_log` VALUES (192, '员工中奖中间', 1, 'com.ruoyi.cj.controller.EmpPrizeController.add()', 'POST', 1, 'admin', NULL, '/cj/empprize', '127.0.0.1', '内网IP', '{\"empId\":1,\"params\":{},\"prizeId\":1}', NULL, 1, '该员工已经中奖，不能再插入中奖信息！', '2022-01-25 22:37:09');
INSERT INTO `sys_oper_log` VALUES (193, '员工中奖中间', 3, 'com.ruoyi.cj.controller.EmpPrizeController.remove()', 'DELETE', 1, 'admin', NULL, '/cj/empprize/16', '127.0.0.1', '内网IP', '{ids=16}', '{\"msg\":\"操作成功\",\"code\":200}', 0, NULL, '2022-01-25 22:37:43');
INSERT INTO `sys_oper_log` VALUES (194, '员工中奖中间', 3, 'com.ruoyi.cj.controller.EmpPrizeController.remove()', 'DELETE', 1, 'admin', NULL, '/cj/empprize/22', '127.0.0.1', '内网IP', '{ids=22}', '{\"msg\":\"操作成功\",\"code\":200}', 0, NULL, '2022-01-25 22:41:13');
INSERT INTO `sys_oper_log` VALUES (195, '员工中奖中间', 3, 'com.ruoyi.cj.controller.EmpPrizeController.remove()', 'DELETE', 1, 'admin', NULL, '/cj/empprize/21', '127.0.0.1', '内网IP', '{ids=21}', '{\"msg\":\"操作成功\",\"code\":200}', 0, NULL, '2022-01-25 22:41:14');
INSERT INTO `sys_oper_log` VALUES (196, '员工中奖中间', 3, 'com.ruoyi.cj.controller.EmpPrizeController.remove()', 'DELETE', 1, 'admin', NULL, '/cj/empprize/20', '127.0.0.1', '内网IP', '{ids=20}', '{\"msg\":\"操作成功\",\"code\":200}', 0, NULL, '2022-01-25 22:41:16');
INSERT INTO `sys_oper_log` VALUES (197, '员工导入', 6, 'com.ruoyi.cj.controller.EmpController.importData()', 'POST', 1, 'admin', NULL, '/cj/emp/importData', '127.0.0.1', '内网IP', 'false', '{\"msg\":\"恭喜您，数据已全部导入成功！共 1 条，数据如下：<br/>1、员工 欧阳娜娜 导入成功\",\"code\":200}', 0, NULL, '2022-01-25 23:38:16');
INSERT INTO `sys_oper_log` VALUES (198, '员工导入', 6, 'com.ruoyi.cj.controller.EmpController.importData()', 'POST', 1, 'admin', NULL, '/cj/emp/importData', '127.0.0.1', '内网IP', 'false', NULL, 1, '很抱歉，导入失败！共 1 条数据格式不正确，错误如下：<br/>1、员工  已存在', '2022-01-25 23:38:53');
INSERT INTO `sys_oper_log` VALUES (199, '员工导入', 6, 'com.ruoyi.cj.controller.EmpController.importData()', 'POST', 1, 'admin', NULL, '/cj/emp/importData', '127.0.0.1', '内网IP', 'true', '{\"msg\":\"恭喜您，数据已全部导入成功！共 1 条，数据如下：<br/>1、员工  更新成功\",\"code\":200}', 0, NULL, '2022-01-25 23:39:03');
INSERT INTO `sys_oper_log` VALUES (200, '员工导入', 6, 'com.ruoyi.cj.controller.EmpController.importData()', 'POST', 1, 'admin', NULL, '/cj/emp/importData', '127.0.0.1', '内网IP', 'true', '{\"msg\":\"恭喜您，数据已全部导入成功！共 1 条，数据如下：<br/>1、员工  更新成功\",\"code\":200}', 0, NULL, '2022-01-25 23:39:31');
INSERT INTO `sys_oper_log` VALUES (201, '员工导入', 6, 'com.ruoyi.cj.controller.EmpController.importData()', 'POST', 1, 'admin', NULL, '/cj/emp/importData', '127.0.0.1', '内网IP', 'true', '{\"msg\":\"恭喜您，数据已全部导入成功！共 1 条，数据如下：<br/>1、员工 ok 更新成功\",\"code\":200}', 0, NULL, '2022-01-25 23:40:00');
INSERT INTO `sys_oper_log` VALUES (202, '员工导入', 6, 'com.ruoyi.cj.controller.EmpController.importData()', 'POST', 1, 'admin', NULL, '/cj/emp/importData', '127.0.0.1', '内网IP', 'false', NULL, 1, '很抱歉，导入失败！共 1 条数据格式不正确，错误如下：<br/>1、员工 ok 已存在', '2022-01-25 23:41:47');
INSERT INTO `sys_oper_log` VALUES (203, '员工导入', 6, 'com.ruoyi.cj.controller.EmpController.importData()', 'POST', 1, 'admin', NULL, '/cj/emp/importData', '127.0.0.1', '内网IP', 'true', '{\"msg\":\"恭喜您，数据已全部导入成功！共 1 条，数据如下：<br/>1、员工 ok 更新成功\",\"code\":200}', 0, NULL, '2022-01-25 23:42:00');
INSERT INTO `sys_oper_log` VALUES (204, '员工导入', 6, 'com.ruoyi.cj.controller.EmpController.importData()', 'POST', 1, 'admin', NULL, '/cj/emp/importData', '127.0.0.1', '内网IP', 'true', '{\"msg\":\"恭喜您，数据已全部导入成功！共 1 条，数据如下：<br/>1、员工 ok 更新成功\",\"code\":200}', 0, NULL, '2022-01-25 23:42:21');
INSERT INTO `sys_oper_log` VALUES (205, '员工导入', 6, 'com.ruoyi.cj.controller.EmpController.importData()', 'POST', 1, 'admin', NULL, '/cj/emp/importData', '127.0.0.1', '内网IP', 'true', '{\"msg\":\"恭喜您，数据已全部导入成功！共 1 条，数据如下：<br/>1、员工 ok 更新成功\",\"code\":200}', 0, NULL, '2022-01-25 23:43:14');
INSERT INTO `sys_oper_log` VALUES (206, '员工导入', 6, 'com.ruoyi.cj.controller.EmpController.importData()', 'POST', 1, 'admin', NULL, '/cj/emp/importData', '127.0.0.1', '内网IP', 'true', '{\"msg\":\"恭喜您，数据已全部导入成功！共 1 条，数据如下：<br/>1、员工 ok 更新成功\",\"code\":200}', 0, NULL, '2022-01-25 23:43:41');
INSERT INTO `sys_oper_log` VALUES (207, '奖品', 5, 'com.ruoyi.cj.controller.PrizeController.export()', 'POST', 1, 'admin', NULL, '/cj/prize/export', '127.0.0.1', '内网IP', '{\"params\":{}}', NULL, 0, NULL, '2022-01-25 23:44:17');
INSERT INTO `sys_oper_log` VALUES (208, '员工', 2, 'com.ruoyi.cj.controller.EmpController.edit()', 'PUT', 1, 'admin', NULL, '/cj/emp', '127.0.0.1', '内网IP', '{\"phone\":\"1\",\"name\":\"1\",\"empNo\":\"1\",\"id\":1,\"params\":{},\"weighting\":1}', '{\"msg\":\"操作成功\",\"code\":200}', 0, NULL, '2022-02-10 11:08:27');
INSERT INTO `sys_oper_log` VALUES (209, '奖品', 2, 'com.ruoyi.cj.controller.PrizeController.edit()', 'PUT', 1, 'admin', NULL, '/cj/prize', '127.0.0.1', '内网IP', '{\"remark\":\"\",\"params\":{},\"backImg\":\"data:image/jpeg;base64,iVBORw0KGgoAAAANSUhEUgAAAGQAAAA/CAYAAAAWq21gAAAAAXNSR0IArs4c6QAAAARnQU1BAACxjwv8YQUAAAAJcEhZcwAADsQAAA7EAZUrDhsAADRjSURBVHhetX0JvF1Vee//zOOd59zc3MwhhEAIg4BBiKCgxVQErSZQC1ortYqKYCutRDu952t92tb2WaFaASlPGWRSSxGkgcgQUmLIcDPdmzvP5w5nnvr/f+ucmwTpz/7ek3Wyz1577bW+9a1v/tbe58bzWHd7Gf/fpYxy2QOv14OirjyAl20oe8EqSl6eeehG2cMePg/8JR/g8fCe+vk4ln3KJV6rzcNxJQTKQetb9hB+iYB8HMMKvwndxz6c08cbZS3Bx3Gci3cE0hXNrgv28/hd1StALOqs4i2gRDwNY85T0hBdEVfODKHp5X2tyUaWCwTBuXTlQLuzCuvlEnElHI2ullKpxKU6AGWtUXWusSy82b+ks3DweInFr7n4CFsLse/KJD5Rk02azOch8fmxhbNBLFN/T7nIriScjefBfmVe6J7avF6OI+J+tnsEk305yObxkNgay07wC6IWxkNEUF2HrZm9SS738ZB1PISfxlEmOB9haH4HljiqQgKSCR4C8PI64CM89vVROLwBjhXD2Kb+mkO0FgwjtionF96TYPqEF2mi9UisJMhliTJpIBr9GkoFi5OKFg0tWMw4+baQqTYIaeOMO7hkEqVCSH6EnIhS4G1bqArPBsquVaNWco68GFqhiEnjwgAVtolmRrfKp9JFdZPWyjgvDx9xMMky6SJOrTVIh0MIERHKOsoBaY6T+upHGi7COgEQHAkB+1M7VMSg6kcc1+oMT06lcT5aAuHHf29GEYo6CRnWJH4mbRXEeBgyZip01mG3ra6xPrWpjy1OLb9cDIar2IxmjbReXVeOym13rU+1btfupkTBLniIODKTIrCPFMplM2j42Idx3t3fhPfdlyFfE4E/n0MYeWoKRciY4A5R1Myt1QVasE/crx66qe8Kb8zMWZvu/3p8CIGSyFqEJinypAklDd4yzQn5XhLyOgsD3vTRBDm7KQZJSJ0psJsmKjwbnIokCZ76cY7qXAtz6h4PjySS8KptrvCOBILwSly4lz5McAymVRxuRTcFTZ60xeHlz5cxtrwW1/zzfSgG2xHg/ZnJMbzynW9g+pkfIzo+jyBbvd6Q+RRClkugWlN7ZBx0XWRda3ldKRfVV/p2gl5asG9rfXy71X8NZYFwPJnUqcKzh06gLNuvj2ww+wlZXQv/6jjZV7WWzJFLYoiiM+4GSkzjbde3OkawbB5XzH9UpNRporWaZTQfoRmNatbMf7xHsAKh+EAOXIP4jflCHo0f/hCWbng7+UNYJGAoFsfyizZj8ZVbkGpsQWp8nMcoBaxA/yZY5sVsDufLVK3Mx1LFW2g4GmhuIaD+xObN0RCBJFqiApvkDEt0vELUBTd0ZuxrjttI4saLWVJ53rCFeKhdZkJshINfjVhO1hC3SB68dhGaKwsMscWzEL63wgx9V8cVqSEmAGyUoxU7fPRJv6j34mOP/Ss8/ka2cC5zB4oEpetuFjUNvPIU9n/r/yL3i90IpgoI+J0lkKAU1V/McRhUcCIdKr5FWl2ktWAL235tTv2Xi5MoLtDN64qtgY0ON0NYF0YYtz4bp2Ind5vEqgzghZdMNIdZAaIFql1dK6y1turCJfoGinX5aFbs0LUdbFLRFLKYaqGCYiKfQveWy0hcMcO1L4zlx83vTM6SjZfhin/4Js77l2+j5rotmPH5kZvJUCPzhMnIz+aqCs6JYpfWJFiahX3eLB/iJE03eMEQUbG3nLMFVbynsNEYor782HhKsC3TzJoQ9ltYaAxhXy3INKIyn4ot0ubjF/uZaeIta9cwg8j7FU06ZZwKLwvihHAiZLUWee9QHLj23vvQ2LLSY', '{\"msg\":\"操作成功\",\"code\":200}', 0, NULL, '2022-02-10 11:08:41');
INSERT INTO `sys_oper_log` VALUES (210, '奖品', 2, 'com.ruoyi.cj.controller.PrizeController.edit()', 'PUT', 1, 'admin', NULL, '/cj/prize', '127.0.0.1', '内网IP', '{\"remark\":\"\",\"params\":{},\"backImg\":\"data:image/jpeg;base64,/9j/4AAQSkZJRgABAQAAAQABAAD/2wBDAAIBAQEBAQIBAQECAgICAgQDAgICAgUEBAMEBgUGBgYFBgYGBwkIBgcJBwYGCAsICQoKCgoKBggLDAsKDAkKCgr/2wBDAQICAgICAgUDAwUKBwYHCgoKCgoKCgoKCgoKCgoKCgoKCgoKCgoKCgoKCgoKCgoKCgoKCgoKCgoKCgoKCgoKCgr/wAARCAC+AUwDASIAAhEBAxEB/8QAHwAAAQUBAQEBAQEAAAAAAAAAAAECAwQFBgcICQoL/8QAtRAAAgEDAwIEAwUFBAQAAAF9AQIDAAQRBRIhMUEGE1FhByJxFDKBkaEII0KxwRVS0fAkM2JyggkKFhcYGRolJicoKSo0NTY3ODk6Q0RFRkdISUpTVFVWV1hZWmNkZWZnaGlqc3R1dnd4eXqDhIWGh4iJipKTlJWWl5iZmqKjpKWmp6ipqrKztLW2t7i5usLDxMXGx8jJytLT1NXW19jZ2uHi4+Tl5ufo6erx8vP09fb3+Pn6/8QAHwEAAwEBAQEBAQEBAQAAAAAAAAECAwQFBgcICQoL/8QAtREAAgECBAQDBAcFBAQAAQJ3AAECAxEEBSExBhJBUQdhcRMiMoEIFEKRobHBCSMzUvAVYnLRChYkNOEl8RcYGRomJygpKjU2Nzg5OkNERUZHSElKU1RVVldYWVpjZGVmZ2hpanN0dXZ3eHl6goOEhYaHiImKkpOUlZaXmJmaoqOkpaanqKmqsrO0tba3uLm6wsPExcbHyMnK0tPU1dbX2Nna4uPk5ebn6Onq8vP09fb3+Pn6/9oADAMBAAIRAxEAPwD9/KKQyIBndRvX1oAWoppggLdcdqJJ1AOTVaebYcucKenvSbUdxXOY+IHx6+Ffwv1Sx0nxz4zstMl1HP2RryXYrkds1teFPH3grxtaLc+GfFunaoj8q1ncK/H4Gvjz9r7/AIJ6/Gv4p+Nrn4k/D34vwX3mSF4NB10tFDEP7m9d25fQbRj1rrv2A/2PvFvwSFz4/wDinbQ23iO5gNoNOsZ90Flb795CkEgszYJPoMcVv7On7JT5t/L/AIJ6VPB4aphnVVXVdLde2/4n1eFUDAUY9hUTXtovDyAfWsOz8c+HdV1G58N2V+PtVuPmBr4x/bZu/jT+0f8AEXxt+yn8M/Ek3h7WNPsNO1LQCd4jvLczbbmR5FACKgx3OTgcZryv7Rw9Sg6tCSmk2tH1W6LyvLP7RxXsqlRU47uT2Sulfptc+4dP8ReH9VP/ABKvENrc+1vdI/8AI1U1Lxz4W0nUP7N1LV4Le4I43+lfK3wC/Yh+M3w1vPBXjnW/i9BLq+hB08Q3MNoc6xbNGQIZSXGSrYcPg8qOOao/tH/sv/tQfGK9l0uDWbBLWd42hvxf+WtuBKpJkUZZgU3KAM8mt8PiFiI3tY58bhqGGq8lKpzrva36s+wtP1nS9aQNY3cFyvrG4J/KrZwoGBgdhXkf7JX7M0P7NXgt9GfxddazdXmyS9uZ8qnmhdpKLk7Qe/rXqGqakumWT6nqA2wwctjrXQcZcoqj4c8TaH4v0iDxB4c1GK7srqJZbW6gbKSxsMqwPuOavlSBkigB9FJvX1oLKvU0ALRQCCMiigAooooAKKKKACiiigAooooAKKKKACjpRSFlIxmgADAnApcgdTTUAHOapatqH2aPeD8uOtAF8jPBpNi1n6dqouEB9OtaCPu6jFAC0UUUAFFFFABRRRQAUUUUAcfpmr6p42+HYvgx027u7Unn/ljJXF/Avwt8V/gp8K5tH+MXxaPifUjezy/21eRmNY4mkLIjMeyggfhXqGkyaffQC906UyoccZwPyrgP2mLfxPffDO80Pw3ohv7nUUMGwdgf/wBVa0qaq1FBu1zy8TmGJynI5zaVSUI3emsmuy1tf5lDTf2h9Au/Ftt4N0/UIdTu3', '{\"msg\":\"操作成功\",\"code\":200}', 0, NULL, '2022-02-10 11:08:45');
INSERT INTO `sys_oper_log` VALUES (211, '奖品', 2, 'com.ruoyi.cj.controller.PrizeController.edit()', 'PUT', 1, 'admin', NULL, '/cj/prize', '127.0.0.1', '内网IP', '{\"remark\":\"没什么\",\"params\":{},\"backImg\":\"data:image/jpeg;base64,iVBORw0KGgoAAAANSUhEUgAAAGQAAAA/CAYAAAAWq21gAAAAAXNSR0IArs4c6QAAAARnQU1BAACxjwv8YQUAAAAJcEhZcwAADsQAAA7EAZUrDhsAADRjSURBVHhetX0JvF1Vee//zOOd59zc3MwhhEAIg4BBiKCgxVQErSZQC1ortYqKYCutRDu952t92tb2WaFaASlPGWRSSxGkgcgQUmLIcDPdmzvP5w5nnvr/f+ucmwTpz/7ek3Wyz1577bW+9a1v/tbe58bzWHd7Gf/fpYxy2QOv14OirjyAl20oe8EqSl6eeehG2cMePg/8JR/g8fCe+vk4ln3KJV6rzcNxJQTKQetb9hB+iYB8HMMKvwndxz6c08cbZS3Bx3Gci3cE0hXNrgv28/hd1StALOqs4i2gRDwNY85T0hBdEVfODKHp5X2tyUaWCwTBuXTlQLuzCuvlEnElHI2ullKpxKU6AGWtUXWusSy82b+ks3DweInFr7n4CFsLse/KJD5Rk02azOch8fmxhbNBLFN/T7nIriScjefBfmVe6J7avF6OI+J+tnsEk305yObxkNgay07wC6IWxkNEUF2HrZm9SS738ZB1PISfxlEmOB9haH4HljiqQgKSCR4C8PI64CM89vVROLwBjhXD2Kb+mkO0FgwjtionF96TYPqEF2mi9UisJMhliTJpIBr9GkoFi5OKFg0tWMw4+baQqTYIaeOMO7hkEqVCSH6EnIhS4G1bqArPBsquVaNWco68GFqhiEnjwgAVtolmRrfKp9JFdZPWyjgvDx9xMMky6SJOrTVIh0MIERHKOsoBaY6T+upHGi7COgEQHAkB+1M7VMSg6kcc1+oMT06lcT5aAuHHf29GEYo6CRnWJH4mbRXEeBgyZip01mG3ra6xPrWpjy1OLb9cDIar2IxmjbReXVeOym13rU+1btfupkTBLniIODKTIrCPFMplM2j42Idx3t3fhPfdlyFfE4E/n0MYeWoKRciY4A5R1Myt1QVasE/crx66qe8Kb8zMWZvu/3p8CIGSyFqEJinypAklDd4yzQn5XhLyOgsD3vTRBDm7KQZJSJ0psJsmKjwbnIokCZ76cY7qXAtz6h4PjySS8KptrvCOBILwSly4lz5McAymVRxuRTcFTZ60xeHlz5cxtrwW1/zzfSgG2xHg/ZnJMbzynW9g+pkfIzo+jyBbvd6Q+RRClkugWlN7ZBx0XWRda3ldKRfVV/p2gl5asG9rfXy71X8NZYFwPJnUqcKzh06gLNuvj2ww+wlZXQv/6jjZV7WWzJFLYoiiM+4GSkzjbde3OkawbB5XzH9UpNRporWaZTQfoRmNatbMf7xHsAKh+EAOXIP4jflCHo0f/hCWbng7+UNYJGAoFsfyizZj8ZVbkGpsQWp8nMcoBaxA/yZY5sVsDufLVK3Mx1LFW2g4GmhuIaD+xObN0RCBJFqiApvkDEt0vELUBTd0ZuxrjttI4saLWVJ53rCFeKhdZkJshINfjVhO1hC3SB68dhGaKwsMscWzEL63wgx9V8cVqSEmAGyUoxU7fPRJv6j34mOP/Ss8/ka2cC5zB4oEpetuFjUNvPIU9n/r/yL3i90IpgoI+J0lkKAU1V/McRhUcCIdKr5FWl2ktWAL235tTv2Xi5MoLtDN64qtgY0ON0NYF0YYtz4bp2Ind5vEqgzghZdMNIdZAaIFql1dK6y1turCJfoGinX5aFbs0LUdbFLRFLKYaqGCYiKfQveWy0hcMcO1L4zlx83vTM6SjZfhin/4Js77l2+j5rotmPH5kZvJUCPzhMnIz+aqCs6JYpfWJFiahX3eLB/iJE03eMEQUbG3nLMFVbynsNEYor782HhKsC3TzJoQ9ltYaAxhXy3INKIyn4ot0ubjF/uZaeIta9cwg8j7FU06ZZwKLwvihHAiZLUWee9QHLj23vvQ2L', '{\"msg\":\"操作成功\",\"code\":200}', 0, NULL, '2022-02-12 22:22:19');
INSERT INTO `sys_oper_log` VALUES (212, '奖品', 2, 'com.ruoyi.cj.controller.PrizeController.edit()', 'PUT', 1, 'admin', NULL, '/cj/prize', '127.0.0.1', '内网IP', '{\"remark\":\"这个奖最好\",\"params\":{},\"backImg\":\"data:image/jpeg;base64,/9j/4AAQSkZJRgABAQAAAQABAAD/2wBDAAIBAQEBAQIBAQECAgICAgQDAgICAgUEBAMEBgUGBgYFBgYGBwkIBgcJBwYGCAsICQoKCgoKBggLDAsKDAkKCgr/2wBDAQICAgICAgUDAwUKBwYHCgoKCgoKCgoKCgoKCgoKCgoKCgoKCgoKCgoKCgoKCgoKCgoKCgoKCgoKCgoKCgoKCgr/wAARCAC+AUwDASIAAhEBAxEB/8QAHwAAAQUBAQEBAQEAAAAAAAAAAAECAwQFBgcICQoL/8QAtRAAAgEDAwIEAwUFBAQAAAF9AQIDAAQRBRIhMUEGE1FhByJxFDKBkaEII0KxwRVS0fAkM2JyggkKFhcYGRolJicoKSo0NTY3ODk6Q0RFRkdISUpTVFVWV1hZWmNkZWZnaGlqc3R1dnd4eXqDhIWGh4iJipKTlJWWl5iZmqKjpKWmp6ipqrKztLW2t7i5usLDxMXGx8jJytLT1NXW19jZ2uHi4+Tl5ufo6erx8vP09fb3+Pn6/8QAHwEAAwEBAQEBAQEBAQAAAAAAAAECAwQFBgcICQoL/8QAtREAAgECBAQDBAcFBAQAAQJ3AAECAxEEBSExBhJBUQdhcRMiMoEIFEKRobHBCSMzUvAVYnLRChYkNOEl8RcYGRomJygpKjU2Nzg5OkNERUZHSElKU1RVVldYWVpjZGVmZ2hpanN0dXZ3eHl6goOEhYaHiImKkpOUlZaXmJmaoqOkpaanqKmqsrO0tba3uLm6wsPExcbHyMnK0tPU1dbX2Nna4uPk5ebn6Onq8vP09fb3+Pn6/9oADAMBAAIRAxEAPwD9/KKQyIBndRvX1oAWoppggLdcdqJJ1AOTVaebYcucKenvSbUdxXOY+IHx6+Ffwv1Sx0nxz4zstMl1HP2RryXYrkds1teFPH3grxtaLc+GfFunaoj8q1ncK/H4Gvjz9r7/AIJ6/Gv4p+Nrn4k/D34vwX3mSF4NB10tFDEP7m9d25fQbRj1rrv2A/2PvFvwSFz4/wDinbQ23iO5gNoNOsZ90Flb795CkEgszYJPoMcVv7On7JT5t/L/AIJ6VPB4aphnVVXVdLde2/4n1eFUDAUY9hUTXtovDyAfWsOz8c+HdV1G58N2V+PtVuPmBr4x/bZu/jT+0f8AEXxt+yn8M/Ek3h7WNPsNO1LQCd4jvLczbbmR5FACKgx3OTgcZryv7Rw9Sg6tCSmk2tH1W6LyvLP7RxXsqlRU47uT2Sulfptc+4dP8ReH9VP/ABKvENrc+1vdI/8AI1U1Lxz4W0nUP7N1LV4Le4I43+lfK3wC/Yh+M3w1vPBXjnW/i9BLq+hB08Q3MNoc6xbNGQIZSXGSrYcPg8qOOao/tH/sv/tQfGK9l0uDWbBLWd42hvxf+WtuBKpJkUZZgU3KAM8mt8PiFiI3tY58bhqGGq8lKpzrva36s+wtP1nS9aQNY3cFyvrG4J/KrZwoGBgdhXkf7JX7M0P7NXgt9GfxddazdXmyS9uZ8qnmhdpKLk7Qe/rXqGqakumWT6nqA2wwctjrXQcZcoqj4c8TaH4v0iDxB4c1GK7srqJZbW6gbKSxsMqwPuOavlSBkigB9FJvX1oLKvU0ALRQCCMiigAooooAKKKKACiiigAooooAKKKKACjpRSFlIxmgADAnApcgdTTUAHOapatqH2aPeD8uOtAF8jPBpNi1n6dqouEB9OtaCPu6jFAC0UUUAFFFFABRRRQAUUUUAcfpmr6p42+HYvgx027u7Unn/ljJXF/Avwt8V/gp8K5tH+MXxaPifUjezy/21eRmNY4mkLIjMeyggfhXqGkyaffQC906UyoccZwPyrgP2mLfxPffDO80Pw3ohv7nUUMGwdgf/wBVa0qaq1FBu1zy8TmGJynI5zaVSUI3emsmuy1tf5lDTf2h9Au/Ftt4N0/U', '{\"msg\":\"操作成功\",\"code\":200}', 0, NULL, '2022-02-12 22:22:33');
INSERT INTO `sys_oper_log` VALUES (213, '奖品', 2, 'com.ruoyi.cj.controller.PrizeController.edit()', 'PUT', 1, 'admin', NULL, '/cj/prize', '127.0.0.1', '内网IP', '{\"remark\":\"\",\"params\":{},\"backImg\":\"data:image/jpeg;base64,iVBORw0KGgoAAAANSUhEUgAAAFAAAABQCAYAAACOEfKtAAAAAXNSR0IArs4c6QAAAARnQU1BAACxjwv8YQUAAAAJcEhZcwAADsQAAA7EAZUrDhsAAES5SURBVHheZb0HlGzZdZ73162cq7o6x/f65fzmTc6DGcwgEMSAIBgAMMgUJZqW7GVbNiXTslbL0hKxaJsKFkmQpklZEmiSGAMkQWRgMHkwCfPm5dw5d1fOdavK37794GUv97zqrrp177nn7P3vf//73HPv+F7+naf6teq28oUttVpVlRt9nV/q69rtrsq1niK9nrK+oOJtKV7rKNMNSOqr4O9pNdhXkY/+bFD9gKNyvaV2l8+OT/xTJBxQv9uT2+8rnuhreDClh44d1qOHR5VOJxWMBBT0Owqwc8Dvl+M48vl8vDgDx/j8e+9pzWvPvnPYzgZ60FOv1+fv///HjrWdvHbYp9ejU/z12f4+3ttRXR/ve7ztqNeqqV3b4W/dWmXXBt+7qlfXVCv3Val2dWHR0dVV2nJpx+uLNBIL0B+3rWaroW6v5XWq0uppfaertYqrGsarR33aSvl0M93Txai0LFdlv1SM+7Qbk9w4Aw/RP+sUxgxiNPkC6jIIx/HLh1Fa7Z52d/paWWlpYWldC7tbKnZrDKTHMG1AHM1gzBy9Pn/7XUxm3/ENPfV5DnHEadVz2Me+4JPfvrOR8L1tst/2nzmCf3xng9079sff9dne55ev7zXCd3sGsaPltz7z8va3TRyBwflI/3jPieke2x21m9J9P/EhOfVaQc1GmQG7cruOqhiu26Hz5mh67Ach1sEOn7f5vBKRWqAv4foUN0cGfGrwZb3ZMTuAPhDFfgE7Kz9dnGC2tRNXqx1dnl/XN9+/oSs3ltQoVzFGj326anda3l/78VBgo9rziWfMvhkapwQYvGODseY5l3c+OmqOslH/GMHWiq+LMTjSkGfG5gPt+TiGbaCbf7RlW4gUGtxDX88zqvptzwZsoh1ebpe3GNbz4p4jQr51OY12iZ2tcwF1OGGXt36MQtQSegKdGK/pl9uis2zrDoKZGJ8J31CIVuhMvdkFZfZZOjIVUW6QcwRBHp1uMABr564lVKr4NX+rros3trVawYCEUKtTV61aULtd3jMUPe/aO/7aofYyxPTtsxmJLd7LM9jey/FQam/sGDvCO8gzgoU93+zt6DX2YyfcdYSh/24EeLt5vznGjIfBsLGHejNTD5D5g11NTDO+ldtyEvERJZJDCgai8JcDEkNmdKMMdeA9F8P0MGwo2NHocFjJVFjLSfgv0VMDNHpDMTti9LGJlO49NKFz+6Z1aDSm2eGIBqKEuHXCesV+xoeNRld3tvK6tralQr6sZq2oZj2vTqfqcVbXeLNDRLQ7cvE8JOaNysLIhtg3Y/5/XnztWdZ2MtSxv22z0Xvb98ZjP14ogjKLDJ8h3hDjjdi1b60h749j7d41oFFUn/H14MVwmJwAQNJJvwr9tJx4IgOZxzxCbnVIHHVXDYxm7XAMhuXl7yqT8SsC5jvsU3fpQJRuhkAi57VBO/BHqQiy1orq4NmPnTuiD53ar9HBtGIkCz8dcqyfdLZDR/LbLV27fkM3r95WtZCHNlqeo3yQu4WLfXZ59buEEiOy9n2WaDz03H0Rtj9+WQgbf/lou4/xPeNgJOPTniHXowCiy/Ok2dQMZ/ayTnFOONUH5PbCms+GSGuPfvONh+JI2FF2yK9EOqwUSXCUv06n21KzWVO93lC12dYO6HDhwKkBaSIn5TJ9DQx04R4QV25pZxOuoyNxkOUHWi5p1/rqJ+Z3SD4XLu9odWNHiWxcIxgvEXOUiQRFwsIBfQUhFKIbw/S1u+vTRpXzM+Aucd5ttdVBCXQ7HfVdDOrWAQYGsRMyDIs279fdl5dt7St+7A9+440ht+4Z3jOa/TaHeMa8i0zvG', '{\"msg\":\"操作成功\",\"code\":200}', 0, NULL, '2022-02-12 22:23:00');

-- ----------------------------
-- Table structure for sys_post
-- ----------------------------
DROP TABLE IF EXISTS `sys_post`;
CREATE TABLE `sys_post`  (
  `post_id` bigint(0) NOT NULL AUTO_INCREMENT COMMENT '岗位ID',
  `post_code` varchar(64) CHARACTER SET utf8mb4 COLLATE utf8mb4_0900_ai_ci NOT NULL COMMENT '岗位编码',
  `post_name` varchar(50) CHARACTER SET utf8mb4 COLLATE utf8mb4_0900_ai_ci NOT NULL COMMENT '岗位名称',
  `post_sort` int(0) NOT NULL COMMENT '显示顺序',
  `status` char(1) CHARACTER SET utf8mb4 COLLATE utf8mb4_0900_ai_ci NOT NULL COMMENT '状态（0正常 1停用）',
  `create_by` varchar(64) CHARACTER SET utf8mb4 COLLATE utf8mb4_0900_ai_ci NULL DEFAULT '' COMMENT '创建者',
  `create_time` datetime(0) NULL DEFAULT NULL COMMENT '创建时间',
  `update_by` varchar(64) CHARACTER SET utf8mb4 COLLATE utf8mb4_0900_ai_ci NULL DEFAULT '' COMMENT '更新者',
  `update_time` datetime(0) NULL DEFAULT NULL COMMENT '更新时间',
  `remark` varchar(500) CHARACTER SET utf8mb4 COLLATE utf8mb4_0900_ai_ci NULL DEFAULT NULL COMMENT '备注',
  PRIMARY KEY (`post_id`) USING BTREE
) ENGINE = InnoDB AUTO_INCREMENT = 4 CHARACTER SET = utf8mb4 COLLATE = utf8mb4_0900_ai_ci COMMENT = '岗位信息表' ROW_FORMAT = Dynamic;

-- ----------------------------
-- Records of sys_post
-- ----------------------------
INSERT INTO `sys_post` VALUES (1, 'ceo', '董事长', 1, '0', 'admin', '2022-01-23 22:49:07', '', NULL, '');
INSERT INTO `sys_post` VALUES (2, 'se', '项目经理', 2, '0', 'admin', '2022-01-23 22:49:07', '', NULL, '');
INSERT INTO `sys_post` VALUES (3, 'hr', '人力资源', 3, '0', 'admin', '2022-01-23 22:49:07', '', NULL, '');
INSERT INTO `sys_post` VALUES (4, 'user', '普通员工', 4, '0', 'admin', '2022-01-23 22:49:07', '', NULL, '');

-- ----------------------------
-- Table structure for sys_role
-- ----------------------------
DROP TABLE IF EXISTS `sys_role`;
CREATE TABLE `sys_role`  (
  `role_id` bigint(0) NOT NULL AUTO_INCREMENT COMMENT '角色ID',
  `role_name` varchar(30) CHARACTER SET utf8mb4 COLLATE utf8mb4_0900_ai_ci NOT NULL COMMENT '角色名称',
  `role_key` varchar(100) CHARACTER SET utf8mb4 COLLATE utf8mb4_0900_ai_ci NOT NULL COMMENT '角色权限字符串',
  `role_sort` int(0) NOT NULL COMMENT '显示顺序',
  `data_scope` char(1) CHARACTER SET utf8mb4 COLLATE utf8mb4_0900_ai_ci NULL DEFAULT '1' COMMENT '数据范围（1：全部数据权限 2：自定数据权限 3：本部门数据权限 4：本部门及以下数据权限）',
  `menu_check_strictly` tinyint(1) NULL DEFAULT 1 COMMENT '菜单树选择项是否关联显示',
  `dept_check_strictly` tinyint(1) NULL DEFAULT 1 COMMENT '部门树选择项是否关联显示',
  `status` char(1) CHARACTER SET utf8mb4 COLLATE utf8mb4_0900_ai_ci NOT NULL COMMENT '角色状态（0正常 1停用）',
  `del_flag` char(1) CHARACTER SET utf8mb4 COLLATE utf8mb4_0900_ai_ci NULL DEFAULT '0' COMMENT '删除标志（0代表存在 2代表删除）',
  `create_by` varchar(64) CHARACTER SET utf8mb4 COLLATE utf8mb4_0900_ai_ci NULL DEFAULT '' COMMENT '创建者',
  `create_time` datetime(0) NULL DEFAULT NULL COMMENT '创建时间',
  `update_by` varchar(64) CHARACTER SET utf8mb4 COLLATE utf8mb4_0900_ai_ci NULL DEFAULT '' COMMENT '更新者',
  `update_time` datetime(0) NULL DEFAULT NULL COMMENT '更新时间',
  `remark` varchar(500) CHARACTER SET utf8mb4 COLLATE utf8mb4_0900_ai_ci NULL DEFAULT NULL COMMENT '备注',
  PRIMARY KEY (`role_id`) USING BTREE
) ENGINE = InnoDB AUTO_INCREMENT = 100 CHARACTER SET = utf8mb4 COLLATE = utf8mb4_0900_ai_ci COMMENT = '角色信息表' ROW_FORMAT = Dynamic;

-- ----------------------------
-- Records of sys_role
-- ----------------------------
INSERT INTO `sys_role` VALUES (1, '超级管理员', 'admin', 1, '1', 1, 1, '0', '0', 'admin', '2022-01-23 22:49:07', '', NULL, '超级管理员');
INSERT INTO `sys_role` VALUES (2, '普通角色', 'common', 2, '2', 1, 1, '0', '0', 'admin', '2022-01-23 22:49:07', '', NULL, '普通角色');

-- ----------------------------
-- Table structure for sys_role_dept
-- ----------------------------
DROP TABLE IF EXISTS `sys_role_dept`;
CREATE TABLE `sys_role_dept`  (
  `role_id` bigint(0) NOT NULL COMMENT '角色ID',
  `dept_id` bigint(0) NOT NULL COMMENT '部门ID',
  PRIMARY KEY (`role_id`, `dept_id`) USING BTREE
) ENGINE = InnoDB CHARACTER SET = utf8mb4 COLLATE = utf8mb4_0900_ai_ci COMMENT = '角色和部门关联表' ROW_FORMAT = Dynamic;

-- ----------------------------
-- Records of sys_role_dept
-- ----------------------------
INSERT INTO `sys_role_dept` VALUES (2, 100);
INSERT INTO `sys_role_dept` VALUES (2, 101);
INSERT INTO `sys_role_dept` VALUES (2, 105);

-- ----------------------------
-- Table structure for sys_role_menu
-- ----------------------------
DROP TABLE IF EXISTS `sys_role_menu`;
CREATE TABLE `sys_role_menu`  (
  `role_id` bigint(0) NOT NULL COMMENT '角色ID',
  `menu_id` bigint(0) NOT NULL COMMENT '菜单ID',
  PRIMARY KEY (`role_id`, `menu_id`) USING BTREE
) ENGINE = InnoDB CHARACTER SET = utf8mb4 COLLATE = utf8mb4_0900_ai_ci COMMENT = '角色和菜单关联表' ROW_FORMAT = Dynamic;

-- ----------------------------
-- Records of sys_role_menu
-- ----------------------------
INSERT INTO `sys_role_menu` VALUES (2, 1);
INSERT INTO `sys_role_menu` VALUES (2, 2);
INSERT INTO `sys_role_menu` VALUES (2, 3);
INSERT INTO `sys_role_menu` VALUES (2, 4);
INSERT INTO `sys_role_menu` VALUES (2, 100);
INSERT INTO `sys_role_menu` VALUES (2, 101);
INSERT INTO `sys_role_menu` VALUES (2, 102);
INSERT INTO `sys_role_menu` VALUES (2, 103);
INSERT INTO `sys_role_menu` VALUES (2, 104);
INSERT INTO `sys_role_menu` VALUES (2, 105);
INSERT INTO `sys_role_menu` VALUES (2, 106);
INSERT INTO `sys_role_menu` VALUES (2, 107);
INSERT INTO `sys_role_menu` VALUES (2, 108);
INSERT INTO `sys_role_menu` VALUES (2, 109);
INSERT INTO `sys_role_menu` VALUES (2, 110);
INSERT INTO `sys_role_menu` VALUES (2, 111);
INSERT INTO `sys_role_menu` VALUES (2, 112);
INSERT INTO `sys_role_menu` VALUES (2, 113);
INSERT INTO `sys_role_menu` VALUES (2, 114);
INSERT INTO `sys_role_menu` VALUES (2, 115);
INSERT INTO `sys_role_menu` VALUES (2, 116);
INSERT INTO `sys_role_menu` VALUES (2, 500);
INSERT INTO `sys_role_menu` VALUES (2, 501);
INSERT INTO `sys_role_menu` VALUES (2, 1000);
INSERT INTO `sys_role_menu` VALUES (2, 1001);
INSERT INTO `sys_role_menu` VALUES (2, 1002);
INSERT INTO `sys_role_menu` VALUES (2, 1003);
INSERT INTO `sys_role_menu` VALUES (2, 1004);
INSERT INTO `sys_role_menu` VALUES (2, 1005);
INSERT INTO `sys_role_menu` VALUES (2, 1006);
INSERT INTO `sys_role_menu` VALUES (2, 1007);
INSERT INTO `sys_role_menu` VALUES (2, 1008);
INSERT INTO `sys_role_menu` VALUES (2, 1009);
INSERT INTO `sys_role_menu` VALUES (2, 1010);
INSERT INTO `sys_role_menu` VALUES (2, 1011);
INSERT INTO `sys_role_menu` VALUES (2, 1012);
INSERT INTO `sys_role_menu` VALUES (2, 1013);
INSERT INTO `sys_role_menu` VALUES (2, 1014);
INSERT INTO `sys_role_menu` VALUES (2, 1015);
INSERT INTO `sys_role_menu` VALUES (2, 1016);
INSERT INTO `sys_role_menu` VALUES (2, 1017);
INSERT INTO `sys_role_menu` VALUES (2, 1018);
INSERT INTO `sys_role_menu` VALUES (2, 1019);
INSERT INTO `sys_role_menu` VALUES (2, 1020);
INSERT INTO `sys_role_menu` VALUES (2, 1021);
INSERT INTO `sys_role_menu` VALUES (2, 1022);
INSERT INTO `sys_role_menu` VALUES (2, 1023);
INSERT INTO `sys_role_menu` VALUES (2, 1024);
INSERT INTO `sys_role_menu` VALUES (2, 1025);
INSERT INTO `sys_role_menu` VALUES (2, 1026);
INSERT INTO `sys_role_menu` VALUES (2, 1027);
INSERT INTO `sys_role_menu` VALUES (2, 1028);
INSERT INTO `sys_role_menu` VALUES (2, 1029);
INSERT INTO `sys_role_menu` VALUES (2, 1030);
INSERT INTO `sys_role_menu` VALUES (2, 1031);
INSERT INTO `sys_role_menu` VALUES (2, 1032);
INSERT INTO `sys_role_menu` VALUES (2, 1033);
INSERT INTO `sys_role_menu` VALUES (2, 1034);
INSERT INTO `sys_role_menu` VALUES (2, 1035);
INSERT INTO `sys_role_menu` VALUES (2, 1036);
INSERT INTO `sys_role_menu` VALUES (2, 1037);
INSERT INTO `sys_role_menu` VALUES (2, 1038);
INSERT INTO `sys_role_menu` VALUES (2, 1039);
INSERT INTO `sys_role_menu` VALUES (2, 1040);
INSERT INTO `sys_role_menu` VALUES (2, 1041);
INSERT INTO `sys_role_menu` VALUES (2, 1042);
INSERT INTO `sys_role_menu` VALUES (2, 1043);
INSERT INTO `sys_role_menu` VALUES (2, 1044);
INSERT INTO `sys_role_menu` VALUES (2, 1045);
INSERT INTO `sys_role_menu` VALUES (2, 1046);
INSERT INTO `sys_role_menu` VALUES (2, 1047);
INSERT INTO `sys_role_menu` VALUES (2, 1048);
INSERT INTO `sys_role_menu` VALUES (2, 1049);
INSERT INTO `sys_role_menu` VALUES (2, 1050);
INSERT INTO `sys_role_menu` VALUES (2, 1051);
INSERT INTO `sys_role_menu` VALUES (2, 1052);
INSERT INTO `sys_role_menu` VALUES (2, 1053);
INSERT INTO `sys_role_menu` VALUES (2, 1054);
INSERT INTO `sys_role_menu` VALUES (2, 1055);
INSERT INTO `sys_role_menu` VALUES (2, 1056);
INSERT INTO `sys_role_menu` VALUES (2, 1057);
INSERT INTO `sys_role_menu` VALUES (2, 1058);
INSERT INTO `sys_role_menu` VALUES (2, 1059);
INSERT INTO `sys_role_menu` VALUES (2, 1060);

-- ----------------------------
-- Table structure for sys_user
-- ----------------------------
DROP TABLE IF EXISTS `sys_user`;
CREATE TABLE `sys_user`  (
  `user_id` bigint(0) NOT NULL AUTO_INCREMENT COMMENT '用户ID',
  `dept_id` bigint(0) NULL DEFAULT NULL COMMENT '部门ID',
  `user_name` varchar(30) CHARACTER SET utf8mb4 COLLATE utf8mb4_0900_ai_ci NOT NULL COMMENT '用户账号',
  `nick_name` varchar(30) CHARACTER SET utf8mb4 COLLATE utf8mb4_0900_ai_ci NOT NULL COMMENT '用户昵称',
  `user_type` varchar(2) CHARACTER SET utf8mb4 COLLATE utf8mb4_0900_ai_ci NULL DEFAULT '00' COMMENT '用户类型（00系统用户）',
  `email` varchar(50) CHARACTER SET utf8mb4 COLLATE utf8mb4_0900_ai_ci NULL DEFAULT '' COMMENT '用户邮箱',
  `phonenumber` varchar(11) CHARACTER SET utf8mb4 COLLATE utf8mb4_0900_ai_ci NULL DEFAULT '' COMMENT '手机号码',
  `sex` char(1) CHARACTER SET utf8mb4 COLLATE utf8mb4_0900_ai_ci NULL DEFAULT '0' COMMENT '用户性别（0男 1女 2未知）',
  `avatar` varchar(100) CHARACTER SET utf8mb4 COLLATE utf8mb4_0900_ai_ci NULL DEFAULT '' COMMENT '头像地址',
  `password` varchar(100) CHARACTER SET utf8mb4 COLLATE utf8mb4_0900_ai_ci NULL DEFAULT '' COMMENT '密码',
  `status` char(1) CHARACTER SET utf8mb4 COLLATE utf8mb4_0900_ai_ci NULL DEFAULT '0' COMMENT '帐号状态（0正常 1停用）',
  `del_flag` char(1) CHARACTER SET utf8mb4 COLLATE utf8mb4_0900_ai_ci NULL DEFAULT '0' COMMENT '删除标志（0代表存在 2代表删除）',
  `login_ip` varchar(128) CHARACTER SET utf8mb4 COLLATE utf8mb4_0900_ai_ci NULL DEFAULT '' COMMENT '最后登录IP',
  `login_date` datetime(0) NULL DEFAULT NULL COMMENT '最后登录时间',
  `create_by` varchar(64) CHARACTER SET utf8mb4 COLLATE utf8mb4_0900_ai_ci NULL DEFAULT '' COMMENT '创建者',
  `create_time` datetime(0) NULL DEFAULT NULL COMMENT '创建时间',
  `update_by` varchar(64) CHARACTER SET utf8mb4 COLLATE utf8mb4_0900_ai_ci NULL DEFAULT '' COMMENT '更新者',
  `update_time` datetime(0) NULL DEFAULT NULL COMMENT '更新时间',
  `remark` varchar(500) CHARACTER SET utf8mb4 COLLATE utf8mb4_0900_ai_ci NULL DEFAULT NULL COMMENT '备注',
  PRIMARY KEY (`user_id`) USING BTREE
) ENGINE = InnoDB AUTO_INCREMENT = 100 CHARACTER SET = utf8mb4 COLLATE = utf8mb4_0900_ai_ci COMMENT = '用户信息表' ROW_FORMAT = Dynamic;

-- ----------------------------
-- Records of sys_user
-- ----------------------------
INSERT INTO `sys_user` VALUES (1, 103, 'admin', '若依', '00', 'ry@163.com', '15888888888', '1', '/profile/avatar/2022/01/23/022cdf28-1499-4bba-afd4-d1f6be256984.jpeg', '$2a$10$7JB720yubVSZvUI0rEqK/.VqGOZTH.ulu33dHOiBE8ByOhJIrdAu2', '0', '0', '127.0.0.1', '2022-02-12 22:21:24', 'admin', '2022-01-23 22:49:07', '', '2022-02-12 22:21:24', '管理员');
INSERT INTO `sys_user` VALUES (2, 105, 'ry', '若依', '00', 'ry@qq.com', '15666666666', '1', '', '$2a$10$7JB720yubVSZvUI0rEqK/.VqGOZTH.ulu33dHOiBE8ByOhJIrdAu2', '0', '0', '127.0.0.1', '2022-01-23 22:49:07', 'admin', '2022-01-23 22:49:07', '', NULL, '测试员');

-- ----------------------------
-- Table structure for sys_user_post
-- ----------------------------
DROP TABLE IF EXISTS `sys_user_post`;
CREATE TABLE `sys_user_post`  (
  `user_id` bigint(0) NOT NULL COMMENT '用户ID',
  `post_id` bigint(0) NOT NULL COMMENT '岗位ID',
  PRIMARY KEY (`user_id`, `post_id`) USING BTREE
) ENGINE = InnoDB CHARACTER SET = utf8mb4 COLLATE = utf8mb4_0900_ai_ci COMMENT = '用户与岗位关联表' ROW_FORMAT = Dynamic;

-- ----------------------------
-- Records of sys_user_post
-- ----------------------------
INSERT INTO `sys_user_post` VALUES (1, 1);
INSERT INTO `sys_user_post` VALUES (2, 2);

-- ----------------------------
-- Table structure for sys_user_role
-- ----------------------------
DROP TABLE IF EXISTS `sys_user_role`;
CREATE TABLE `sys_user_role`  (
  `user_id` bigint(0) NOT NULL COMMENT '用户ID',
  `role_id` bigint(0) NOT NULL COMMENT '角色ID',
  PRIMARY KEY (`user_id`, `role_id`) USING BTREE
) ENGINE = InnoDB CHARACTER SET = utf8mb4 COLLATE = utf8mb4_0900_ai_ci COMMENT = '用户和角色关联表' ROW_FORMAT = Dynamic;

-- ----------------------------
-- Records of sys_user_role
-- ----------------------------
INSERT INTO `sys_user_role` VALUES (1, 1);
INSERT INTO `sys_user_role` VALUES (2, 2);

SET FOREIGN_KEY_CHECKS = 1;
